@0
0008 0000 0004 0000
@20000
46fc
2700
2e7c
0008
0000
41f9
0005
e678
43f9
0006
c674
b1c9
6404
4298
60f8
41f9
0005
e678
23c8
0006
7c78
4eb9
0004
0bd0
33fc
600d
00f0
0000
60fe
0000
226f
000c
202f
0008
720e
e3a8
206f
0004
d0a8
0004
41f8
0000
11b1
8800
0800
5288
b0fc
4000
66f2
4240
4e75
906a
775f
6261
636b
656e
645f
7772
6974
6500
0000
0000
4240
4e75
8c65
6a65
6374
5f66
6c6f
7070
7900
0000
2f0a
246f
0008
202a
400c
43ea
000c
0c80
0000
3fff
6212
41f2
080c
200a
0680
0000
400c
4218
b088
66fa
2f09
202a
4010
720e
e2a8
2f00
2f0a
4eb9
0004
003c
defc
000c
4a40
670a
4a6a
4014
6604
3540
4014
245f
4e75
9377
7269
7465
5f63
7572
7265
6e74
5f62
6174
6368
0000
206f
0004
4280
4230
0800
5280
0c80
0000
4016
66f2
4878
000c
2f2f
000c
2f08
4eb9
0004
02c0
defc
000c
4e75
876a
775f
696e
6974
0000
2f0a
246f
0008
202a
400c
2200
d2aa
4010
b2aa
0008
642a
2200
5281
2541
400c
15af
000c
080c
0c80
0000
3fff
6614
2f0a
4eba
ff34
06aa
0000
4000
4010
42aa
400c
588f
245f
4e75
876a
775f
7075
7463
0000
2f0b
2f0a
246f
0010
47f9
0004
012c
1012
6606
245f
265f
4e75
528a
1f00
2f2f
000e
4e93
5c8f
60e8
4e75
876a
775f
7075
7473
0000
defc
ffe8
48e7
0032
202f
002c
6622
1f7c
0030
0018
4def
0019
45ef
0018
47f9
0004
012c
bdca
6258
4cdf
4c00
defc
0018
4e75
43ef
000d
41f8
0000
2449
5288
2400
4c3c
2401
cccc
cccd
e689
2401
e58a
d481
d482
2640
97c2
340b
0602
0030
12c2
2400
2001
7209
b282
65d4
43ef
0018
2008
5380
12f2
0800
4a80
66f6
4def
0018
ddc8
609a
1f1a
2f2f
002a
4e93
5c8f
6098
4e75
886a
775f
7075
7475
6c00
0000
206f
0004
4aa8
400c
6708
2f48
0004
6000
fe3c
4e75
8e6a
775f
636f
6d6d
6974
5f6c
696e
6500
0000
2f0a
246f
0008
4aaa
400c
6714
2f0a
4eba
fe16
06aa
0000
4000
4010
42aa
400c
588f
245f
4e75
886a
775f
666c
7573
6800
0000
0000
202f
0004
2200
d2af
000c
2040
b288
6602
4e75
10ef
000b
60f4
4e75
866d
656d
7365
7400
0000
202f
0004
206f
0008
4281
b2af
000c
6602
4e75
2240
13b0
1800
1800
5281
60ec
4e75
866d
656d
6370
7900
0000
0000
7050
4e75
9164
6973
706c
6179
5f72
6f77
5f62
7974
6573
0000
102f
0008
0600
ffe0
0c00
005e
6306
1f7c
003f
0008
102f
0008
0600
ffe0
49c0
43f0
0fb0
0004
13f2
206f
0004
4280
1231
0800
4601
1081
5280
d0fc
0050
7208
b280
66ec
4e75
8e70
6169
6e74
5f67
6c79
7068
5f61
7400
0000
48e7
0038
222f
0010
2039
0006
7c78
672c
2401
e58a
d282
e989
2641
d0af
0014
d7c0
45f8
0000
49f9
0004
0304
b5ef
001c
6612
49f9
0004
0304
b5ef
001c
651e
4cdf
1c00
4e75
206f
0018
1030
a800
67e4
1f00
4873
a800
4e94
528a
5c8f
60d0
1f3c
0020
4873
a800
4e94
528a
5c8f
60cc
4e75
8c70
6169
6e74
5f73
7472
696e
6700
0000
222f
0004
2079
0006
7c78
4a88
670e
2001
e588
d081
e988
d088
b088
6602
4e75
72ff
20c1
60f4
4e75
8c64
6973
706c
6179
5f77
6970
6500
0000
0000
48e7
e0e0
4a79
0004
8318
6600
01ae
4e7a
8801
23c8
0004
8314
43f9
0006
7c7c
303c
00ff
22d8
51c8
fffc
43f9
0006
7c7c
237c
0004
0728
0008
237c
0004
0736
000c
237c
0004
0744
0010
237c
0004
0752
0014
237c
0004
0760
0018
237c
0004
076e
001c
237c
0004
077c
0020
237c
0004
078a
0024
237c
0004
0798
002c
237c
0004
07a6
0030
237c
0004
07b4
0034
237c
0004
07c2
0038
237c
0004
07d0
003c
41e9
0080
45f9
0006
807c
701f
24d8
51c8
fffc
237c
0004
07de
0080
237c
0004
07ec
0084
237c
0004
07fa
0088
237c
0004
0808
008c
237c
0004
0816
0090
237c
0004
0824
0094
237c
0004
0832
0098
237c
0004
0840
009c
237c
0004
084e
00a0
237c
0004
085c
00a4
237c
0004
086a
00a8
237c
0004
0878
00ac
237c
0004
0886
00b0
237c
0004
0894
00b4
237c
0004
08a2
00b8
237c
0004
08b0
00bc
237c
0004
08be
00c0
237c
0004
08cc
00c4
237c
0004
08da
00c8
237c
0004
08e8
00cc
237c
0004
08f6
00d0
237c
0004
0904
00d4
237c
0004
0912
00d8
237c
0004
0920
00dc
237c
0004
092e
00e0
237c
0004
093c
00e4
237c
0004
094a
00e8
237c
0004
0958
00ec
237c
0004
0966
00f0
237c
0004
0974
00f4
237c
0004
0982
00f8
237c
0004
0990
00fc
33fc
0001
0004
8318
41f9
0006
7c7c
4e7b
8801
4cdf
0707
4e75
2f08
2079
0004
8314
4e7b
8801
205f
4e75
2f08
4a79
0004
8318
6700
000c
41f9
0006
7c7c
4e7b
8801
205f
4e75
48e7
80c0
41f9
0006
807c
43f9
0006
7c7c
43e9
0080
701f
22d8
51c8
fffc
4cdf
0301
4e75
48e7
0040
43f9
0006
7c7c
237c
0004
07de
0080
237c
0004
07ec
0084
237c
0004
07fa
0088
237c
0004
0808
008c
237c
0004
0816
0090
237c
0004
0824
0094
237c
0004
0832
0098
237c
0004
0840
009c
237c
0004
084e
00a0
237c
0004
085c
00a4
237c
0004
086a
00a8
237c
0004
0878
00ac
237c
0004
0886
00b0
237c
0004
0894
00b4
237c
0004
08a2
00b8
237c
0004
08b0
00bc
237c
0004
08be
00c0
237c
0004
08cc
00c4
237c
0004
08da
00c8
237c
0004
08e8
00cc
237c
0004
08f6
00d0
237c
0004
0904
00d4
237c
0004
0912
00d8
237c
0004
0920
00dc
237c
0004
092e
00e0
237c
0004
093c
00e4
237c
0004
094a
00e8
237c
0004
0958
00ec
237c
0004
0966
00f0
237c
0004
0974
00f4
237c
0004
0982
00f8
237c
0004
0990
00fc
4cdf
0200
4e75
23fc
0000
0002
0004
830c
6000
026a
23fc
0000
0003
0004
830c
6000
025c
23fc
0000
0004
0004
830c
6000
024e
23fc
0000
0005
0004
830c
6000
0240
23fc
0000
0006
0004
830c
6000
0232
23fc
0000
0007
0004
830c
6000
0224
23fc
0000
0008
0004
830c
6000
0216
23fc
0000
0009
0004
830c
6000
0208
23fc
0000
000b
0004
830c
6000
01fa
23fc
0000
000c
0004
830c
6000
01ec
23fc
0000
000d
0004
830c
6000
01de
23fc
0000
000e
0004
830c
6000
01d0
23fc
0000
000f
0004
830c
6000
01c2
23fc
0000
0020
0004
830c
6000
01b4
23fc
0000
0021
0004
830c
6000
01a6
23fc
0000
0022
0004
830c
6000
0198
23fc
0000
0023
0004
830c
6000
018a
23fc
0000
0024
0004
830c
6000
017c
23fc
0000
0025
0004
830c
6000
016e
23fc
0000
0026
0004
830c
6000
0160
23fc
0000
0027
0004
830c
6000
0152
23fc
0000
0028
0004
830c
6000
0144
23fc
0000
0029
0004
830c
6000
0136
23fc
0000
002a
0004
830c
6000
0128
23fc
0000
002b
0004
830c
6000
011a
23fc
0000
002c
0004
830c
6000
010c
23fc
0000
002d
0004
830c
6000
00fe
23fc
0000
002e
0004
830c
6000
00f0
23fc
0000
002f
0004
830c
6000
00e2
23fc
0000
0030
0004
830c
6000
00d4
23fc
0000
0031
0004
830c
6000
00c6
23fc
0000
0032
0004
830c
6000
00b8
23fc
0000
0033
0004
830c
6000
00aa
23fc
0000
0034
0004
830c
6000
009c
23fc
0000
0035
0004
830c
6000
008e
23fc
0000
0036
0004
830c
6000
0080
23fc
0000
0037
0004
830c
6000
0072
23fc
0000
0038
0004
830c
6000
0064
23fc
0000
0039
0004
830c
6000
0056
23fc
0000
003a
0004
830c
6000
0048
23fc
0000
003b
0004
830c
6000
003a
23fc
0000
003c
0004
830c
6000
002c
23fc
0000
003d
0004
830c
6000
001e
23fc
0000
003e
0004
830c
6000
0010
23fc
0000
003f
0004
830c
6000
0002
2e79
0004
8304
46fc
2700
2039
0004
830c
2079
0004
8308
4ed0
48e7
3f3e
41fa
0016
23c8
0004
8308
23cf
0004
8304
206f
0030
4e90
7000
4cdf
7cfc
4e75
206f
0004
202f
0008
2200
7418
e4a9
1081
2200
4241
4841
1141
0001
2200
e089
1141
0002
1140
0003
2008
5880
4e75
8570
7574
5f6c
0000
48e7
1838
206f
0018
246f
001c
262f
0020
47fa
ffba
6618
10bc
0042
117c
fff9
0001
486a
0040
4868
0002
4e93
2040
508f
49ea
0020
4284
10bc
0023
1004
0000
ffc8
1140
0001
2f0c
4868
0002
4e93
2040
5284
588c
508f
7208
b284
66dc
4284
10bc
0023
1004
0000
ffc0
1140
0001
4280
3004
e588
4872
0800
4868
0002
4e93
2040
5284
508f
7208
b284
66d6
4284
49ea
0044
10bc
0023
117c
fff9
0001
4870
49b0
0006
c512
4868
0002
4e93
4874
4800
2f00
4e93
2040
5884
defc
0010
7240
b284
66d2
4a83
6720
10bc
0042
117c
fff9
0001
d4fc
0040
2f4a
001c
5488
2f48
0018
4cdf
1c18
6000
fef2
4cdf
1c18
4e75
8f65
6d69
745f
7374
6174
655f
6475
6d70
0000
defc
fff4
2f0e
2f03
206f
0018
222f
001c
665c
1f7c
0030
0009
7001
4a81
6628
2240
222f
0020
9280
4282
b481
6d46
4a81
6c02
4281
d1c1
d1c0
4a89
6642
4210
261f
2c5f
defc
000c
4e75
2601
4c3c
3402
cccc
cccd
e68a
2602
e58b
2243
d3c2
2609
d683
9283
0601
0030
1f81
0809
2202
5280
60ac
4280
60a8
11bc
0020
2800
5282
60ac
2c48
9dc9
5389
1cb1
f809
60ae
4e75
8e66
6f72
6d61
745f
6465
6369
6d61
6c00
0000
206f
0004
202f
0008
43e8
0008
720f
c280
1330
19b0
0004
16ea
e888
b3c8
66ee
4228
0008
4e75
8c66
6f72
6d61
745f
6865
7833
3200
0000
4e56
ffcc
48e7
1f38
4eb9
0004
040c
41f9
0000
0000
4a88
6702
4e90
3d79
0004
82f8
ffe4
3d79
0004
82fa
ffe6
2d79
0004
82fc
ffe8
2d79
0004
8300
ffec
486e
ffe4
4879
0006
80fc
4eb9
0004
00f8
4878
01e0
47f9
0004
03d4
4e93
4878
0028
4879
0004
1714
4878
0004
4878
0004
4eb9
0004
0358
4878
0005
4879
0004
1737
4878
0004
4878
0010
4eb9
0004
0358
defc
002c
4878
0002
4879
0004
173d
4878
000e
4878
0010
4eb9
0004
0358
45f9
0004
831c
defc
0010
42ae
ffd8
42ae
ffd4
42ae
ffd0
4287
76f0
d68e
5287
4a2a
007b
6600
049a
52ae
ffd0
4878
0004
2f07
2f03
4eba
fe5a
4878
0004
2f03
4878
0009
4878
0010
4eb9
0004
0358
4878
003c
2f12
4878
0010
4878
0010
4eb9
0004
0358
defc
002c
4280
4230
09b0
0006
c5e6
5280
0c80
0000
008c
66ee
4280
4230
09b0
0006
c55a
5280
0c80
0000
008c
66ee
4280
4230
09b0
0006
c512
5280
7240
b280
66f0
4a2a
0078
6718
41ea
0038
4280
11b0
0800
09b0
0006
c512
5280
7240
b280
66ee
4240
41f9
0006
c112
3200
e049
0001
0070
1081
5488
4228
ffff
0640
0200
0c40
1000
66e6
4242
41f9
0006
c122
4280
3202
0041
91c8
8240
3801
e04c
1084
5488
1141
ffff
5280
0642
0200
7206
b280
66e0
13fc
0070
0006
c12e
13fc
0005
0006
c12f
13fc
004e
0006
c130
13fc
007b
0006
c131
4239
0006
c132
4239
0006
c133
13fc
004e
0006
c134
13fc
007b
0006
c135
4239
0006
c136
13fc
0001
0006
c137
13fc
0070
0006
c138
4239
0006
c139
13fc
002c
0006
c13a
13fc
007c
0006
c13b
4879
0006
c512
4879
0006
c13c
4eba
fbea
2040
10bc
0044
117c
fffc
0001
4228
0002
43e8
0004
4228
0003
322a
0022
508f
6720
0281
0000
ffff
47ea
0004
4280
11b3
0800
0804
5280
b280
66f4
4280
302a
0022
d3c0
4878
0001
4879
0006
c5e6
2f09
47fa
fbce
4e93
23c0
0006
c556
4282
342a
0036
41ea
0024
defc
000c
4281
b282
6600
04e4
4281
322a
0036
d081
23c0
0006
c552
42a7
4879
0006
c55a
2f00
4e93
2040
10bc
004e
117c
0075
0001
f4f8
4e71
4879
0006
c112
4eb9
0004
09b6
2a00
46fc
2700
defc
0010
4a80
6700
04ac
2d79
0006
c556
ffe0
52ae
ffd8
2c3c
0006
c5e6
4878
0004
4879
0004
1740
4878
0004
4878
001c
4eb9
0004
0358
4878
0004
2f2e
ffd0
2f03
4eba
fc26
4878
0004
2f03
4878
0008
4878
001c
4eb9
0004
0358
defc
002c
4878
0003
4879
0004
1745
4878
000e
4878
001c
4eb9
0004
0358
4878
0004
2f2e
ffd4
2f03
4eba
fbe8
4878
0004
2f03
4878
0011
4878
001c
4eb9
0004
0358
defc
002c
4878
0005
4879
0004
1749
4878
0018
4878
001c
4eb9
0004
0358
4878
0004
2f2e
ffd8
2f03
4eba
fbaa
4878
0004
2f03
4878
001d
4878
001c
4eb9
0004
0358
defc
0028
2e85
2f03
4eba
fc26
4878
0008
4879
0004
174f
4878
0024
4878
001c
4eb9
0004
0358
4878
0002
486e
fff6
4878
002c
4878
001c
4eb9
0004
0358
defc
0028
1f3c
007b
4879
0006
80fc
49f9
0004
012c
4e94
4879
0004
1758
4879
0006
80fc
47f9
0004
017a
4e93
2812
1f3c
0022
4879
0006
80fc
4e94
defc
0014
2044
1010
6600
037c
1f3c
0022
4879
0006
80fc
4e94
4879
0004
1760
4879
0006
80fc
4e93
2f05
4879
0006
80fc
283c
0004
01ac
2244
4e91
defc
0016
4a85
6700
0376
203c
0004
16fb
2f00
4879
0006
80fc
4e93
4879
0004
1768
4879
0006
80fc
4e93
defc
0010
2d46
ffdc
4285
206e
ffdc
2f10
4879
0006
80fc
2244
4e91
5285
508f
7008
b085
6600
033c
4879
0004
176f
4879
0006
80fc
4e93
307c
0020
d1c6
508f
4285
2f10
4879
0006
80fc
2d48
ffcc
2244
4e91
5285
508f
206e
ffcc
7008
b085
6600
031a
4879
0004
1777
4879
0006
80fc
4e93
2046
4280
1028
0041
2f00
4879
0006
80fc
2244
4e91
4879
0004
1780
4879
0006
80fc
4e93
2f2e
ffe0
4879
0006
80fc
2044
4e90
defc
001c
2ebc
0004
1787
4879
0006
80fc
4e93
508f
4285
2246
4280
1031
5844
2f00
4879
0006
80fc
2044
4e90
5285
508f
7040
b085
6600
02c2
4879
0004
1790
4879
0006
80fc
4e93
4879
0004
1793
4879
0006
80fc
4e93
defc
0010
d4fc
007e
0c87
0000
02d2
6600
fb52
4878
01e0
4eb9
0004
03d4
4878
0028
4879
0004
1796
4878
0004
4878
0004
4eb9
0004
0358
4879
0006
80fc
4eb9
0004
026a
4280
3039
0006
c110
2f00
45ee
fff0
2f0a
47fa
fa1e
4e93
defc
0020
4878
0009
4879
0004
17ba
4878
0004
4878
001c
4eb9
0004
0358
4878
0004
49ee
fff4
2f0c
4878
000d
4878
001c
4eb9
0004
0358
defc
0020
203c
0000
0000
6700
00ba
4ab9
0000
0000
6700
00b0
4878
0005
4879
0004
17c4
4878
0004
4878
0028
4eb9
0004
0358
2f39
0000
0000
2f0a
4e93
4878
0008
2f0a
4878
0009
4878
0028
4eb9
0004
0358
defc
0028
4878
0003
4879
0004
17ca
4878
0013
4878
0028
4eb9
0004
0358
2f39
0000
0000
2f0a
4e93
4878
0004
2f0c
4878
0016
4878
0028
4eb9
0004
0358
defc
0028
4878
0003
4879
0004
17ce
4878
001c
4878
0028
4eb9
0004
0358
2f39
0000
0000
2f0a
4e93
4878
0008
2f0a
4878
001f
4878
0028
4eb9
0004
0358
defc
0028
4878
0028
4879
0004
17d2
4878
0004
4878
0034
4eb9
0004
0358
defc
0010
0c79
0001
0004
82fa
670c
0c79
0002
0004
82fa
6600
008a
3f39
0004
82fa
4eb9
0004
007c
3600
4878
000a
4879
0004
17f7
4878
0004
4878
004c
4eb9
0004
0358
4878
0001
3079
0004
82fa
2f08
2f0a
4eba
f81c
4878
0001
2f0a
4878
000e
4878
004c
4eb9
0004
0358
defc
002e
4878
0004
4879
0004
1802
4878
0010
4878
004c
4eb9
0004
0358
3f03
4267
2f0a
4e93
4878
0004
2f0c
4878
0014
4878
004c
4eb9
0004
0358
defc
0028
4cee
1cf8
ffac
4e5e
4e75
2240
13b0
1800
1800
5281
6000
fb0c
2d79
0006
c552
ffe0
52ae
ffd4
2c3c
0006
c55a
6000
fb54
5284
0c00
0022
6706
0c00
005c
660e
1f3c
005c
4879
0006
80fc
4e94
5c8f
2244
1f29
ffff
4879
0006
80fc
4e94
5c8f
6000
fc50
203c
0004
170a
6000
fc8a
58ae
ffdc
1f3c
002c
4879
0006
80fc
4e94
5c8f
6000
fc96
5888
1f3c
002c
4879
0006
80fc
2d48
ffcc
4e94
5c8f
206e
ffcc
6000
fcae
1f3c
002c
4879
0006
80fc
4e94
5c8f
6000
fd10
4e75
8a62
656e
6368
5f6d
6169
6e00
0000
0000
0000
0000
0000
1818
1818
1800
1800
3636
1400
0000
0000
1414
7f14
7f14
1400
083e
403c
027c
1000
6264
0810
2646
0000
3048
3052
4c32
0000
1818
1000
0000
0000
0c10
2020
2010
0c00
3008
0404
0408
3000
0024
187e
1824
0000
0008
083e
0808
0000
0000
0000
0018
1810
0000
003e
0000
0000
0000
0000
0018
1800
0204
0810
2040
0000
3c42
464a
5262
3c00
1828
0808
0808
3e00
3c42
020c
3040
7e00
3c42
021c
0242
3c00
040c
1424
7e04
0400
7e40
7c02
0242
3c00
1c20
407c
4242
3c00
7e02
0408
1020
2000
3c42
423c
4242
3c00
3c42
423e
0204
3800
0018
1800
1818
0000
0018
1800
1818
1000
0408
1020
1008
0400
0000
7e00
7e00
0000
2010
0804
0810
2000
3c42
020c
1000
1000
3c42
5e52
5e40
3e00
3c42
427e
4242
4200
7c42
427c
4242
7c00
3c42
4040
4042
3c00
7844
4242
4244
7800
7e40
407c
4040
7e00
7e40
407c
4040
4000
3c42
404e
4242
3c00
4242
427e
4242
4200
3e08
0808
0808
3e00
0202
0202
0242
3c00
4244
4870
4844
4200
4040
4040
4040
7e00
4266
5a42
4242
4200
4262
524a
4642
4200
3c42
4242
4242
3c00
7c42
427c
4040
4000
3c42
4242
4a44
3a00
7c42
427c
4844
4200
3c42
403c
0242
3c00
7f08
0808
0808
0800
4242
4242
4242
3c00
4242
4242
4224
1800
4242
4242
5a66
4200
4242
2418
2442
4200
4242
423c
1818
1800
7e02
0418
2040
7e00
1c10
1010
1010
1c00
4020
1008
0402
0000
3808
0808
0808
3800
1824
4200
0000
0000
0000
0000
0000
007e
1818
0800
0000
0000
0000
3c02
3e42
3e00
4040
7c42
4242
7c00
0000
3c42
4042
3c00
0202
3e42
4242
3e00
0000
3c42
7e40
3c00
0c10
3e10
1010
1000
0000
3e42
423e
023c
4040
7c42
4242
4200
0800
1808
0808
1c00
0400
0c04
0404
4438
4040
4448
7048
4400
1808
0808
0808
1c00
0000
7649
4949
4900
0000
7c42
4242
4200
0000
3c42
4242
3c00
0000
7c42
427c
4040
0000
3e42
423e
0202
0000
5c62
4040
4000
0000
3e40
3c02
7c00
1010
3e10
1012
0c00
0000
4242
4242
3e00
0000
4242
4224
1800
0000
4242
4949
3600
0000
4224
1824
4200
0000
4242
423e
023c
0000
7e04
1820
7e00
0c10
1060
1010
0c00
1818
1818
1818
1800
3008
0806
0808
3000
0000
324c
0000
0000
3031
3233
3435
3637
3839
4142
4344
4546
002c
2274
7261
705f
7374
6174
6522
3a00
2c22
6669
6e61
6c22
3a00
5355
5045
5256
4953
4f52
2043
5055
2042
454e
4348
202d
2066
756c
6c20
636f
7270
7573
0054
6573
7420
003a
2000
7275
6e3d
006f
6b3d
0074
7261
703d
006c
6173
7476
6563
3d00
226e
616d
6522
3a00
2c22
7665
6322
3a00
7b22
6422
3a5b
005d
2c22
6122
3a5b
005d
2c22
6363
7222
3a00
2c22
7063
223a
002c
2272
616d
223a
5b00
5d7d
007d
0a00
414c
4c20
5445
5354
5320
444f
4e45
202d
2077
7269
7469
6e67
2072
6573
756c
7473
2e2e
2e00
696f
5265
7375
6c74
3d00
7368
696d
3d00
6f70
3d00
7063
3d00
506f
7765
7220
6f66
6620
616e
6420
6578
7472
6163
7420
2f52
6573
756c
7473
2e6a
736f
6e6c
0045
4a45
4354
2064
7276
3d00
7265
733d
004d
4f56
4551
2023
302c
4430
2028
7a65
726f
2900
4d4f
5645
5120
2331
2c44
3020
286f
6e65
2900
4d4f
5645
5120
2331
3237
2c44
3020
286d
6178
5f70
6f73
2900
4d4f
5645
5120
232d
312c
4431
2028
6e65
675f
6f6e
6529
004d
4f56
4551
2023
2d31
3238
2c44
3220
286d
696e
5f6e
6567
2900
4d4f
5645
5120
2334
322c
4433
2028
616e
7377
6572
2900
4d4f
5645
5120
2339
302c
4434
2028
6669
7665
735f
616c
7429
004d
4f56
4551
2023
2d36
342c
4437
2028
6e65
675f
3634
5f69
6e74
6f5f
6437
2900
4d4f
5645
2e4c
2044
302c
4431
2028
3078
4445
4144
4245
4546
2900
4d4f
5645
2e4c
2044
312c
4432
2028
3078
3030
3030
3030
3030
2900
4d4f
5645
2e4c
2044
322c
4433
2028
3078
3830
3030
3030
3030
2900
4d4f
5645
2e4c
2044
332c
4434
2028
3078
3746
4646
4646
4646
2900
4d4f
5645
2e4c
2044
342c
4430
2028
3078
3132
3334
3536
3738
2900
4d4f
5645
2e4c
2044
372c
4435
2028
3078
3030
3030
3030
3031
2900
4d4f
5645
2e57
2044
302c
4431
2028
3078
4445
4144
4245
4546
2900
4d4f
5645
2e57
2044
312c
4432
2028
3078
4646
4646
3830
3030
2900
4d4f
5645
2e57
2044
332c
4434
2028
3078
3030
3030
3746
4646
2900
4d4f
5645
2e57
2044
352c
4437
2028
3078
3030
3030
3030
3031
2900
4d4f
5645
2e57
2044
372c
4430
2028
3078
3132
3334
3030
3030
2900
4d4f
5645
2e42
2044
302c
4431
2028
3078
3030
3030
3030
4646
2900
4d4f
5645
2e42
2044
322c
4433
2028
3078
3030
3030
3030
3830
2900
4d4f
5645
2e42
2044
342c
4435
2028
3078
3030
3030
3030
3746
2900
4d4f
5645
2e42
2044
372c
4430
2028
3078
3030
3030
3030
3031
2900
4d4f
5645
2e4c
2023
3078
3132
3334
3536
3738
2c44
3000
4d4f
5645
2e4c
2023
3078
3830
3030
3030
3030
2c44
3100
4d4f
5645
2e4c
2023
3078
3746
4646
4646
4646
2c44
3200
4d4f
5645
2e4c
2023
3078
4646
4646
4646
4646
2c44
3300
4d4f
5645
2e4c
2023
3078
3030
3030
3030
3031
2c44
3700
4d4f
5645
2e4c
2044
302c
3028
4136
2920
2876
616c
3d30
7844
4541
4442
4545
4629
004d
4f56
452e
4c20
4431
2c34
2841
3629
2028
7661
6c3d
3078
3132
3334
3536
3738
2900
4d4f
5645
2e4c
2044
372c
3828
4136
2920
2876
616c
3d30
7846
4646
4646
4646
4629
004d
4f56
452e
4c20
3028
4136
292c
4430
004d
4f56
452e
4c20
3428
4136
292c
4433
004d
4f56
452e
4c20
3028
4136
292c
4437
004d
4f56
452e
4c20
2841
3129
2c44
3020
2041
313d
7363
7261
7463
682b
3000
4d4f
5645
2e4c
2028
4132
292c
4433
2020
4132
3d73
6372
6174
6368
2b30
004d
4f56
452e
4c20
2841
3129
2b2c
4430
2020
4131
3d73
6372
6174
6368
2b30
004d
4f56
452e
4c20
2d28
4132
292c
4433
2020
4132
3d73
6372
6174
6368
2b38
0041
4444
2e4c
2044
312c
4430
2028
2331
2030
7844
4541
4442
4545
462c
3078
3132
3334
3536
3738
2900
4144
442e
4c20
4431
2c44
3020
2823
3220
3078
3830
3030
3030
3030
2c30
7838
3030
3030
3030
3029
0041
4444
2e4c
2044
312c
4430
2028
2333
2030
7837
4646
4646
4646
462c
3078
3030
3030
3030
3031
2900
4144
442e
5720
4431
2c44
3020
2823
3120
3078
4445
4144
4245
4546
2c30
7831
3233
3435
3637
3829
0041
4444
2e57
2044
312c
4430
2028
2332
2030
7838
3030
3030
3030
302c
3078
3830
3030
3030
3030
2900
4144
442e
5720
4431
2c44
3020
2823
3320
3078
3746
4646
4646
4646
2c30
7830
3030
3030
3030
3129
0041
4444
2e42
2044
312c
4430
2028
2331
2030
7844
4541
4442
4545
462c
3078
3132
3334
3536
3738
2900
4144
442e
4220
4431
2c44
3020
2823
3220
3078
3830
3030
3030
3030
2c30
7838
3030
3030
3030
3029
0041
4444
2e42
2044
312c
4430
2028
2333
2030
7837
4646
4646
4646
462c
3078
3030
3030
3030
3031
2900
5355
422e
4c20
4431
2c44
3020
2823
3120
3078
4445
4144
4245
4546
2c30
7831
3233
3435
3637
3829
0053
5542
2e4c
2044
312c
4430
2028
2332
2030
7838
3030
3030
3030
302c
3078
3830
3030
3030
3030
2900
5355
422e
4c20
4431
2c44
3020
2823
3320
3078
3746
4646
4646
4646
2c30
7830
3030
3030
3030
3129
0053
5542
2e57
2044
312c
4430
2028
2331
2030
7844
4541
4442
4545
462c
3078
3132
3334
3536
3738
2900
5355
422e
5720
4431
2c44
3020
2823
3220
3078
3830
3030
3030
3030
2c30
7838
3030
3030
3030
3029
0053
5542
2e57
2044
312c
4430
2028
2333
2030
7837
4646
4646
4646
462c
3078
3030
3030
3030
3031
2900
5355
422e
4220
4431
2c44
3020
2823
3120
3078
4445
4144
4245
4546
2c30
7831
3233
3435
3637
3829
0053
5542
2e42
2044
312c
4430
2028
2332
2030
7838
3030
3030
3030
302c
3078
3830
3030
3030
3030
2900
5355
422e
4220
4431
2c44
3020
2823
3320
3078
3746
4646
4646
4646
2c30
7830
3030
3030
3030
3129
0041
4e44
2e4c
2044
312c
4430
2028
2331
2030
7844
4541
4442
4545
462c
3078
3132
3334
3536
3738
2900
414e
442e
4c20
4431
2c44
3020
2823
3220
3078
3830
3030
3030
3030
2c30
7838
3030
3030
3030
3029
0041
4e44
2e4c
2044
312c
4430
2028
2333
2030
7837
4646
4646
4646
462c
3078
3030
3030
3030
3031
2900
414e
442e
5720
4431
2c44
3020
2823
3120
3078
4445
4144
4245
4546
2c30
7831
3233
3435
3637
3829
0041
4e44
2e57
2044
312c
4430
2028
2332
2030
7838
3030
3030
3030
302c
3078
3830
3030
3030
3030
2900
414e
442e
5720
4431
2c44
3020
2823
3320
3078
3746
4646
4646
4646
2c30
7830
3030
3030
3030
3129
0041
4e44
2e42
2044
312c
4430
2028
2331
2030
7844
4541
4442
4545
462c
3078
3132
3334
3536
3738
2900
414e
442e
4220
4431
2c44
3020
2823
3220
3078
3830
3030
3030
3030
2c30
7838
3030
3030
3030
3029
0041
4e44
2e42
2044
312c
4430
2028
2333
2030
7837
4646
4646
4646
462c
3078
3030
3030
3030
3031
2900
4f52
2e4c
2044
312c
4430
2028
2331
2030
7844
4541
4442
4545
462c
3078
3132
3334
3536
3738
2900
4f52
2e4c
2044
312c
4430
2028
2332
2030
7838
3030
3030
3030
302c
3078
3830
3030
3030
3030
2900
4f52
2e4c
2044
312c
4430
2028
2333
2030
7837
4646
4646
4646
462c
3078
3030
3030
3030
3031
2900
4f52
2e57
2044
312c
4430
2028
2331
2030
7844
4541
4442
4545
462c
3078
3132
3334
3536
3738
2900
4f52
2e57
2044
312c
4430
2028
2332
2030
7838
3030
3030
3030
302c
3078
3830
3030
3030
3030
2900
4f52
2e57
2044
312c
4430
2028
2333
2030
7837
4646
4646
4646
462c
3078
3030
3030
3030
3031
2900
4f52
2e42
2044
312c
4430
2028
2331
2030
7844
4541
4442
4545
462c
3078
3132
3334
3536
3738
2900
4f52
2e42
2044
312c
4430
2028
2332
2030
7838
3030
3030
3030
302c
3078
3830
3030
3030
3030
2900
4f52
2e42
2044
312c
4430
2028
2333
2030
7837
4646
4646
4646
462c
3078
3030
3030
3030
3031
2900
434d
502e
4c20
4431
2c44
3020
2823
3120
3078
4445
4144
4245
4546
2c30
7831
3233
3435
3637
3829
0043
4d50
2e4c
2044
312c
4430
2028
2332
2030
7838
3030
3030
3030
302c
3078
3830
3030
3030
3030
2900
434d
502e
4c20
4431
2c44
3020
2823
3320
3078
3746
4646
4646
4646
2c30
7830
3030
3030
3030
3129
0043
4d50
2e57
2044
312c
4430
2028
2331
2030
7844
4541
4442
4545
462c
3078
3132
3334
3536
3738
2900
434d
502e
5720
4431
2c44
3020
2823
3220
3078
3830
3030
3030
3030
2c30
7838
3030
3030
3030
3029
0043
4d50
2e57
2044
312c
4430
2028
2333
2030
7837
4646
4646
4646
462c
3078
3030
3030
3030
3031
2900
434d
502e
4220
4431
2c44
3020
2823
3120
3078
4445
4144
4245
4546
2c30
7831
3233
3435
3637
3829
0043
4d50
2e42
2044
312c
4430
2028
2332
2030
7838
3030
3030
3030
302c
3078
3830
3030
3030
3030
2900
434d
502e
4220
4431
2c44
3020
2823
3320
3078
3746
4646
4646
4646
2c30
7830
3030
3030
3030
3129
0045
4f52
2e4c
2044
312c
4430
2028
2331
2030
7844
4541
4442
4545
465e
3078
3132
3334
3536
3738
2900
454f
522e
4c20
4431
2c44
3020
2823
3220
3078
3830
3030
3030
3030
5e30
7838
3030
3030
3030
3029
0045
4f52
2e4c
2044
312c
4430
2028
2333
2030
7837
4646
4646
4646
465e
3078
3030
3030
3030
3031
2900
4144
4449
2e4c
2023
3078
3030
3030
4646
4646
2c44
3000
4144
4449
2e4c
2023
3078
3830
3030
3030
3030
2c44
3100
4144
4449
2e4c
2023
3078
3030
3030
3030
3031
2c44
3200
5355
4249
2e4c
2023
3078
3030
3030
4646
4646
2c44
3000
5355
4249
2e4c
2023
3078
3830
3030
3030
3030
2c44
3100
5355
4249
2e4c
2023
3078
3030
3030
3030
3031
2c44
3200
414e
4449
2e4c
2023
3078
3030
3030
4646
4646
2c44
3000
414e
4449
2e4c
2023
3078
3830
3030
3030
3030
2c44
3100
414e
4449
2e4c
2023
3078
3030
3030
3030
3031
2c44
3200
454f
5249
2e4c
2023
3078
3030
3030
4646
4646
2c44
3000
454f
5249
2e4c
2023
3078
3830
3030
3030
3030
2c44
3100
454f
5249
2e4c
2023
3078
3030
3030
3030
3031
2c44
3200
434d
5049
2e4c
2023
3078
3030
3030
4646
4646
2c44
3000
434d
5049
2e4c
2023
3078
3830
3030
3030
3030
2c44
3100
434d
5049
2e4c
2023
3078
3030
3030
3030
3031
2c44
3200
4d55
4c55
2e57
2044
312c
4430
2028
2331
2044
6e3d
3078
3030
3030
3030
3130
2044
6d3d
3078
3030
3030
3030
3034
2900
4d55
4c55
2e57
2044
312c
4430
2028
2332
2044
6e3d
3078
3030
3030
4646
4646
2044
6d3d
3078
3030
3030
4646
4646
2900
4d55
4c55
2e57
2044
312c
4430
2028
2333
2044
6e3d
3078
3030
3030
3830
3030
2044
6d3d
3078
3030
3030
3030
3032
2900
4d55
4c53
2e57
2044
312c
4430
2028
2331
2044
6e3d
3078
3030
3030
3030
3130
2044
6d3d
3078
3030
3030
3030
3034
2900
4d55
4c53
2e57
2044
312c
4430
2028
2332
2044
6e3d
3078
3030
3030
4646
4646
2044
6d3d
3078
3030
3030
4646
4646
2900
4d55
4c53
2e57
2044
312c
4430
2028
2333
2044
6e3d
3078
3030
3030
3830
3030
2044
6d3d
3078
3030
3030
3030
3032
2900
4449
5655
2e57
2044
312c
4430
2028
2331
2044
6e3d
3078
3030
3030
3030
3130
2044
6d3d
3078
3030
3030
3030
3034
2900
4449
5655
2e57
2044
312c
4430
2028
2332
2044
6e3d
3078
3030
3030
4646
4646
2044
6d3d
3078
3030
3030
4646
4646
2900
4449
5655
2e57
2044
312c
4430
2028
2333
2044
6e3d
3078
3030
3030
3830
3030
2044
6d3d
3078
3030
3030
3030
3032
2900
4449
5653
2e57
2044
312c
4430
2028
2331
2044
6e3d
3078
3030
3030
3030
3130
2044
6d3d
3078
3030
3030
3030
3034
2900
4449
5653
2e57
2044
312c
4430
2028
2332
2044
6e3d
3078
3030
3030
4646
4646
2044
6d3d
3078
3030
3030
4646
4646
2900
4449
5653
2e57
2044
312c
4430
2028
2333
2044
6e3d
3078
3030
3030
3830
3030
2044
6d3d
3078
3030
3030
3030
3032
2900
4e45
472e
4c20
4430
2028
3078
3132
3334
3536
3738
2900
4e45
472e
5720
4430
2028
3078
3132
3334
3536
3738
2900
4e45
472e
4220
4430
2028
3078
3132
3334
3536
3738
2900
4e4f
542e
4c20
4430
2028
3078
3132
3334
3536
3738
2900
4e4f
542e
5720
4430
2028
3078
3132
3334
3536
3738
2900
4e4f
542e
4220
4430
2028
3078
3132
3334
3536
3738
2900
434c
522e
4c20
4430
2028
3078
3132
3334
3536
3738
2900
434c
522e
5720
4430
2028
3078
3132
3334
3536
3738
2900
434c
522e
4220
4430
2028
3078
3132
3334
3536
3738
2900
5357
4150
2044
3020
2830
7831
3233
3435
3637
3829
0053
5741
5020
4433
2028
3078
4445
4144
4245
4546
2900
4558
542e
5720
4430
2028
3078
3030
3030
3030
4646
2900
4558
542e
4c20
4430
2028
3078
3030
3030
4646
4646
2900
4558
5442
2e4c
2044
3020
2830
7830
3030
3030
3038
3029
004c
4541
2028
4136
292c
4130
004c
4541
2028
4136
292c
4131
004c
4541
2028
4136
292c
4135
004c
4541
2031
3628
4136
292c
4131
0042
5453
542e
4c20
4431
2c44
3020
2862
6974
3d33
2073
6574
2069
6e20
3078
3132
3334
3536
3738
2900
4254
5354
2e4c
2044
312c
4430
2028
6269
743d
3220
636c
7220
696e
2030
7831
3233
3435
3637
3829
0042
4348
472e
4c20
4431
2c44
3020
2862
6974
3d33
2073
6574
2069
6e20
3078
3132
3334
3536
3738
2900
4243
4847
2e4c
2044
312c
4430
2028
6269
743d
3220
636c
7220
696e
2030
7831
3233
3435
3637
3829
0042
434c
522e
4c20
4431
2c44
3020
2862
6974
3d33
2073
6574
2069
6e20
3078
3132
3334
3536
3738
2900
4243
4c52
2e4c
2044
312c
4430
2028
6269
743d
3220
636c
7220
696e
2030
7831
3233
3435
3637
3829
0042
5345
542e
4c20
4431
2c44
3020
2862
6974
3d33
2073
6574
2069
6e20
3078
3132
3334
3536
3738
2900
4253
4554
2e4c
2044
312c
4430
2028
6269
743d
3220
636c
7220
696e
2030
7831
3233
3435
3637
3829
0042
5453
5420
2335
2c44
3020
2028
4430
3d30
7832
3029
0042
5345
5420
2333
312c
4430
2020
2844
303d
3029
0041
534c
2e4c
2023
312c
4430
2028
3078
3830
3030
3030
3031
2900
4153
4c2e
4c20
2334
2c44
3020
2830
7831
3233
3435
3637
3829
0041
534c
2e4c
2023
372c
4430
2028
3078
4445
4144
4245
4546
2900
4153
522e
4c20
2331
2c44
3020
2830
7838
3030
3030
3030
3129
0041
5352
2e4c
2023
342c
4430
2028
3078
3132
3334
3536
3738
2900
4153
522e
4c20
2337
2c44
3020
2830
7844
4541
4442
4545
4629
004c
534c
2e4c
2023
312c
4430
2028
3078
3830
3030
3030
3031
2900
4c53
4c2e
4c20
2334
2c44
3020
2830
7831
3233
3435
3637
3829
004c
534c
2e4c
2023
372c
4430
2028
3078
4445
4144
4245
4546
2900
4c53
522e
4c20
2331
2c44
3020
2830
7838
3030
3030
3030
3129
004c
5352
2e4c
2023
342c
4430
2028
3078
3132
3334
3536
3738
2900
4c53
522e
4c20
2337
2c44
3020
2830
7844
4541
4442
4545
4629
0052
4f58
4c2e
4c20
2331
2c44
3020
2830
7838
3030
3030
3030
3129
0052
4f58
4c2e
4c20
2334
2c44
3020
2830
7831
3233
3435
3637
3829
0052
4f58
4c2e
4c20
2337
2c44
3020
2830
7844
4541
4442
4545
4629
0052
4f58
522e
4c20
2331
2c44
3020
2830
7838
3030
3030
3030
3129
0052
4f58
522e
4c20
2334
2c44
3020
2830
7831
3233
3435
3637
3829
0052
4f58
522e
4c20
2337
2c44
3020
2830
7844
4541
4442
4545
4629
0052
4f4c
2e4c
2023
312c
4430
2028
3078
3830
3030
3030
3031
2900
524f
4c2e
4c20
2334
2c44
3020
2830
7831
3233
3435
3637
3829
0052
4f4c
2e4c
2023
372c
4430
2028
3078
4445
4144
4245
4546
2900
524f
522e
4c20
2331
2c44
3020
2830
7838
3030
3030
3030
3129
0052
4f52
2e4c
2023
342c
4430
2028
3078
3132
3334
3536
3738
2900
524f
522e
4c20
2337
2c44
3020
2830
7844
4541
4442
4545
4629
004d
4f56
454d
2e4c
2044
302d
4433
2c28
4136
2900
4d4f
5645
4d2e
4c20
2841
3629
2c44
342d
4437
004d
4f56
4553
2e4c
2044
302c
2841
3129
2041
313d
7363
7261
7463
6820
2870
7269
7669
6c65
6765
6429
004d
4f56
4553
2e42
2044
302c
2841
3129
2041
313d
7363
7261
7463
6820
2870
7269
7669
6c65
6765
6429
004d
4f56
4553
2e57
2044
302c
2841
3129
2041
313d
7363
7261
7463
6820
2870
7269
7669
6c65
6765
6429
004d
4f56
4553
2e4c
2028
4131
292c
4430
2041
313d
7363
7261
7463
6820
2065
7874
3d24
3030
3030
2028
7072
6976
696c
6567
6564
2900
4d4f
5645
2e57
2053
522c
4430
2028
7072
6976
696c
6567
6564
2900
4d4f
5645
2e57
2053
522c
2841
3629
2020
2870
7269
7669
6c65
6765
6429
004d
4f56
452e
5720
4430
2c53
5220
2044
302e
573d
2432
3730
3020
2870
7269
7669
6c65
6765
6429
004d
4f56
452e
5720
2324
3237
3030
2c53
5220
2870
7269
7669
6c65
6765
6429
0041
4e44
492e
5720
2324
4646
4646
2c53
5220
2028
7072
6976
696c
6567
6564
3b20
6e6f
2d6f
7029
0041
4e44
492e
5720
2324
4638
4646
2c53
5220
2063
6c65
6172
2054
312b
4d2b
4920
2870
7269
7669
6c65
6765
6429
004f
5249
2e57
2023
2430
3730
302c
5352
2020
7365
7420
4950
4c3d
3720
2870
7269
7669
6c65
6765
6429
004f
5249
2e57
2023
2430
3031
462c
5352
2020
7365
7420
616c
6c20
4343
5220
6269
7473
2028
7072
6976
696c
6567
6564
2900
454f
5249
2e57
2023
2430
3031
302c
5352
2020
746f
6767
6c65
2058
2028
7072
6976
696c
6567
6564
2900
5254
4520
2073
696d
706c
6520
382d
6279
7465
2066
7261
6d65
2074
6f20
6c61
6265
6c20
2870
7269
7669
6c65
6765
6429
004d
4f56
4543
2e4c
2053
4643
2c44
3020
2028
7072
6976
696c
6567
6564
2900
4d4f
5645
432e
4c20
4446
432c
4430
2020
2870
7269
7669
6c65
6765
6429
004d
4f56
4543
2e4c
2056
4252
2c44
3020
2028
7072
6976
696c
6567
6564
2900
4d4f
5645
432e
4c20
4341
4352
2c44
3020
2870
7269
7669
6c65
6765
6429
004d
4f56
4543
2e4c
2044
302c
5346
433b
2053
4643
2c44
3120
2072
6f75
6e64
2d74
7269
7020
2870
7269
7669
6c65
6765
6429
004d
4f56
4543
2e4c
2044
302c
4446
433b
2044
4643
2c44
3120
2072
6f75
6e64
2d74
7269
7020
2870
7269
7669
6c65
6765
6429
004d
4f56
4543
2e4c
2044
302c
4341
4352
3b20
4341
4352
2c44
3120
2077
7269
7465
2030
2028
7072
6976
696c
6567
6564
2900
4d4f
5645
432e
4c20
4430
2c43
4143
523b
2043
4143
522c
4431
2020
7772
6974
6520
616c
6c2d
6f6e
6573
2028
3034
3020
6d61
736b
3d24
3830
3030
3830
3030
3b20
4d41
4d45
2067
6f6c
6465
6e20
6f76
6572
2d77
6964
6529
004d
4f56
4531
3620
2841
3029
2b2c
2841
3129
2b20
2031
362d
6279
7465
206c
696e
6520
636f
7079
2028
3034
302d
6f6e
6c79
2900
4d4f
5645
2e4c
2041
302c
5553
5020
2041
303d
2444
4541
4442
4545
4620
2870
7269
7669
6c65
6765
6429
004d
4f56
452e
4c20
5553
502c
4131
2020
7265
6164
2062
6163
6b20
5553
5020
2870
7269
7669
6c65
6765
6429
004d
4f56
4520
4430
2c43
4352
2020
2844
303d
3078
3146
2900
4d4f
5645
2043
4352
2c44
3120
2028
4343
523d
3078
3046
2900
4d55
4c55
2e4c
2044
312c
4430
2028
736d
616c
6c20
3078
3030
3030
3030
3130
2a30
7830
3030
3030
3030
3429
004d
554c
532e
4c20
4431
2c44
3020
2873
6d61
6c6c
2030
7830
3030
3030
3031
302a
3078
3030
3030
3030
3034
2900
4d55
4c55
2e4c
2044
312c
4430
2028
6d69
6468
6920
3078
3132
3334
3536
3738
2a30
7830
3030
3130
3030
3029
004d
554c
532e
4c20
4431
2c44
3020
286d
6964
6869
2030
7831
3233
3435
3637
382a
3078
3030
3031
3030
3030
2900
4d55
4c55
2e4c
2044
312c
4430
2028
6e65
676e
6567
2030
7846
4646
4646
4646
452a
3078
4646
4646
4646
4645
2900
4d55
4c53
2e4c
2044
312c
4430
2028
6e65
676e
6567
2030
7846
4646
4646
4646
452a
3078
4646
4646
4646
4645
2900
4d55
4c55
2e4c
2044
312c
4432
3a44
3020
2862
6967
2900
4d55
4c53
2e4c
2044
312c
4432
3a44
3020
2862
6967
2900
4d55
4c55
2e4c
2044
312c
4432
3a44
3020
286e
6567
6e65
6729
004d
554c
532e
4c20
4431
2c44
323a
4430
2028
6e65
676e
6567
2900
4449
5655
2e4c
2044
312c
4430
3a44
3220
2865
7861
6374
2044
303d
3078
3030
3030
3030
3634
2f44
313d
3078
3030
3030
3030
3037
2900
4449
5653
2e4c
2044
312c
4430
3a44
3220
2865
7861
6374
2044
303d
3078
3030
3030
3030
3634
2f44
313d
3078
3030
3030
3030
3037
2900
4449
5655
2e4c
2044
312c
4430
3a44
3220
2862
6967
2044
303d
3078
3132
3334
3536
3738
2f44
313d
3078
3030
3030
3031
3030
2900
4449
5653
2e4c
2044
312c
4430
3a44
3220
2862
6967
2044
303d
3078
3132
3334
3536
3738
2f44
313d
3078
3030
3030
3031
3030
2900
4449
5655
2e4c
2044
312c
4430
3a44
3220
286e
6567
2044
303d
3078
4646
4646
4646
4636
2f44
313d
3078
3030
3030
3030
3034
2900
4449
5653
2e4c
2044
312c
4430
3a44
3220
286e
6567
2044
303d
3078
4646
4646
4646
4636
2f44
313d
3078
3030
3030
3030
3034
2900
4449
5655
2e4c
2044
312c
4430
2028
7175
6f74
2d6f
6e6c
7920
4430
3d31
3030
2f44
313d
3729
0044
4956
532e
4c20
4431
2c44
3020
2871
756f
742d
6f6e
6c79
2044
303d
2d31
3030
2f44
313d
3729
0045
5854
422e
4c20
4430
2028
3078
3030
3030
3030
4646
202d
3e20
3078
4646
4646
4646
4646
2900
4558
5442
2e4c
2044
3020
2830
7830
3030
3030
3037
4620
2d3e
2030
7830
3030
3030
3037
4629
0042
4654
5354
2044
307b
3136
3a38
7d20
2844
303d
3078
3132
4646
3536
3738
202d
3e20
5a3d
302c
4e3d
3129
0042
4654
5354
2044
307b
303a
3136
7d20
2844
303d
3029
0042
4645
5854
5520
4430
7b31
363a
387d
2c44
3120
2844
303d
3078
3132
4646
3536
3738
202d
3e20
4431
3d30
7846
4629
0042
4645
5854
5520
4430
7b34
3a31
327d
2c44
3200
4246
4558
5453
2044
307b
3136
3a38
7d2c
4431
2028
4430
3d30
7831
3246
4635
3637
3820
2d3e
2044
313d
3078
4646
4646
4646
4646
2900
4246
4558
5453
2044
307b
3136
3a38
7d2c
4431
2028
4430
3d30
7831
3233
3435
3637
3820
2d3e
2044
313d
3078
3030
3030
3030
3334
2900
4246
4348
4720
4430
7b31
363a
387d
2028
4430
3d30
7831
3246
4635
3637
3829
0042
4643
4c52
2044
307b
3136
3a38
7d20
2844
303d
3078
4646
4646
4646
4646
2900
4246
5345
5420
4430
7b31
363a
387d
2028
4430
3d30
2900
4246
4646
4f20
4430
7b30
3a33
327d
2c44
3120
2844
303d
3078
3030
3130
3030
3030
202d
3e20
4431
3d31
3129
0042
4646
464f
2044
307b
303a
3332
7d2c
4431
2028
4430
3d30
202d
3e20
4431
3d33
3229
0042
4649
4e53
2044
312c
4430
7b31
363a
387d
2028
4430
3d30
7846
4646
4646
4646
462c
2044
313d
3078
4141
2900
5041
434b
2044
312c
4430
2c23
3020
2844
313d
3078
3030
3030
3331
3332
202d
3e20
4430
206c
6f77
2062
7974
653d
3078
3132
2900
5041
434b
2044
312c
4430
2c23
3078
3031
3030
2028
4431
3d30
7830
3030
3033
3133
3220
2d3e
2044
3020
6c6f
7720
6279
7465
3d30
7831
3329
0055
4e50
4b20
4431
2c44
302c
2330
2028
4431
206c
6f77
2062
7974
653d
3078
3132
202d
3e20
4430
206c
6f77
2077
6f72
643d
3078
3031
3032
2900
554e
504b
2044
312c
4430
2c23
3078
3330
3330
2028
4431
206c
6f77
3d30
7831
3220
2d3e
2044
303d
2731
3227
203d
2030
7833
3133
3229
004d
4f56
452e
4c20
2830
2c41
362c
4430
2e4c
2a31
292c
4431
2028
4430
3d32
2900
4d4f
5645
2e4c
2028
302c
4136
2c44
302e
4c2a
3229
2c44
3120
2844
303d
3229
004d
4f56
452e
4c20
2830
2c41
362c
4430
2e4c
2a34
292c
4431
2028
4430
3d32
2900
4d4f
5645
2e4c
2028
302c
4136
2c44
302e
4c2a
3829
2c44
3120
2844
303d
3229
004d
4f56
452e
4c20
2838
2c41
362c
4430
2e4c
2a34
292c
4431
2028
4430
3d31
2900
5453
542e
4c20
4430
2028
3078
3132
3334
3536
3738
202f
2070
6f73
2900
5453
542e
4c20
4430
2028
3078
3830
3030
3030
3030
202f
206e
6567
2900
5453
542e
4c20
4430
2028
3078
3030
3030
3030
3030
202f
207a
6572
6f29
0054
5354
2e57
2044
3020
2830
7831
3233
3435
3637
3820
2f20
706f
7329
0054
5354
2e57
2044
3020
2830
7838
3030
3030
3030
3020
2f20
6e65
6729
0054
5354
2e57
2044
3020
2830
7830
3030
3030
3030
3020
2f20
7a65
726f
2900
5453
542e
4220
4430
2028
3078
3132
3334
3536
3738
202f
2070
6f73
2900
5453
542e
4220
4430
2028
3078
3830
3030
3030
3030
202f
206e
6567
2900
5453
542e
4220
4430
2028
3078
3030
3030
3030
3030
202f
207a
6572
6f29
0041
4444
512e
4c20
2333
2c44
3020
2844
303d
3078
3132
3334
3536
3738
2900
4144
4451
2e57
2023
332c
4430
2028
4430
3d30
7831
3233
3435
3637
3829
0041
4444
512e
4220
2333
2c44
3020
2844
303d
3078
3132
3334
3536
3738
2900
5355
4251
2e4c
2023
332c
4430
2028
4430
3d30
7831
3233
3435
3637
3829
0053
5542
512e
5720
2333
2c44
3020
2844
303d
3078
3132
3334
3536
3738
2900
5355
4251
2e42
2023
332c
4430
2028
4430
3d30
7831
3233
3435
3637
3829
0041
4444
512e
4c20
2338
2c44
3020
2864
6174
6120
6669
656c
6420
3d20
3020
6d65
616e
7320
3829
0041
4444
582e
4c20
2d28
4131
292c
2d28
4130
2920
206d
656d
2b6d
656d
2077
6974
6820
583d
3100
5355
4258
2e4c
202d
2841
3129
2c2d
2841
3029
2020
6d65
6d2b
6d65
6d20
7769
7468
2058
3d30
004e
4547
582e
4c20
4430
2020
2844
303d
3078
3132
3334
3536
3738
2c20
583d
3129
004e
4547
582e
5720
4430
2020
2844
303d
3078
3132
3334
3536
3738
2c20
583d
3129
004e
4547
582e
4220
4430
2020
2844
303d
3078
3132
3334
3536
3738
2c20
583d
3129
0041
4e44
4920
2330
7831
302c
4343
5220
2028
4343
523d
3078
3146
2026
2030
7831
3020
3d20
3078
3130
2900
4f52
4920
2330
7830
382c
4343
5220
2028
4343
523d
3078
3034
207c
2030
7830
3820
3d20
3078
3043
2900
454f
5249
2023
3078
3046
2c43
4352
2020
2843
4352
3d30
7830
3520
5e20
3078
3046
203d
2030
7830
4129
0041
5352
2e4c
2044
312c
4430
2020
7265
672d
636f
756e
7420
2844
303d
3078
3830
3030
3030
3031
2c20
4431
3d33
2c20
583d
3129
004c
534c
2e4c
2044
312c
4430
2020
7265
672d
636f
756e
7420
2844
303d
3078
3830
3030
3030
3031
2c20
4431
3d33
2c20
583d
3129
0052
4f52
2e4c
2044
312c
4430
2020
7265
672d
636f
756e
7420
2844
303d
3078
3830
3030
3030
3031
2c20
4431
3d33
2c20
583d
3129
0052
4f58
4c2e
4c20
4431
2c44
3020
2072
6567
2d63
6f75
6e74
2028
4430
3d30
7838
3030
3030
3030
312c
2044
313d
332c
2058
3d31
2900
524f
5852
2e4c
2044
312c
4430
2020
7265
672d
636f
756e
7420
2844
303d
3078
3830
3030
3030
3031
2c20
4431
3d33
2c20
583d
3129
0041
534c
2e57
2028
4136
2920
206d
656d
2d73
6869
6674
2c20
7369
6e67
6c65
2062
6974
0041
5352
2e57
2028
4136
2920
206d
656d
2d73
6869
6674
2c20
7369
6e67
6c65
2062
6974
004c
534c
2e57
2028
4136
2920
206d
656d
2d73
6869
6674
2c20
7369
6e67
6c65
2062
6974
004c
5352
2e57
2028
4136
2920
206d
656d
2d73
6869
6674
2c20
7369
6e67
6c65
2062
6974
0052
4f58
4c2e
5720
2841
3629
2020
6d65
6d2d
7368
6966
742c
2073
696e
676c
6520
6269
7400
524f
5852
2e57
2028
4136
2920
206d
656d
2d73
6869
6674
2c20
7369
6e67
6c65
2062
6974
0052
4f4c
2e57
2028
4136
2920
206d
656d
2d73
6869
6674
2c20
7369
6e67
6c65
2062
6974
0052
4f52
2e57
2028
4136
2920
206d
656d
2d73
6869
6674
2c20
7369
6e67
6c65
2062
6974
0042
5453
5420
4431
2c28
4136
2920
2028
4431
3d37
202d
3e20
6269
7420
3729
0042
4348
4720
4431
2c28
4136
2920
2028
4431
3d37
202d
3e20
696e
7665
7274
2062
6974
2037
2900
4243
4c52
2044
312c
2841
3629
2020
2844
313d
3720
2d3e
2063
6c65
6172
2062
6974
2037
2900
4253
4554
2044
312c
2841
3629
2020
2844
313d
3020
2d3e
2073
6574
2062
6974
2030
2900
4254
5354
2023
372c
2841
3629
2020
7374
6174
6963
2c20
6279
7465
2072
616d
3d30
7838
3000
4253
4554
2023
302c
2841
3629
2020
7374
6174
6963
2c20
6279
7465
2072
616d
3d30
7838
3020
2d3e
2030
7838
3100
4243
4c52
2023
372c
2841
3629
2020
7374
6174
6963
2c20
6279
7465
2072
616d
3d30
7838
3020
2d3e
2030
7830
3000
4243
4847
2023
362c
2841
3629
2020
7374
6174
6963
2c20
6279
7465
2072
616d
3d30
7838
3020
2d3e
2030
7843
3000
4142
4344
202d
2841
3129
2c2d
2841
3029
2020
6d65
6d2d
6d65
6d20
2830
7832
3520
2b20
3078
3337
2c20
583d
3029
0053
4243
4420
2d28
4131
292c
2d28
4130
2920
206d
656d
2d6d
656d
2028
3078
3432
202d
2030
7831
382c
2058
3d30
2900
5041
434b
202d
2841
3129
2c2d
2841
3029
2c23
3020
206d
656d
2d6d
656d
0055
4e50
4b20
2d28
4131
292c
2d28
4130
292c
2330
7833
3033
3020
206d
656d
2d6d
656d
004d
4f56
4541
2e4c
2023
3078
3132
3334
3536
3738
2c41
3000
4d4f
5645
412e
5720
2330
7846
4646
452c
4131
2020
2873
6967
6e2d
6578
7465
6e64
6564
2074
6f20
3078
4646
4646
4646
4645
2900
4d4f
5645
2e4c
2028
6264
2e57
2c41
362c
4430
2e57
292c
4431
2020
6675
6c6c
2d65
7874
2c20
6264
3d30
2c20
4430
3d38
004d
4f56
452e
4c20
2862
642e
4c2c
4136
2c44
302e
4c2a
3429
2c44
3120
2066
756c
6c2d
6578
7420
7363
616c
6564
2c20
6264
3d30
2c20
4430
3d32
0042
4551
2e42
2020
7461
6b65
6e20
285a
3d31
2900
4245
512e
5720
2074
616b
656e
2028
5a3d
3129
0042
4e45
2e42
2020
6e6f
742d
7461
6b65
6e20
285a
3d31
2900
424e
452e
5720
206e
6f74
2d74
616b
656e
2028
5a3d
3129
0042
4d49
2e42
2020
7461
6b65
6e20
284e
3d31
2900
424d
492e
5720
2074
616b
656e
2028
4e3d
3129
0042
504c
2e42
2020
6e6f
742d
7461
6b65
6e20
284e
3d31
2900
4250
4c2e
5720
206e
6f74
2d74
616b
656e
2028
4e3d
3129
0042
4353
2e42
2020
7461
6b65
6e20
2843
3d31
2900
4243
532e
5720
2074
616b
656e
2028
433d
3129
0042
4343
2e42
2020
6e6f
742d
7461
6b65
6e20
2843
3d31
2900
4243
432e
5720
206e
6f74
2d74
616b
656e
2028
433d
3129
0042
4849
2e42
2020
6e6f
742d
7461
6b65
6e20
285a
3d31
2900
4248
492e
5720
206e
6f74
2d74
616b
656e
2028
5a3d
3129
0042
4c53
2e42
2020
7461
6b65
6e20
285a
3d31
2900
424c
532e
5720
2074
616b
656e
2028
5a3d
3129
0042
5241
2e42
2020
616c
7761
7973
2d73
6b69
7000
4252
412e
5720
2061
6c77
6179
732d
736b
6970
0042
5352
2e57
202f
2052
5453
2020
726f
756e
642d
7472
6970
004a
5352
2028
6431
362c
5043
2920
2f20
5254
5320
2072
6f75
6e64
2d74
7269
7000
4a4d
5020
2864
3136
2c50
4329
2064
6973
703d
3220
206e
6f2d
6f70
2028
7461
7267
6574
203d
206e
6578
7420
696e
7374
7275
6374
696f
6e29
0044
4246
2044
312c
6c6f
6f70
2020
2844
313d
3220
2d3e
2063
6f75
6e74
7320
746f
202d
312c
2073
6372
6174
6368
5b30
5d3d
3329
0044
424e
4520
4431
2c6c
6f6f
7020
2028
5a3d
3120
736f
204e
4520
616c
7761
7973
2066
616c
7365
3b20
636f
756e
7473
2074
6f20
2d31
2900
4442
4551
2044
312c
6c6f
6f70
2020
285a
3d31
2073
6f20
4551
2074
7275
653b
206c
6f6f
7020
6578
6974
7320
696d
6d65
6469
6174
656c
7929
0053
5420
4430
2020
2843
4352
3d30
7830
342c
205a
3d31
2900
5346
2044
3020
2028
4343
523d
3078
3034
2c20
5a3d
3129
0053
4849
2044
3020
2028
4343
523d
3078
3034
2c20
5a3d
3129
0053
4c53
2044
3020
2028
4343
523d
3078
3034
2c20
5a3d
3129
0053
4343
2044
3020
2028
4343
523d
3078
3034
2c20
5a3d
3129
0053
4353
2044
3020
2028
4343
523d
3078
3034
2c20
5a3d
3129
0053
4e45
2044
3020
2028
4343
523d
3078
3034
2c20
5a3d
3129
0053
4551
2044
3020
2028
4343
523d
3078
3034
2c20
5a3d
3129
0053
5643
2044
3020
2028
4343
523d
3078
3034
2c20
5a3d
3129
0053
5653
2044
3020
2028
4343
523d
3078
3034
2c20
5a3d
3129
0053
504c
2044
3020
2028
4343
523d
3078
3034
2c20
5a3d
3129
0053
4d49
2044
3020
2028
4343
523d
3078
3034
2c20
5a3d
3129
0053
4745
2044
3020
2028
4343
523d
3078
3034
2c20
5a3d
3129
0053
4c54
2044
3020
2028
4343
523d
3078
3034
2c20
5a3d
3129
0053
4754
2044
3020
2028
4343
523d
3078
3034
2c20
5a3d
3129
0053
4c45
2044
3020
2028
4343
523d
3078
3034
2c20
5a3d
3129
004c
494e
4b20
4130
2c23
2d31
3620
2f20
554e
4c4b
2041
3020
2028
6e65
7420
6e6f
2d6f
7029
004d
4f56
452e
4c20
285b
6264
2e57
2c41
365d
292c
4431
2020
6d65
6d69
6e64
206e
6f2d
6964
7820
6e6f
2d6f
6420
282d
3e44
4541
4443
4146
4529
004d
4f56
452e
4c20
285b
6264
2e57
2c41
365d
2c44
302e
4c2a
322c
6f64
2e57
292c
4431
2020
706f
7374
696e
6465
7865
6420
7363
616c
6564
2b6f
6420
2844
303d
3429
004d
4f56
452e
4c20
285b
6264
2e57
2c41
362c
4430
2e4c
2a32
5d2c
6f64
2e57
292c
4431
2020
7072
6569
6e64
6578
6564
2073
6361
6c65
642b
6f64
2028
4430
3d32
2900
4d4f
5645
2e4c
2028
5b62
642e
4c2c
4136
5d2c
4430
2e4c
2a34
2c6f
642e
4c29
2c44
3120
2070
6f73
7469
6e64
6578
6564
206c
6f6e
672b
6c6f
6e67
2028
4430
3d32
2900
4d4f
5645
2e4c
2028
6431
362c
5043
292c
4431
2020
6469
7370
3d34
202d
3e20
7265
6164
7320
3078
3131
3232
3333
3434
004d
4f56
452e
4c20
2864
382c
5043
2c44
302e
5729
2c44
3120
2062
7269
6566
2050
432d
6964
7820
2844
303d
302c
2064
6973
703d
3429
004d
4f56
452e
4c20
2862
642e
572c
5043
2c44
302e
5729
2c44
3120
2066
756c
6c20
5043
2d69
6478
2028
4430
3d30
2c20
6264
3d36
2900
4d4f
5645
2e4c
2028
7878
7829
2e57
3d24
3138
3230
2c44
3120
2061
6273
2d73
686f
7274
2072
6561
6400
4558
4720
4431
2c44
3020
2028
4431
3d30
7843
4146
4520
4430
3d30
7842
4142
4529
0045
5847
2041
322c
4133
2020
2841
323d
7363
7261
7463
682b
3420
4133
3d73
6372
6174
6368
2b38
2900
4558
4720
4431
2c41
3020
2028
4431
3d30
7844
4541
4442
4545
4620
4130
3d73
6372
6174
6368
2900
4d4f
5645
2e57
2044
302c
2841
3629
2020
2844
303d
3078
4141
4242
3132
3334
202d
3e20
5b41
365d
3d30
7831
3233
3429
004d
4f56
452e
4220
4430
2c28
4136
2920
2028
4430
3d30
7841
4142
4243
4344
4420
2d3e
205b
4136
5d3d
3078
4444
2900
4d4f
5645
2e57
2030
2841
3629
2c44
3020
2028
7265
6164
7320
776f
7264
2030
7841
4142
4229
004d
4f56
452e
4220
2841
3129
2b2c
4430
2020
4131
3d73
6372
6174
6368
2028
7265
6164
7320
6279
7465
2030
7841
412c
2041
312b
3d31
2900
4d4f
5645
2e57
202d
2841
3129
2c44
3020
2041
313d
7363
7261
7463
682b
3420
2872
6561
6473
2077
6f72
6420
3078
4343
4444
2c20
4131
2d3d
3229
004d
4f56
454d
2e4c
2044
302d
4433
2c2d
2841
3129
2020
7072
6564
6563
2020
4131
3d73
6372
6174
6368
2b30
7832
3000
4d4f
5645
4d2e
4c20
2841
3129
2b2c
4434
2d44
3720
2070
6f73
7469
6e63
2020
4131
3d73
6372
6174
6368
0041
4444
412e
4c20
4430
2c41
3020
2028
4430
3d30
7831
3030
2c20
4130
3d73
6372
6174
6368
202d
3e20
4130
2b3d
3078
3130
3029
0053
5542
412e
4c20
4430
2c41
3020
2028
4430
3d30
7831
302c
2041
303d
7363
7261
7463
682b
3078
3230
202d
3e20
4130
2d3d
3078
3130
2900
4144
4441
2e57
2044
302c
4130
2020
2844
303d
3078
4646
4646
4646
4645
2073
6967
6e2d
6578
7420
746f
202e
4c3b
2041
303d
7363
7261
7463
682b
3078
3230
2900
434d
5041
2e4c
2044
302c
4130
2020
2844
303d
7363
7261
7463
682b
382c
2041
303d
7363
7261
7463
682b
3820
2d3e
205a
3d31
2900
4144
4441
2e4c
2028
4131
292c
4130
2020
4130
3d73
6372
6174
6368
2b30
7832
302c
2041
313d
7363
7261
7463
6820
2872
6561
6473
2024
3130
2900
4153
4c2e
5720
2334
2c44
3020
2028
4430
3d30
7831
3233
3435
3637
3829
0041
534c
2e42
2044
312c
4430
2020
7265
672d
636f
756e
7420
2844
303d
3078
3030
3030
3030
4630
2c20
4431
3d32
2900
4153
522e
5720
2334
2c44
3020
2028
4430
3d30
7831
3233
3435
3637
3829
0041
5352
2e42
2044
312c
4430
2020
7265
672d
636f
756e
7420
2844
303d
3078
3030
3030
3030
4630
2c20
4431
3d32
2900
4c53
522e
5720
2334
2c44
3020
2028
4430
3d30
7831
3233
3435
3637
3829
004c
5352
2e42
2044
312c
4430
2020
7265
672d
636f
756e
7420
2844
303d
3078
3030
3030
3030
4630
2c20
4431
3d32
2900
524f
4c2e
5720
2334
2c44
3020
2028
4430
3d30
7831
3233
3435
3637
3829
0052
4f4c
2e42
2044
312c
4430
2020
7265
672d
636f
756e
7420
2844
303d
3078
3030
3030
3030
4630
2c20
4431
3d32
2900
5441
5320
4430
2020
2844
303d
3078
3030
202d
3e20
5a3d
312c
2044
302e
423d
3078
3830
2900
5441
5320
4430
2020
2844
303d
3078
3746
202d
3e20
4e3d
302c
5a3d
303b
2044
302e
423d
3078
4646
2900
5441
5320
4430
2020
2844
303d
3078
3830
202d
3e20
4e3d
312c
5a3d
303b
2044
302e
423d
3078
3830
2900
5441
5320
2841
3629
2020
2872
616d
5b30
5d3d
3078
3430
202d
3e20
4e3d
302c
5a3d
303b
2072
616d
5b30
5d3d
3078
4330
2900
434d
5032
2e57
2028
4136
292c
4430
2020
696e
2d72
616e
6765
2020
2844
303d
3078
3230
2c20
626f
756e
6473
5b24
3130
2c24
3330
5d29
0043
4d50
322e
5720
2841
3629
2c44
3020
206f
6e2d
626f
756e
6461
7279
2020
2844
303d
3078
3130
202d
3e20
5a3d
3129
0043
4d50
322e
5720
2841
3629
2c44
3020
206f
7574
2d6f
662d
7261
6e67
6520
2028
4430
3d30
7831
3030
202d
3e20
433d
3129
0043
484b
322e
5720
2841
3629
2c44
3020
2069
6e2d
7261
6e67
6520
2028
4430
3d30
7832
302c
206e
6f20
7472
6170
2900
5452
4150
5620
2056
3d30
2028
6e6f
2074
7261
702c
2066
616c
6c73
2074
6872
6f75
6768
2900
434d
502e
4c20
2841
3629
2c44
3020
2028
4430
3d30
7831
3233
3435
3637
3820
7673
2072
616d
3d30
7831
3233
3435
3637
3820
2d3e
205a
3d31
2900
4144
4451
2e4c
2023
352c
4130
2020
2841
303d
7363
7261
7463
682b
3078
3130
202d
3e20
2b35
3b20
4343
5220
756e
6166
6665
6374
6564
2900
5355
4251
2e4c
2023
332c
4131
2020
2841
313d
7363
7261
7463
682b
3078
3130
202d
3e20
2d33
3b20
4343
5220
756e
6166
6665
6374
6564
2900
4144
442e
4c20
2841
3629
2c44
3020
206d
656d
2d73
7263
2028
4430
3d30
7831
3233
3435
3637
3829
0041
4444
2e57
2028
4136
292c
4430
2020
6d65
6d2d
7372
6320
2844
303d
3078
3132
3334
3536
3738
2900
4144
442e
4220
2841
3629
2c44
3020
206d
656d
2d73
7263
2028
4430
3d30
7831
3233
3435
3637
3829
0053
5542
2e4c
2028
4136
292c
4430
2020
6d65
6d2d
7372
6320
2844
303d
3078
3132
3334
3536
3738
2900
5355
422e
5720
2841
3629
2c44
3020
206d
656d
2d73
7263
2028
4430
3d30
7831
3233
3435
3637
3829
0053
5542
2e42
2028
4136
292c
4430
2020
6d65
6d2d
7372
6320
2844
303d
3078
3132
3334
3536
3738
2900
414e
442e
4c20
2841
3629
2c44
3020
206d
656d
2d73
7263
2028
4430
3d30
7831
3233
3435
3637
3829
0041
4e44
2e57
2028
4136
292c
4430
2020
6d65
6d2d
7372
6320
2844
303d
3078
3132
3334
3536
3738
2900
414e
442e
4220
2841
3629
2c44
3020
206d
656d
2d73
7263
2028
4430
3d30
7831
3233
3435
3637
3829
004f
522e
4c20
2841
3629
2c44
3020
206d
656d
2d73
7263
2028
4430
3d30
7831
3233
3435
3637
3829
004f
522e
5720
2841
3629
2c44
3020
206d
656d
2d73
7263
2028
4430
3d30
7831
3233
3435
3637
3829
004f
522e
4220
2841
3629
2c44
3020
206d
656d
2d73
7263
2028
4430
3d30
7831
3233
3435
3637
3829
0041
4444
2e4c
2044
302c
2841
3629
2020
6d65
6d2d
6473
7420
2844
303d
3078
4341
4645
4241
4245
2900
4144
442e
5720
4430
2c28
4136
2920
206d
656d
2d64
7374
2028
4430
3d30
7843
4146
4542
4142
4529
0041
4444
2e42
2044
302c
2841
3629
2020
6d65
6d2d
6473
7420
2844
303d
3078
4341
4645
4241
4245
2900
5355
422e
4c20
4430
2c28
4136
2920
206d
656d
2d64
7374
2028
4430
3d30
7843
4146
4542
4142
4529
0053
5542
2e57
2044
302c
2841
3629
2020
6d65
6d2d
6473
7420
2844
303d
3078
4341
4645
4241
4245
2900
5355
422e
4220
4430
2c28
4136
2920
206d
656d
2d64
7374
2028
4430
3d30
7843
4146
4542
4142
4529
0041
4e44
2e4c
2044
302c
2841
3629
2020
6d65
6d2d
6473
7420
2844
303d
3078
4341
4645
4241
4245
2900
414e
442e
5720
4430
2c28
4136
2920
206d
656d
2d64
7374
2028
4430
3d30
7843
4146
4542
4142
4529
0041
4e44
2e42
2044
302c
2841
3629
2020
6d65
6d2d
6473
7420
2844
303d
3078
4341
4645
4241
4245
2900
454f
522e
4c20
4430
2c28
4136
2920
206d
656d
2d64
7374
2028
4430
3d30
7843
4146
4542
4142
4529
0045
4f52
2e57
2044
302c
2841
3629
2020
6d65
6d2d
6473
7420
2844
303d
3078
4341
4645
4241
4245
2900
454f
522e
4220
4430
2c28
4136
2920
206d
656d
2d64
7374
2028
4430
3d30
7843
4146
4542
4142
4529
0041
4444
492e
4c20
2330
7831
3233
3435
3637
382c
2841
3629
0041
4444
492e
5720
2330
7831
3233
342c
2841
3629
0041
4444
492e
4220
2330
7835
352c
2841
3629
0053
5542
492e
4c20
2330
7831
3233
3435
3637
382c
2841
3629
0053
5542
492e
5720
2330
7831
3233
342c
2841
3629
0053
5542
492e
4220
2330
7835
352c
2841
3629
0041
4e44
492e
4c20
2330
7831
3233
3435
3637
382c
2841
3629
0041
4e44
492e
5720
2330
7831
3233
342c
2841
3629
0041
4e44
492e
4220
2330
7835
352c
2841
3629
0045
4f52
492e
4c20
2330
7831
3233
3435
3637
382c
2841
3629
0045
4f52
492e
5720
2330
7831
3233
342c
2841
3629
0045
4f52
492e
4220
2330
7835
352c
2841
3629
0043
4d50
492e
4c20
2330
7830
3030
3031
3233
342c
2841
3629
2020
285a
3d31
2900
434d
5049
2e57
2023
3078
3132
3334
2c28
4136
2920
2028
636d
7020
776f
7264
2061
7420
4136
203d
2030
7830
3030
3029
0043
4d50
492e
4220
2330
7830
302c
2841
3629
2020
285a
3d31
2900
434d
502e
4c20
2841
3129
2b2c
4430
2020
4131
3d73
6372
6174
6368
2028
4430
3d30
7831
3233
3435
3637
3820
7673
2072
616d
202d
3e20
5a3d
3129
0043
4d50
2e57
202d
2841
3129
2c44
3020
2041
313d
7363
7261
7463
682b
3220
2844
303d
3078
3132
3334
3536
3738
2076
7320
7261
6d5b
302e
2e31
5d3d
3078
3132
3334
202d
3e20
5a3d
3129
0043
4d50
2e42
2033
2841
3629
2c44
3020
2028
4430
3d30
7837
3820
7673
2072
616d
5b33
5d3d
3078
3738
202d
3e20
5a3d
3129
0042
5453
5420
4431
2c28
4131
292b
2020
4131
3d73
6372
6174
6368
2c20
4431
3d37
202d
3e20
7465
7374
7320
6269
7420
3720
6f66
2030
7838
3000
4253
4554
2044
312c
3228
4136
2920
2044
313d
3020
2d3e
2073
6574
2062
6974
2030
206f
6620
7261
6d5b
325d
3d30
7830
3000
524f
4c2e
5720
2841
3629
2020
6d65
6d2d
7368
6966
7420
7369
6e67
6c65
2062
6974
2028
7261
6d3d
3078
3830
3031
202d
3e20
3078
3030
3033
2900
524f
522e
5720
2841
3629
2020
6d65
6d2d
7368
6966
7420
7369
6e67
6c65
2062
6974
2028
7261
6d3d
3078
3830
3031
202d
3e20
3078
4330
3030
2900
4246
5453
5420
2841
3629
7b38
3a38
7d20
2062
7974
6520
7261
6d5b
315d
3d30
7846
4620
2d3e
204e
3d31
2c5a
3d30
0042
4645
5854
5520
2841
3629
7b38
3a38
7d2c
4431
2020
2d3e
2044
313d
3078
4646
0042
4643
4847
2028
4136
297b
383a
387d
2020
7261
6d5b
315d
3d30
7846
4620
2d3e
2030
7830
3000
4246
434c
5220
2841
3629
7b38
3a38
7d20
2072
616d
5b31
5d3d
3078
4646
202d
3e20
3078
3030
0042
4653
4554
2028
4136
297b
303a
387d
2020
7261
6d5b
305d
3d30
7831
3220
2d3e
2030
7846
4600
4245
512e
4c20
2074
616b
656e
2028
5a3d
3129
0042
4e45
2e4c
2020
6e6f
742d
7461
6b65
6e20
285a
3d31
2900
4243
532e
4c20
2074
616b
656e
2028
433d
3129
0042
5653
2e4c
2020
7461
6b65
6e20
2856
3d31
2900
4252
412e
4c20
2061
6c77
6179
732d
736b
6970
0042
5352
2e4c
202f
2052
5453
2020
726f
756e
642d
7472
6970
0044
4254
2044
312c
6c6f
6f70
2020
6363
3d54
7275
6520
2869
6d6d
6564
6961
7465
2065
7869
742c
2044
313d
3329
0044
4248
4920
4431
2c6c
6f6f
7020
2063
633d
5472
7565
2028
696d
6d65
6469
6174
6520
6578
6974
2c20
4431
3d33
2900
4442
4c53
2044
312c
6c6f
6f70
2020
6363
3d54
7275
6520
2869
6d6d
6564
6961
7465
2065
7869
742c
2044
313d
3329
0044
4243
4320
4431
2c6c
6f6f
7020
2063
633d
5472
7565
2028
696d
6d65
6469
6174
6520
6578
6974
2c20
4431
3d33
2900
4442
4353
2044
312c
6c6f
6f70
2020
6363
3d54
7275
6520
2869
6d6d
6564
6961
7465
2065
7869
742c
2044
313d
3329
0044
4256
4320
4431
2c6c
6f6f
7020
2063
633d
5472
7565
2028
696d
6d65
6469
6174
6520
6578
6974
2c20
4431
3d33
2900
4442
5653
2044
312c
6c6f
6f70
2020
6363
3d54
7275
6520
2869
6d6d
6564
6961
7465
2065
7869
742c
2044
313d
3329
0044
4250
4c20
4431
2c6c
6f6f
7020
2063
633d
5472
7565
2028
696d
6d65
6469
6174
6520
6578
6974
2c20
4431
3d33
2900
4442
4d49
2044
312c
6c6f
6f70
2020
6363
3d54
7275
6520
2869
6d6d
6564
6961
7465
2065
7869
742c
2044
313d
3329
0044
4247
4520
4431
2c6c
6f6f
7020
2063
633d
5472
7565
2028
696d
6d65
6469
6174
6520
6578
6974
2c20
4431
3d33
2900
4442
4c54
2044
312c
6c6f
6f70
2020
6363
3d54
7275
6520
2869
6d6d
6564
6961
7465
2065
7869
742c
2044
313d
3329
0044
4247
5420
4431
2c6c
6f6f
7020
2063
633d
5472
7565
2028
696d
6d65
6469
6174
6520
6578
6974
2c20
4431
3d33
2900
4442
4c45
2044
312c
6c6f
6f70
2020
6363
3d54
7275
6520
2869
6d6d
6564
6961
7465
2065
7869
742c
2044
313d
3329
0052
5452
2020
706f
7020
4343
523d
2430
3720
2b20
5043
3d28
6431
362c
5043
2920
6672
6f6d
2073
7461
636b
0042
5352
2e57
202f
2052
5444
2023
3020
2072
6f75
6e64
2d74
7269
7000
4253
522e
5720
2f20
5254
4420
2334
2020
2841
3720
6e65
7420
2b34
2076
7320
5254
533b
2041
3720
6578
636c
7564
6564
2066
726f
6d20
6469
6666
2900
5045
4120
2841
3629
203b
204d
4f56
452e
4c20
2841
3729
2b2c
4430
2020
2844
3020
7368
6f75
6c64
203d
2024
3030
3030
3138
3030
2900
5045
4120
3136
2841
3629
203b
204d
4f56
452e
4c20
2841
3729
2b2c
4430
2020
2844
3020
7368
6f75
6c64
203d
2024
3030
3030
3138
3130
2900
4c49
4e4b
2e4c
2041
302c
232d
3332
202f
2055
4e4c
4b20
4130
2020
286e
6574
206e
6f2d
6f70
2c20
3032
302b
2900
4558
433a
2043
484b
322e
5720
2841
3629
2c44
3020
206f
7574
2d6f
662d
7261
6e67
6520
2844
303d
3078
3130
302c
2076
6563
2036
202f
2024
3138
2900
4142
4344
2044
312c
4430
2020
4431
3d24
3939
2044
303d
2430
3120
2d3e
2024
3030
2077
6974
6820
433d
3100
5342
4344
2044
312c
4430
2020
4431
3d24
3035
2044
303d
2431
3020
2d3e
2024
3035
004e
4243
4420
2841
3629
2020
7261
6d5b
305d
3d24
3432
202d
3e20
2435
3820
2831
302d
636f
6d70
6c65
6d65
6e74
2042
4344
2900
4d4f
5645
2e4c
2028
7878
7829
2e4c
3d24
3138
3230
2c44
3120
2061
6273
2d6c
6f6e
6720
7265
6164
004d
4f56
452e
4c20
4430
2c28
7878
7829
2e4c
3d24
3138
3230
2020
6162
732d
6c6f
6e67
2077
7269
7465
2028
4430
3d30
7831
3233
3435
3637
3829
004d
4f56
452e
5720
4430
2c28
7878
7829
2e57
3d24
3138
3230
2020
6162
732d
7368
6f72
7420
7772
6974
6520
2844
303d
3078
3132
3334
3536
3738
202d
3e20
776f
7264
2024
3536
3738
2900
4d4f
5645
2066
726f
6d20
4343
522c
2841
3629
2020
2843
4352
3d30
7830
4620
2d3e
2072
616d
5b30
2e2e
315d
203d
2030
7830
3030
4629
004d
4f56
4520
2841
3629
2c43
4352
2020
7265
6164
7320
776f
7264
2030
7830
3031
4620
2d3e
2043
4352
3d30
7831
4600
5453
542e
4220
2841
3629
2020
7261
6d5b
305d
3d30
7838
3020
2d3e
204e
3d31
2c5a
3d30
0054
5354
2e57
2028
4136
2920
2072
616d
5b30
2e2e
315d
3d30
7838
3030
3020
2d3e
204e
3d31
2c5a
3d30
0054
5354
2e4c
2028
4136
2920
2072
616d
5b30
2e2e
335d
3d30
7838
3030
3030
3030
3120
2d3e
204e
3d31
2c5a
3d30
0043
4c52
2e42
2028
4136
2920
2072
616d
5b30
5d3d
3078
3131
202d
3e20
3078
3030
0043
4c52
2e57
2028
4136
2920
2072
616d
5b30
2e2e
315d
3d30
7831
3132
3220
2d3e
2030
7830
3030
3000
434c
522e
4c20
2841
3629
2020
7261
6d5b
302e
2e33
5d3d
3078
3131
3232
3333
3434
202d
3e20
3078
3030
3030
3030
3030
004e
4547
2e4c
2028
4136
2920
2072
616d
5b30
2e2e
335d
3d30
7831
3233
3435
3637
3820
2d3e
2030
7845
4443
4241
3938
3800
4e4f
542e
5720
2841
3629
2020
7261
6d5b
302e
2e31
5d3d
3078
3132
3334
202d
3e20
3078
4544
4342
004e
4547
582e
4c20
2841
3629
2020
7261
6d3d
352c
2058
3d31
202d
3e20
3078
4646
4646
4646
4641
0054
4153
2028
4131
292b
2020
4131
3d73
6372
6174
6368
2b31
2072
616d
5b31
5d3d
3078
3430
202d
3e20
3078
4330
2c20
4131
2b3d
3100
4144
442e
4c20
2841
3129
2b2c
4430
2020
4131
3d73
6372
6174
6368
2028
4430
3d30
7831
3029
0041
4444
2e4c
202d
2841
3129
2c44
3020
2041
313d
7363
7261
7463
682b
3400
4144
442e
4c20
3028
4136
292c
4430
0041
4444
2e4c
2023
3078
3132
3334
3536
3738
2c44
3000
5355
422e
4c20
2841
3129
2b2c
4430
2020
4131
3d73
6372
6174
6368
2028
4430
3d30
7831
3029
0053
5542
2e4c
202d
2841
3129
2c44
3020
2041
313d
7363
7261
7463
682b
3400
5355
422e
4c20
3028
4136
292c
4430
0053
5542
2e4c
2023
3078
3132
3334
3536
3738
2c44
3000
414e
442e
4c20
2841
3129
2b2c
4430
2020
4131
3d73
6372
6174
6368
2028
4430
3d30
7831
3029
0041
4e44
2e4c
202d
2841
3129
2c44
3020
2041
313d
7363
7261
7463
682b
3400
414e
442e
4c20
3028
4136
292c
4430
0041
4e44
2e4c
2023
3078
3132
3334
3536
3738
2c44
3000
4f52
2e4c
2028
4131
292b
2c44
3020
2041
313d
7363
7261
7463
6820
2844
303d
3078
3130
2900
4f52
2e4c
202d
2841
3129
2c44
3020
2041
313d
7363
7261
7463
682b
3400
4f52
2e4c
2030
2841
3629
2c44
3000
4f52
2e4c
2023
3078
3132
3334
3536
3738
2c44
3000
4144
442e
4c20
4430
2c28
4131
292b
2020
4131
3d73
6372
6174
6368
2028
4430
3d30
7831
3030
2900
5355
422e
4c20
4430
2c2d
2841
3129
2020
4131
3d73
6372
6174
6368
2b34
2028
4430
3d30
7831
3030
2900
414e
442e
4c20
4430
2c34
2841
3629
2020
6431
3620
6473
7400
4c53
4c2e
4c20
2338
2c44
3020
2864
6174
6120
6669
656c
643d
3020
2d3e
2063
6f75
6e74
2038
2920
4430
3d30
7838
3030
3030
3030
3100
4153
522e
4c20
4431
2c44
3020
2863
6e74
3d33
3229
2044
303d
3078
3830
3030
3030
3030
004c
534c
2e4c
2044
312c
4430
2028
636e
743d
3333
2920
4430
3d30
7846
4646
4646
4646
4600
4c53
522e
4c20
4431
2c44
3020
2863
6e74
3d36
3420
6d6f
6436
343d
303b
206e
6f2d
6f70
2c20
433d
3029
2044
303d
3078
4341
4645
4241
4245
0052
4f4c
2e4c
2044
312c
4430
2028
636e
743d
3634
206d
6f64
3634
3d30
2920
4430
3d30
7838
3030
3030
3030
3100
4153
4c2e
5720
2334
2c44
3020
2856
3d31
2065
7870
6563
7465
6429
2044
303d
3078
4646
4646
3830
3030
0052
4f58
4c2e
4c20
4431
2c44
3020
2863
6e74
3d30
2076
6961
206d
6f64
3634
3b20
433d
582c
2058
2075
6e63
6861
6e67
6564
2920
583d
3120
4430
3d30
0042
4645
5854
5520
4430
7b44
313a
4432
7d2c
4433
2064
796e
206f
6666
2b77
6964
7468
2028
6f66
663d
3820
773d
3820
2d3e
2044
333d
3078
4646
2900
4246
494e
5320
4433
2c44
307b
4431
3a44
327d
2064
796e
2028
6f66
663d
382c
773d
383b
2044
333d
3078
4142
202d
3e20
4430
5b38
3a38
5d3d
3078
4142
2900
4246
4348
4720
4430
7b44
313a
387d
2064
796e
206f
6666
2028
4431
3d31
3620
2d3e
2066
6c69
7020
4430
5b31
363a
385d
2900
4246
4558
5455
2028
4136
297b
3132
3a31
367d
2c44
3120
2063
726f
7373
2d62
7974
6520
2865
7870
6563
7473
2030
7843
4443
4229
0042
4646
464f
2028
4136
297b
303a
3332
7d2c
4431
2020
2d3e
2044
3120
3d20
6269
7423
206f
6620
6669
7273
7420
7365
7420
696e
2030
7846
4544
4342
4139
3800
4d55
4c55
2e57
2044
312c
4430
2028
6d61
785f
756e
7369
676e
6564
2030
7846
4646
462a
3078
4646
4646
2900
4d55
4c53
2e57
2044
312c
4430
2028
6d61
785f
756e
7369
676e
6564
2030
7846
4646
462a
3078
4646
4646
2900
4d55
4c55
2e57
2044
312c
4430
2028
6d73
625f
785f
6d73
6220
3078
3830
3030
2a30
7838
3030
3029
004d
554c
532e
5720
4431
2c44
3020
286d
7362
5f78
5f6d
7362
2030
7838
3030
302a
3078
3830
3030
2900
4d55
4c55
2e57
2044
312c
4430
2028
6d73
5f73
6967
6e65
6420
3078
4646
4646
2a30
7838
3030
3029
004d
554c
532e
5720
4431
2c44
3020
286d
735f
7369
676e
6564
2030
7846
4646
462a
3078
3830
3030
2900
4d55
4c55
2e57
2044
312c
4430
2028
785f
7a65
726f
2030
7830
3030
312a
3078
3030
3030
2900
4d55
4c53
2e57
2044
312c
4430
2028
785f
7a65
726f
2030
7830
3030
312a
3078
3030
3030
2900
4449
5653
2e57
2044
312c
4430
2028
6e65
675f
6469
765f
706f
7320
4430
3d30
7846
4646
4646
4646
3620
2f44
313d
3078
3030
3030
3030
3034
2900
4449
5653
2e57
2044
312c
4430
2028
706f
735f
6469
765f
6e65
6720
4430
3d30
7830
3030
3030
3030
4120
2f44
313d
3078
3030
3030
4646
4643
2900
4449
5653
2e57
2044
312c
4430
2028
6e65
675f
6469
765f
6e65
6720
4430
3d30
7846
4646
4646
4646
3620
2f44
313d
3078
3030
3030
4646
4643
2900
4449
5653
2e57
2044
312c
4430
2028
6f76
6572
666c
6f77
2044
303d
3078
3030
3031
3030
3030
202f
4431
3d30
7830
3030
3030
3030
3129
0044
4956
552e
5720
4431
2c44
3020
2862
6967
5f75
6e73
6967
6e65
6429
0044
4956
552e
5720
4431
2c44
3020
2865
7861
6374
5f64
6976
2900
4d4f
5645
4d2e
4c20
4430
2f44
322f
4131
2f41
352c
2841
3629
2020
6d69
7865
6420
6d61
736b
004d
4f56
454d
2e4c
2044
342d
4436
2f41
302d
4132
2c2d
2841
3129
2070
7265
6465
6320
6d69
7865
6400
4d4f
5645
4d2e
5720
2841
3129
2c44
302d
4433
2020
4131
3d73
6372
6174
6368
2028
7369
676e
6564
2073
6967
6e2d
6578
7429
0053
4551
2028
4136
2920
2043
4352
3d30
7830
3428
5a3d
3129
202d
3e20
7261
6d5b
305d
3d30
7846
4600
534e
4520
2841
3629
2020
4343
523d
3078
3034
285a
3d31
2920
2d3e
2072
616d
5b30
5d3d
3078
3030
0053
4c54
2032
2841
3629
2020
4343
523d
3078
3038
284e
3d31
2c56
3d30
202d
3e20
4c54
2074
7275
6529
202d
3e20
7261
6d5b
325d
3d30
7846
4600
434d
504d
2e42
2028
4131
292b
2c28
4130
292b
2020
4130
3d73
6372
6174
6368
2b32
2041
313d
7363
7261
7463
6820
285a
3d31
2900
434d
504d
2e57
2028
4131
292b
2c28
4130
292b
2020
5a3d
3120
2863
6f6d
7061
7265
7320
3078
3132
3939
203d
3d20
3078
3132
3939
2900
4d4f
5645
412e
5720
2330
7830
3030
312c
4130
2020
2870
6f73
6974
6976
652c
206e
6f20
7369
676e
2d65
7874
2900
4d4f
5645
412e
5720
2330
7838
3030
302c
4130
2020
2873
6967
6e2d
6578
7420
2d3e
2030
7846
4646
4638
3030
3029
004d
4f56
4541
2e57
2028
4131
292c
4130
2020
4131
3d73
6372
6174
6368
2c20
776f
7264
3d24
3830
3031
202d
3e20
4130
3d30
7846
4646
4638
3030
3100
5041
434b
2044
312c
4430
2c23
3078
4646
4646
2028
4431
3d30
7830
3030
3033
3133
3220
2d3e
206c
6f77
2062
7974
6520
3d20
6c6f
7720
6279
7465
206f
6620
3078
3331
3332
2b30
7846
4646
463d
3078
3330
3331
202d
3e20
3078
3031
2900
554e
504b
2044
312c
4430
2c23
3078
3330
3330
2028
4431
3d30
7841
4220
2d3e
2044
3020
776f
7264
203d
2027
3041
272b
6e69
6262
6c65
2027
4227
203d
2030
7833
3034
3120
3078
3330
3432
3f20
7761
6e74
2030
7833
412c
3078
3342
2900
4142
4344
202d
2841
3129
2c2d
2841
3029
2020
583d
3120
2830
7831
3520
2b20
3078
3237
202b
2031
203d
2030
7834
3329
0054
5354
2e4c
2041
3020
2028
4130
3d30
2c20
3032
302b
2920
2d3e
205a
3d31
0054
5354
2e57
2041
3020
2028
4130
3d24
4646
4646
4646
4645
2077
6f72
6420
7061
7274
2c20
6275
7420
5453
542e
5720
6f6e
2041
6e20
6f6e
6c79
2076
616c
6964
2030
3230
2b29
004c
4541
2028
302c
4136
2c44
302e
5729
2c41
3020
2044
303d
3078
3130
202d
3e20
4130
203d
2073
6372
6174
6368
202b
2030
7831
3000
5045
4120
2830
2c41
362c
4430
2e57
2920
3b20
4d4f
5645
2e4c
2028
4137
292b
2c44
3020
2844
303d
3420
2d3e
2070
7573
6820
7363
7261
7463
682b
3429
004c
494e
4b20
4130
2c23
3020
2f20
554e
4c4b
2041
3000
4144
4458
2e4c
2044
312c
4430
2020
7769
7468
2058
3d31
2c20
6f76
6572
666c
6f77
2028
4430
3d30
7837
4646
4646
4646
4620
2b20
4431
3d30
202b
2031
202d
3e20
563d
312c
4e3d
3129
0053
5542
582e
4c20
4431
2c44
3020
2077
6974
6820
583d
312c
2062
6f72
726f
7720
2844
303d
3020
2d20
4431
3d30
202d
2031
202d
3e20
2d31
2c20
583d
433d
4e3d
3129
0043
4d50
2e42
2044
312c
4430
2020
2844
302e
423d
3078
3830
2076
7320
4431
2e42
3d30
7837
4620
2d3e
2056
3d31
2c4e
3d30
2900
434d
502e
5720
4431
2c44
3020
2028
4430
2e57
3d30
7838
3030
3020
7673
2044
312e
573d
3078
3746
4646
202d
3e20
563d
3129
004e
4547
2e4c
2044
3020
2028
4430
3d30
7838
3030
3030
3030
3020
2d3e
2056
3d31
2c4e
3d31
2900
4e45
472e
4220
4430
2020
2844
302e
423d
3078
3830
202d
3e20
563d
3129
0042
5345
5420
2333
332c
4430
2020
286d
6f64
2033
3220
3d20
313b
2073
6574
7320
6269
7420
3120
6f66
2044
303d
3029
0042
434c
5220
4431
2c44
3020
2044
313d
3634
206d
6f64
2033
3220
3d20
3020
2863
6c65
6172
2062
6974
2030
206f
6620
3078
4646
4646
4646
4646
2900
4e4f
5020
7769
7468
2043
4352
3d30
7831
4620
7072
656c
6f61
6420
284e
4f50
2070
7265
7365
7276
6573
2043
4352
2900
5453
542e
4220
2841
3129
2b20
2072
616d
5b30
5d3d
3078
3830
202d
3e20
4e3d
313b
2041
312b
3d31
0054
5354
2e57
202d
2841
3129
2020
4131
3d73
6372
6174
6368
2b34
2028
7072
6564
6563
2074
6f20
7363
7261
7463
682b
323b
2077
6f72
643d
3078
3031
3030
2900
434c
522e
4220
2841
3129
2b20
2041
313d
7363
7261
7463
6820
2872
616d
5b30
5d3d
3078
3830
202d
3e20
303b
2041
312b
3d31
2900
4e45
472e
4220
2841
3629
2020
7261
6d5b
305d
3d30
7838
3020
2d3e
2030
7838
3020
2856
3d31
202d
2d20
6d69
6e20
6e65
6729
004e
4547
2e57
2028
4136
2920
2072
616d
5b30
2e2e
315d
3d30
7838
3037
4620
2d3e
2030
7837
4638
3100
4e4f
542e
4220
2841
3629
2020
7261
6d5b
305d
3d30
7838
3020
2d3e
2030
7837
4600
4e4f
542e
4c20
2841
3629
2020
7261
6d5b
302e
2e33
5d3d
3078
3830
3746
3031
3030
202d
3e20
3078
3746
3830
4645
4646
004e
4547
582e
4220
2841
3629
2020
7261
6d5b
305d
3d30
7830
352c
2058
3d31
202d
3e20
3078
4641
004e
4547
582e
5720
2841
3629
2020
7261
6d5b
302e
2e31
5d3d
3078
3830
3746
2c20
583d
3020
2d3e
2030
7837
4638
3100
4144
442e
4c20
4431
2c44
3020
2070
6f73
2b70
6f73
206f
7665
7266
6c6f
7720
2844
303d
3078
3746
4646
4646
4646
202b
2044
313d
3120
2d3e
2056
3d31
2c4e
3d31
2900
4144
442e
4c20
4431
2c44
3020
206e
6567
2b6e
6567
206f
7665
7266
6c6f
7720
2844
303d
3078
3830
3030
3030
3030
202b
2044
313d
3078
4646
4646
4646
4646
202d
3e20
563d
3129
0053
5542
2e4c
2044
312c
4430
2020
706f
732d
6e65
6720
6f76
6572
666c
6f77
2028
4430
3d30
7837
4646
4646
4646
4620
2d20
4431
3d30
7846
4646
4646
4646
4620
2d3e
2056
3d31
2900
5355
422e
4220
4431
2c44
3020
2073
6967
6e65
6420
6f76
6572
666c
6f77
2028
4430
2e42
3d30
7838
3020
2d20
4431
2e42
3d31
202d
3e20
563d
3129
0052
4f58
4c2e
4c20
2331
2c44
3020
2058
3d30
2028
4430
3d30
7838
3030
3030
3030
3020
2d3e
2030
3b20
583d
312c
2043
3d31
2900
524f
584c
2e4c
2023
312c
4430
2020
583d
3120
2844
303d
3020
2d3e
2031
3b20
583d
302c
2043
3d30
2900
524f
5852
2e4c
2023
312c
4430
2020
583d
3120
2844
303d
3020
2d3e
2030
7838
3030
3030
3030
303b
2058
3d30
2900
4442
4620
4431
2c6c
6f6f
7020
2063
633d
4661
6c73
652c
2044
313d
3220
2833
2069
7465
7220
2d3e
2073
6372
6174
6368
5b30
5d3d
3329
0044
4248
4920
4431
2c6c
6f6f
7020
2063
633d
4661
6c73
652c
2044
313d
3220
2833
2069
7465
7220
2d3e
2073
6372
6174
6368
5b30
5d3d
3329
0044
4256
5320
4431
2c6c
6f6f
7020
2063
633d
4661
6c73
652c
2044
313d
3220
2833
2069
7465
7220
2d3e
2073
6372
6174
6368
5b30
5d3d
3329
0044
424d
4920
4431
2c6c
6f6f
7020
2063
633d
4661
6c73
652c
2044
313d
3220
2833
2069
7465
7220
2d3e
2073
6372
6174
6368
5b30
5d3d
3329
0053
4849
2028
4136
2920
2043
4352
3d30
7830
3020
2d3e
2072
616d
5b30
5d3d
3078
4646
0053
4c53
2028
4136
2920
2043
4352
3d30
7830
3120
2d3e
2072
616d
5b30
5d3d
3078
4646
0053
5653
2028
4136
2920
2043
4352
3d30
7830
3220
2d3e
2072
616d
5b30
5d3d
3078
4646
0053
4745
2028
4136
2920
2043
4352
3d30
7830
3020
2d3e
2072
616d
5b30
5d3d
3078
4646
0053
4754
2028
4136
2920
2043
4352
3d30
7830
3020
2d3e
2072
616d
5b30
5d3d
3078
4646
0053
4c45
2028
4136
2920
2043
4352
3d30
7830
3420
2d3e
2072
616d
5b30
5d3d
3078
4646
004d
554c
532e
4c20
4431
2c44
3020
2070
6f73
2a70
6f73
206f
7665
7266
6c6f
7720
696e
746f
2036
3462
2028
563d
3129
004d
554c
552e
4c20
4431
2c44
3020
206f
7665
7266
6c6f
7720
2830
7831
3030
3030
202a
2030
7831
3030
3030
203d
2030
7831
3030
3030
3030
3030
2c20
563d
3129
0044
4956
532e
4c20
4431
2c44
323a
4430
2020
3634
6220
6469
7669
6465
6e64
2028
4472
3a44
7120
3d20
303a
3078
3130
3030
3020
2f20
4431
3d32
202d
3e20
4471
3d30
7838
3030
3029
0045
5843
3a20
4449
5653
2e4c
2044
312c
4430
3a44
3020
2064
6976
6964
6520
6279
207a
6572
6f20
2876
6563
2035
202f
2024
3134
2900
4558
433a
2044
4956
552e
4c20
4431
2c44
303a
4430
2020
6469
7669
6465
2062
7920
7a65
726f
2028
7665
6320
3520
2f20
2431
3429
0041
5352
2e4c
2023
312c
4430
2020
4430
3d30
7838
3030
3030
3030
3020
2d3e
2030
7843
3030
3030
3030
3020
2873
6967
6e2d
6669
6c6c
2900
4153
522e
4c20
2333
312c
4430
2028
636e
743d
3820
696d
6d3b
206e
6565
6420
446d
2066
6f72
203e
3829
2e20
5573
6520
2337
202d
3e20
3078
4646
3030
3030
3030
0042
5453
5420
2331
352c
2841
3629
2020
286d
6f64
2038
203d
2037
3b20
6269
7420
3720
6f66
2030
7838
3020
2d3e
205a
3d30
2900
4144
4451
2e42
2023
312c
4430
2020
2844
302e
423d
3078
3746
202d
3e20
3078
3830
2c20
563d
3129
0041
4444
512e
5720
2332
2c44
3020
2028
4430
2e57
3d30
7837
4646
4620
2d3e
2030
7838
3030
312c
2056
3d31
2900
5355
4251
2e57
2023
352c
4430
2020
2844
302e
573d
3078
3030
3032
202d
3e20
3078
4646
4644
2c20
4e3d
312c
583d
312c
433d
3129
0041
4444
512e
4220
2334
2c28
4136
2920
2062
7974
6520
6d65
6d6f
7279
2064
7374
2028
7261
6d5b
305d
3d30
7831
3020
2d3e
2030
7831
3429
0041
4e44
2e42
2044
302c
3428
4136
2920
2064
3136
2064
7374
2028
4430
3d30
7830
4629
004f
522e
5720
4430
2c28
4131
292b
2020
2844
302e
573d
3078
3030
4646
2c20
4131
3d73
6372
6174
6368
2900
4d4f
5645
2e4c
2028
4131
292b
2c28
4130
292b
2020
4131
3d73
6372
6174
6368
2c20
4130
3d73
6372
6174
6368
2b38
004d
4f56
452e
4c20
4430
2c2d
2841
3129
2020
4131
3d73
6372
6174
6368
2b38
2c20
7772
6974
6573
2074
6f20
7363
7261
7463
682b
3400
4254
5354
2023
322c
3428
4136
2920
2072
616d
5b34
5d3d
3078
3535
202d
3e20
6269
7420
3220
7365
742c
205a
3d30
0042
4649
4e53
2044
312c
2841
3629
7b30
3a38
7d20
2044
313d
3078
3030
202d
3e20
7261
6d5b
305d
3d30
7830
3000
4246
434c
5220
2841
3629
7b30
3a31
367d
2020
7261
6d5b
302e
2e31
5d3d
3078
4646
4646
202d
3e20
3078
3030
3030
004c
4541
2034
2841
362c
4430
2e57
292c
4131
2020
4430
3d32
202d
3e20
4131
203d
2073
6372
6174
6368
2b36
0053
5542
412e
5720
2841
3129
2c41
3020
2041
303d
7363
7261
7463
682b
3078
3230
2c20
4131
3d73
6372
6174
6368
2028
7265
6164
7320
776f
7264
2030
7830
3031
3020
7369
676e
2d65
7874
2900
4558
4720
4437
2c44
3020
2068
6967
682f
6c6f
7720
6461
7461
2072
6567
7300
4558
4720
4135
2c44
3220
2028
4432
3d30
7831
3233
3435
3637
3820
4135
3d73
6372
6174
6368
2b30
7831
3029
0041
4444
412e
4c20
2330
7831
3030
2c41
3020
2069
6d6d
2077
6f72
643f
204e
6f2c
202e
4c20
696d
6d2e
2028
4130
3d73
6372
6174
6368
2b30
7831
3020
2d3e
202b
3078
3130
3029
0054
4153
2064
3136
2841
3629
2020
7261
6d5b
325d
3d30
7830
3020
2d3e
2030
7838
302c
205a
3d31
0054
5354
2e4c
2028
6431
362c
5043
2920
2064
6174
613d
3078
3830
3030
3030
3031
202d
3e20
4e3d
3100
4e4f
5020
7820
3420
2028
7465
7374
2070
7265
6665
7463
6820
6f76
6572
2034
2073
6571
7565
6e74
6961
6c20
4e4f
5073
2900
524f
584c
2e57
2023
332c
4430
2028
4430
3d30
7831
3233
3430
4645
302c
2058
3d31
2900
524f
584c
2e42
2023
352c
4430
2028
4430
2e42
3d30
7838
312c
2058
3d30
2900
524f
5852
2e57
2023
332c
4430
2028
4430
3d30
7831
3233
3430
4645
302c
2058
3d31
2900
524f
5852
2e42
2023
352c
4430
2028
4430
2e42
3d30
7838
312c
2058
3d30
2900
524f
4c2e
5720
2333
2c44
3020
2844
303d
3078
3132
3334
3046
4530
2c20
583d
3129
0052
4f4c
2e42
2023
352c
4430
2028
4430
2e42
3d30
7838
312c
2058
3d30
2900
524f
522e
5720
2333
2c44
3020
2844
303d
3078
3132
3334
3046
4530
2c20
583d
3129
0052
4f52
2e42
2023
352c
4430
2028
4430
2e42
3d30
7838
312c
2058
3d30
2900
4153
4c2e
4220
4431
2c44
3020
2844
302e
423d
3078
3430
2044
313d
3220
2d3e
2030
7830
3020
563d
3129
004c
5352
2e42
2044
312c
4430
2028
4430
2e42
3d30
7838
3020
4431
3d31
202d
3e20
3078
3430
2900
4142
4344
2044
312c
4430
2028
4430
3d30
7830
382b
4431
3d30
7830
3520
2d3e
2030
7831
332c
2058
3d30
3b20
6c6f
772d
6e69
6262
6c65
2063
6172
7279
2900
4142
4344
2044
312c
4430
2028
4430
3d30
7835
302b
4431
3d30
7836
3020
2d3e
2030
7831
302c
2043
3d31
3b20
6869
6768
2d6e
6962
626c
6520
6361
7272
7929
0053
4243
4420
4431
2c44
3020
2844
303d
3078
3130
2d44
313d
3078
3035
202d
3e20
3078
3035
3b20
6c6f
7720
626f
7272
6f77
2900
5342
4344
2044
312c
4430
2028
4430
3d30
7830
352d
4431
3d30
7831
302d
583d
3120
2d3e
2030
7839
3420
433d
313b
2068
6967
682b
6c6f
7720
626f
7272
6f77
2900
4e42
4344
2044
3020
2028
4430
3d30
7830
302c
2058
3d30
2900
4e42
4344
2044
3020
2028
4430
3d30
7839
392c
2058
3d30
2900
4e42
4344
2044
3020
2028
4430
3d30
7830
312c
2058
3d30
2900
4246
4646
4f20
4430
7b30
3a33
327d
2c44
3120
2044
303d
3078
3030
3030
3030
3031
2028
6269
7430
2900
4246
4646
4f20
4430
7b30
3a33
327d
2c44
3120
2044
303d
3078
3830
3030
3030
3030
2028
6269
7433
3129
0042
4646
464f
2044
307b
303a
3332
7d2c
4431
2020
4430
3d30
7846
4646
4646
4646
4620
2861
6c6c
2900
4246
4646
4f20
4430
7b30
3a33
327d
2c44
3120
2044
303d
3078
3030
3030
3030
3030
2028
6e6f
6e65
2900
4d4f
5645
2e4c
2028
6264
2e4c
2c41
365f
7375
7070
2c44
6e5f
7375
7070
292c
4431
2020
7075
7265
2062
642e
4c20
283d
2431
3830
3029
004d
4f56
452e
4c20
2862
642e
572c
4136
2c49
533d
3129
2c44
3120
206e
6f2d
696e
6465
782c
2062
643d
3420
2d3e
2072
6561
6420
7363
7261
7463
682b
3400
4253
4554
2023
312c
3428
4136
2920
2073
7461
7469
6320
2872
616d
5b34
5d3d
3078
3535
202d
3e20
3078
3537
2900
4243
4c52
2023
362c
3428
4136
2920
2073
7461
7469
6320
2872
616d
5b34
5d3d
3078
3535
202d
3e20
3078
3135
2900
4243
4847
2023
332c
3428
4136
2920
2073
7461
7469
6320
2872
616d
5b34
5d3d
3078
3535
202d
3e20
3078
3544
2900
4d4f
5645
2e4c
2023
3078
3132
3334
3536
3738
2c28
4136
2920
2028
696d
6d65
6469
6174
6520
7372
632c
206d
656d
2064
7374
2900
4d4f
5645
2e57
2023
3078
4341
4645
2c64
3136
2841
3629
2020
2869
6d6d
2073
7263
2c20
6431
3620
6473
7429
0043
484b
2e4c
2044
312c
4430
2020
2844
303d
352c
4431
3d31
3020
696e
2d62
6f75
6e64
732c
206e
6f20
7472
6170
2900
4558
433a
2043
484b
2e4c
2044
312c
4430
2020
2844
303d
3230
203e
2044
313d
3130
2c20
7665
6320
3620
2f20
2431
3829
0054
5241
5046
2020
2863
633d
4661
6c73
652c
206e
6576
6572
2074
7261
7029
0045
5843
3a20
5452
4150
5420
2028
6363
3d54
7275
652c
2061
6c77
6179
7320
7472
6170
2c20
7665
6320
3729
0054
5241
5046
2e57
2023
3020
2028
6e6f
2074
7261
7029
0054
5241
5046
2e4c
2023
3020
2028
6e6f
2074
7261
7029
004f
5249
2e57
2023
3078
4646
3030
2c44
3020
2028
4430
3d30
7831
3233
3430
3035
3620
2d3e
2030
7831
3233
3446
4635
3629
0041
4e44
492e
4220
2330
7846
302c
4430
2020
2844
303d
3078
3132
3334
3536
3738
202d
3e20
3078
3132
3334
3536
3730
2900
454f
5249
2e57
2023
3078
4646
4646
2c44
3020
2028
4430
2e57
3d30
7831
3233
3420
2d3e
2030
7845
4443
4229
004c
4541
2028
6264
2e57
3d24
3130
2c41
362c
4430
2e57
292c
4131
2020
2844
303d
3220
2d3e
2041
3120
3d20
7363
7261
7463
682b
2431
3229
0045
5847
2041
302c
4137
2020
2841
303d
7363
7261
7463
6820
4137
2075
6e63
6861
6e67
6564
3b20
4137
206e
6f74
2064
6966
6665
6429
0045
5847
2044
302c
4437
2020
7a65
726f
2b6e
6f6e
7a65
726f
004d
4f56
452e
4c20
4136
2c44
3020
2028
4430
203a
3d20
4136
203d
2073
6372
6174
6368
2900
4d4f
5645
412e
4c20
4430
2c41
3120
2028
4131
203a
3d20
4430
3d30
7841
4243
4445
4631
3229
0043
4d50
2e42
2028
4136
292c
4430
2020
2844
303d
3078
3432
2076
7320
7261
6d5b
305d
3d30
7834
3220
2d3e
205a
3d31
2900
4144
4458
2e42
2044
312c
4430
2020
2844
302e
423d
3078
4645
2b44
312e
423d
322b
583d
3020
2d3e
2030
7830
302c
2058
3d43
3d31
2900
5355
4258
2e57
2044
312c
4430
2020
2844
302e
573d
3078
3130
3030
2d44
312e
573d
3078
3046
4646
2d58
3d31
202d
3e20
3078
3030
3030
2c20
5a3d
3129
0041
534c
2e57
2023
312c
4430
2020
2844
302e
573d
3078
3430
3030
202d
3e20
3078
3830
3030
2056
3d31
2c4e
3d31
2900
4153
522e
5720
2331
2c44
3020
2028
4430
2e57
3d30
7830
3030
3120
2d3e
2030
7830
3030
3020
5a3d
312c
583d
433d
3129
0042
4654
5354
2044
307b
303a
3332
7d20
2044
303d
3020
2d3e
205a
3d31
0042
4654
5354
2044
307b
303a
317d
2020
4430
3d30
7846
4646
4646
4646
4620
2d3e
204e
3d31
2028
6269
7420
3020
3d20
746f
7020
6269
7429
004d
4f56
452e
4220
4430
2c2d
2841
3129
2020
4131
3d73
6372
6174
6368
2b34
2077
7269
7465
7320
6279
7465
2061
7420
7363
7261
7463
682b
3300
4d4f
5645
2e57
2044
302c
2d28
4131
2920
2041
313d
7363
7261
7463
682b
3420
7772
6974
6573
2077
6f72
6420
6174
2073
6372
6174
6368
2b32
0044
4956
552e
4c20
4431
2c44
303a
4432
2020
2844
323a
4430
203d
2024
313a
3030
3030
3030
3030
202f
2044
313d
2431
3030
3030
202d
3e20
4471
3d24
3130
3030
3020
7265
6d3d
3029
004d
4f56
452e
5720
2330
7844
4541
442c
2841
3129
2020
4131
3d73
6372
6174
6368
004f
5249
2e42
2023
3078
4630
2c28
4136
2920
2028
7261
6d5b
305d
3d30
7831
3020
2d3e
2030
7846
3029
0041
4e44
492e
4220
2330
7830
462c
2841
3629
2020
2872
616d
5b30
5d3d
3078
3130
202d
3e20
3078
3030
2c20
5a3d
3129
004c
534c
2e57
202d
2841
3129
2020
4131
3d73
6372
6174
6368
2b34
202d
3e20
7368
6966
7420
776f
7264
2061
7420
7363
7261
7463
682b
3220
3d20
3078
3430
3031
202d
3e20
3078
3830
3032
0042
5345
5420
2334
2c28
4131
292b
2020
4131
3d73
6372
6174
6368
2028
7261
6d5b
305d
3d30
7838
3020
2d3e
2030
7839
303b
2041
312b
3d31
2900
4d4f
5645
2e4c
2044
302c
4431
3b20
4d4f
5645
2e4c
2044
312c
4432
2020
2863
6861
696e
2900
4d4f
5645
2e4c
2028
5b62
642e
573d
302c
4136
5d2c
6f64
2e57
3d34
292c
4431
2020
706f
7374
696e
6465
7865
6420
6e6f
2d69
6478
2028
2d3e
4645
4544
4641
4345
2900
4153
4c2e
4c20
2331
2c44
3020
2028
4430
3d30
7837
4646
4646
4646
4620
2d3e
2030
7846
4646
4646
4646
453b
2043
3d30
2c56
3d31
2c4e
3d31
2900
4558
4720
4435
2c41
3520
2028
4435
3d30
7843
4146
4542
4142
4520
4135
3d73
6372
6174
6368
2b30
7831
3029
004d
4f56
452e
4c20
285b
6264
2e57
2c41
362c
4430
2e4c
2a32
5d29
2c44
3120
2070
7265
696e
6465
7865
6420
6e75
6c6c
2d6f
6420
2844
303d
3229
004d
4f56
452e
4c20
285b
6264
2e57
2c41
362c
4430
2e4c
2a32
5d2c
6f64
2e4c
3d34
292c
4431
2020
7072
6569
6e64
6578
6564
206c
6f6e
672d
6f64
004d
4f56
452e
4c20
285b
6264
2e57
2c41
365d
2c44
302e
4c2a
3229
2c44
3120
2070
6f73
7469
6e64
6578
6564
206e
756c
6c2d
6f64
2028
4430
3d34
2900
4558
433a
2054
5241
5054
2e57
2023
3020
2028
616c
7761
7973
2074
7261
702c
2076
6563
2037
2900
4558
433a
2054
5241
5054
2e4c
2023
3020
2028
616c
7761
7973
2074
7261
702c
2076
6563
2037
2900
4558
433a
2054
5241
5045
5120
2043
4352
3d30
7830
3420
285a
3d31
2920
2d3e
2074
7261
7000
5452
4150
4e45
2020
4343
523d
3078
3034
2028
5a3d
3129
202d
3e20
6e6f
2074
7261
7000
4d4f
5645
4d2e
5720
2841
3129
2b2c
4430
2d44
3320
2070
6f73
7469
6e63
2c20
7369
676e
2d65
7874
656e
6473
2074
6f20
3332
2d62
6974
004d
4f56
454d
2e57
2044
302d
4433
2c2d
2841
3129
2020
7072
6564
6563
2c20
2e57
2077
7269
7465
7320
6c6f
7720
776f
7264
206f
6620
6561
6368
2044
6e00
4153
4c2e
5720
2841
3129
2b20
2041
313d
7363
7261
7463
682b
3220
2877
6f72
6420
3078
3430
3031
202d
3e20
3078
3830
3032
2c20
563d
3129
004c
5352
2e57
2032
2841
3629
2020
2877
6f72
6420
3078
3430
3031
202d
3e20
3078
3230
3030
2c20
433d
3129
0042
4645
5854
5320
2841
3629
7b30
3a31
367d
2c44
3120
202d
3e20
4431
203d
2073
6967
6e2d
6578
7428
3078
4645
4443
2920
3d20
3078
4646
4646
4645
4443
0042
4649
4e53
2044
312c
2841
3629
7b34
3a38
7d20
2044
313d
3078
3541
202d
3e20
7261
6d5b
302e
2e31
5d20
6269
7473
2034
2e2e
3131
203d
2030
7835
4100
434d
5049
2e57
2023
3078
3830
3030
2c44
3020
2028
4430
2e57
3d30
7838
3030
3020
2d3e
205a
3d31
2900
434d
5049
2e42
2023
3078
4646
2c44
3020
2028
4430
2e42
3d30
7846
4620
2d3e
205a
3d31
2900
4142
4344
2044
312c
4430
2028
4430
3d30
7839
392b
4431
3d30
7839
392b
583d
3020
2d3e
2030
7839
3820
433d
3129
0041
4243
4420
4431
2c44
3020
2844
303d
3078
3030
2b44
313d
3078
3030
2b58
3d31
202d
3e20
3078
3031
2900
5342
4344
2044
312c
4430
2028
4430
3d30
7830
302d
4431
3d30
7830
302d
583d
3020
2d3e
2030
7830
3020
5a20
7072
6573
6572
7665
6429
0054
5354
2e57
2028
6431
362c
5043
2920
2064
6174
6120
776f
7264
3d30
7838
3030
3020
2d3e
204e
3d31
0054
5354
2e42
2028
6431
362c
5043
2920
2064
6174
6120
6279
7465
3d30
7838
3020
2d3e
204e
3d31
0043
4d50
2e4c
2028
6431
362c
5043
292c
4430
2020
4430
3d30
7831
3233
3435
3637
3820
7673
2064
6174
613d
3078
3132
3334
3536
3738
202d
3e20
5a3d
3100
4d4f
5645
2e42
2023
3078
4646
2c44
3020
2028
4430
203a
3d20
3078
4141
4242
4343
4646
3b20
6f6e
6c79
206c
6f77
2062
7974
6520
7570
6461
7465
7329
004d
4f56
452e
5720
2330
7838
3030
302c
4430
2020
2844
302e
5720
3a3d
2030
7838
3030
3029
0053
4849
2028
4131
292b
2020
4131
3d73
6372
6174
6368
2028
4343
523d
3020
2d3e
2048
4920
7472
7565
202d
3e20
7261
6d5b
305d
3d30
7846
4629
0053
4353
202d
2841
3129
2020
4131
3d73
6372
6174
6368
2b32
2028
4343
523d
3078
3031
2c43
3d31
202d
3e20
4353
2074
7275
6520
2d3e
2072
616d
5b31
5d3d
3078
4646
2900
4d4f
5645
2e57
2028
7878
7829
2e4c
3d24
3138
3034
2c44
3020
2061
6273
2d6c
6f6e
6720
776f
7264
2072
6561
6420
2830
7838
3030
3029
0041
4444
582e
4220
2d28
4131
292c
2d28
4130
2920
2070
7265
6465
6320
6279
7465
2028
3078
3830
2b30
7838
302b
3020
2d3e
2030
7830
3020
563d
312c
433d
3129
004c
5352
2e57
2028
4136
2920
2077
6f72
643d
3078
3030
3031
202d
3e20
3078
3030
3030
2028
5a3d
312c
583d
433d
3129
0054
5354
2e57
2041
3620
2028
4136
2e57
3d30
7831
3830
303b
204e
3d30
2c5a
3d30
2900
4d4f
5645
412e
5720
2841
3129
2c41
3020
2077
6f72
643d
3078
3746
4646
202d
3e20
4130
3d30
7830
3030
3037
4646
4600
4243
4c52
2044
312c
2841
3129
2b20
2041
313d
7363
7261
7463
6820
2844
313d
3720
2d3e
2063
6c65
6172
2062
6974
2037
206f
6620
3078
4330
203d
2030
7834
3029
0041
4e44
492e
5720
2330
7846
4630
302c
4430
2020
2844
303d
3078
3132
3334
3536
3738
202d
3e20
3078
3132
3334
3536
3030
2900
4f52
492e
4220
2330
7838
302c
4430
2020
2844
302e
423d
3078
3031
202d
3e20
3078
3831
2900
4246
4558
5455
2044
307b
3331
3a31
7d2c
4431
2020
6869
6768
6573
7420
6269
7420
2844
303d
3078
3830
3030
3030
3030
202d
3e20
4431
3d31
2900
4246
494e
5320
4431
2c44
307b
303a
3332
7d20
2066
756c
6c20
7265
706c
6163
6520
2844
313d
3078
4341
4645
4241
4245
202d
3e20
4430
3d30
7843
4146
4542
4142
4529
0042
4643
4c52
2044
307b
303a
3332
7d20
2066
756c
6c20
636c
6561
7220
2844
303d
3078
4646
4646
4646
4646
202d
3e20
3029
0042
4653
4554
2044
307b
303a
3332
7d20
2066
756c
6c20
7365
7420
2844
303d
3020
2d3e
2030
7846
4646
4646
4646
4629
004d
554c
532e
4c20
4431
2c44
3020
2873
6967
6e65
6420
2d31
202a
202d
3120
3d20
3129
004d
554c
552e
4c20
4431
2c44
3020
2830
202a
2061
6e79
203d
2030
3b20
5a3d
3129
0044
4956
532e
4c20
4431
2c44
303a
4432
2020
2844
303a
4472
3d44
3220
3a3d
2030
7846
4646
4646
4646
3620
2f20
3420
2d3e
2044
713d
2d32
2072
656d
3d2d
3229
004d
4f56
452e
4c20
3136
2841
3629
2c44
3120
2070
6f73
6974
6976
6520
6469
7370
2028
7265
6164
7320
3078
3131
3232
3333
3434
2900
5045
4120
3428
4136
2920
3b20
4d4f
5645
2e4c
2028
4137
292b
2c44
3020
2028
4430
203a
3d20
7363
7261
7463
682b
3420
3d20
2431
3830
3429
004c
4541
2064
3136
2841
362c
4430
2e4c
292c
4131
2020
4430
3d32
202d
3e20
4131
203d
2073
6372
6174
6368
2b64
6973
702b
3200
5453
542e
4220
2864
382c
5043
2c44
302e
5729
2020
6272
6965
6620
5043
2d69
6478
0041
4444
512e
4c20
2331
2c44
3020
7820
3420
2063
6861
696e
0045
5843
3a20
494c
4c45
4741
4c20
2028
2434
4146
4320
2d3e
2076
6563
2034
202f
2024
3130
2900
4558
433a
2043
414c
4c4d
2023
302c
2841
3029
2020
2830
3230
2d6f
6e6c
7920
2d3e
2076
6563
2034
206f
6e20
3034
3029
0045
5843
3a20
5254
4d20
4430
2020
2830
3230
2d6f
6e6c
7920
2d3e
2076
6563
2034
206f
6e20
3034
303b
204d
414d
4520
676f
6c64
656e
206b
6e6f
776e
2d62
6164
2900
4558
433a
2044
4956
552e
5720
2330
2c44
3020
2028
7665
6320
3520
2f20
2431
3429
0045
5843
3a20
4449
5653
2e57
2023
302c
4430
2020
2876
6563
2035
202f
2024
3134
2900
4558
433a
2043
484b
2e57
2044
312c
4430
2020
2844
303d
3130
3020
3e20
4431
3d31
302c
2076
6563
2036
202f
2024
3138
2900
4558
433a
2043
484b
2e57
2044
312c
4430
2020
2844
303d
2d31
203c
2030
2c20
7665
6320
3620
2f20
2431
3829
0045
5843
3a20
4d4f
5645
2023
322c
4343
5220
3b20
5452
4150
5620
2028
563d
312c
2076
6563
2037
202f
2024
3143
2900
4558
433a
2054
5241
5020
2330
2020
2876
6563
2033
3220
2f20
2438
3029
0045
5843
3a20
5452
4150
2023
3720
2028
7665
6320
3339
202f
2024
3943
2900
4558
433a
2054
5241
5020
2331
3520
2028
7665
6320
3437
202f
2024
4243
2900
4558
433a
204a
4d50
2028
4130
2920
7768
6572
6520
4130
3d24
3138
3031
2028
6f64
642c
2076
6563
2033
202f
2024
3043
2900
4558
433a
204c
696e
6520
4120
7472
6170
2028
2441
3030
302c
2076
6563
2031
3020
2f20
2432
3829
0044
4247
3a20
4e4f
5020
2862
6173
656c
696e
6529
0000
0000
0000
0010
0000
0006
4000
0000
0000
0000
0000
0000
0000
0000
0000
0000
0000
0000
0000
0004
1807
0000
0000
0000
0000
0000
0000
0000
0000
0000
0000
0000
0000
0000
0000
0000
0000
7000
0000
0000
0000
0000
0000
0000
0000
0000
0002
0000
0000
0000
0000
0000
0000
0000
0000
0000
0000
0000
0000
0000
0000
0000
0000
0000
0000
0000
0000
0000
0000
0000
0000
0000
0000
0000
0000
0000
0000
0000
0000
0000
0000
ff00
0004
181a
0000
0000
0000
0000
0000
0000
0000
0000
0000
0000
0000
0000
0000
0000
0000
0000
7001
0000
0000
0000
0000
0000
0000
0000
0000
0002
0000
0000
0000
0000
0000
0000
0000
0000
0000
0000
0000
0000
0000
0000
0000
0000
0000
0000
0000
0000
0000
0000
0000
0000
0000
0000
0000
0000
0000
0000
0000
0000
0000
0000
ff00
0004
182c
0000
0000
0000
0000
0000
0000
0000
0000
0000
0000
0000
0000
0000
0000
0000
0000
707f
0000
0000
0000
0000
0000
0000
0000
0000
0002
0000
0000
0000
0000
0000
0000
0000
0000
0000
0000
0000
0000
0000
0000
0000
0000
0000
0000
0000
0000
0000
0000
0000
0000
0000
0000
0000
0000
0000
0000
0000
0000
0000
0000
ff00
0004
1844
0000
0000
0000
0000
0000
0000
0000
0000
0000
0000
0000
0000
0000
0000
0000
0000
72ff
0000
0000
0000
0000
0000
0000
0000
0000
0002
0000
0000
0000
0000
0000
0000
0000
0000
0000
0000
0000
0000
0000
0000
0000
0000
0000
0000
0000
0000
0000
0000
0000
0000
0000
0000
0000
0000
0000
0000
0000
0000
0000
0000
ff00
0004
185b
0000
0000
0000
0000
0000
0000
0000
0000
0000
0000
0000
0000
0000
0000
0000
0000
7480
0000
0000
0000
0000
0000
0000
0000
0000
0002
0000
0000
0000
0000
0000
0000
0000
0000
0000
0000
0000
0000
0000
0000
0000
0000
0000
0000
0000
0000
0000
0000
0000
0000
0000
0000
0000
0000
0000
0000
0000
0000
0000
0000
ff00
0004
1874
0000
0000
0000
0000
0000
0000
0000
0000
0000
0000
0000
0000
0000
0000
0000
0000
762a
0000
0000
0000
0000
0000
0000
0000
0000
0002
0000
0000
0000
0000
0000
0000
0000
0000
0000
0000
0000
0000
0000
0000
0000
0000
0000
0000
0000
0000
0000
0000
0000
0000
0000
0000
0000
0000
0000
0000
0000
0000
0000
0000
ff00
0004
188a
0000
0000
0000
0000
0000
0000
0000
0000
0000
0000
0000
0000
0000
0000
0000
0000
785a
0000
0000
0000
0000
0000
0000
0000
0000
0002
0000
0000
0000
0000
0000
0000
0000
0000
0000
0000
0000
0000
0000
0000
0000
0000
0000
0000
0000
0000
0000
0000
0000
0000
0000
0000
0000
0000
0000
0000
0000
0000
0000
0000
ff00
0004
18a3
0000
0000
0000
0000
0000
0000
0000
0000
0000
0000
0000
0000
0000
0000
0000
0000
7ec0
0000
0000
0000
0000
0000
0000
0000
0000
0002
0000
0000
0000
0000
0000
0000
0000
0000
0000
0000
0000
0000
0000
0000
0000
0000
0000
0000
0000
0000
0000
0000
0000
0000
0000
0000
0000
0000
0000
0000
0000
0000
0000
0000
ff00
0004
18c2
203c
dead
beef
0000
0000
0000
0000
0000
0000
0000
0000
0000
0000
0000
0000
0006
2200
0000
0000
0000
0000
0000
0000
0000
0000
0002
0000
0000
0000
0000
0000
0000
0000
0000
0000
0000
0000
0000
0000
0000
0000
0000
0000
0000
0000
0000
0000
0000
0000
0000
0000
0000
0000
0000
0000
0000
0000
0000
0000
0000
ff00
0004
18dc
223c
0000
0000
0000
0000
0000
0000
0000
0000
0000
0000
0000
0000
0000
0000
0006
2401
0000
0000
0000
0000
0000
0000
0000
0000
0002
0000
0000
0000
0000
0000
0000
0000
0000
0000
0000
0000
0000
0000
0000
0000
0000
0000
0000
0000
0000
0000
0000
0000
0000
0000
0000
0000
0000
0000
0000
0000
0000
0000
0000
ff00
0004
18f6
243c
8000
0000
0000
0000
0000
0000
0000
0000
0000
0000
0000
0000
0000
0000
0006
2602
0000
0000
0000
0000
0000
0000
0000
0000
0002
0000
0000
0000
0000
0000
0000
0000
0000
0000
0000
0000
0000
0000
0000
0000
0000
0000
0000
0000
0000
0000
0000
0000
0000
0000
0000
0000
0000
0000
0000
0000
0000
0000
0000
ff00
0004
1910
263c
7fff
ffff
0000
0000
0000
0000
0000
0000
0000
0000
0000
0000
0000
0000
0006
2803
0000
0000
0000
0000
0000
0000
0000
0000
0002
0000
0000
0000
0000
0000
0000
0000
0000
0000
0000
0000
0000
0000
0000
0000
0000
0000
0000
0000
0000
0000
0000
0000
0000
0000
0000
0000
0000
0000
0000
0000
0000
0000
0000
ff00
0004
192a
283c
1234
5678
0000
0000
0000
0000
0000
0000
0000
0000
0000
0000
0000
0000
0006
2004
0000
0000
0000
0000
0000
0000
0000
0000
0002
0000
0000
0000
0000
0000
0000
0000
0000
0000
0000
0000
0000
0000
0000
0000
0000
0000
0000
0000
0000
0000
0000
0000
0000
0000
0000
0000
0000
0000
0000
0000
0000
0000
0000
ff00
0004
1944
2e3c
0000
0001
0000
0000
0000
0000
0000
0000
0000
0000
0000
0000
0000
0000
0006
2a07
0000
0000
0000
0000
0000
0000
0000
0000
0002
0000
0000
0000
0000
0000
0000
0000
0000
0000
0000
0000
0000
0000
0000
0000
0000
0000
0000
0000
0000
0000
0000
0000
0000
0000
0000
0000
0000
0000
0000
0000
0000
0000
0000
ff00
0004
195e
203c
dead
beef
223c
aaaa
aaaa
0000
0000
0000
0000
0000
0000
0000
0000
0000
000c
3200
0000
0000
0000
0000
0000
0000
0000
0000
0002
0000
0000
0000
0000
0000
0000
0000
0000
0000
0000
0000
0000
0000
0000
0000
0000
0000
0000
0000
0000
0000
0000
0000
0000
0000
0000
0000
0000
0000
0000
0000
0000
0000
0000
ff00
0004
1978
223c
ffff
8000
243c
aaaa
aaaa
0000
0000
0000
0000
0000
0000
0000
0000
0000
000c
3401
0000
0000
0000
0000
0000
0000
0000
0000
0002
0000
0000
0000
0000
0000
0000
0000
0000
0000
0000
0000
0000
0000
0000
0000
0000
0000
0000
0000
0000
0000
0000
0000
0000
0000
0000
0000
0000
0000
0000
0000
0000
0000
0000
ff00
0004
1992
263c
0000
7fff
283c
aaaa
aaaa
0000
0000
0000
0000
0000
0000
0000
0000
0000
000c
3803
0000
0000
0000
0000
0000
0000
0000
0000
0002
0000
0000
0000
0000
0000
0000
0000
0000
0000
0000
0000
0000
0000
0000
0000
0000
0000
0000
0000
0000
0000
0000
0000
0000
0000
0000
0000
0000
0000
0000
0000
0000
0000
0000
ff00
0004
19ac
2a3c
0000
0001
2e3c
aaaa
aaaa
0000
0000
0000
0000
0000
0000
0000
0000
0000
000c
3e05
0000
0000
0000
0000
0000
0000
0000
0000
0002
0000
0000
0000
0000
0000
0000
0000
0000
0000
0000
0000
0000
0000
0000
0000
0000
0000
0000
0000
0000
0000
0000
0000
0000
0000
0000
0000
0000
0000
0000
0000
0000
0000
0000
ff00
0004
19c6
203c
aaaa
aaaa
2e3c
1234
0000
0000
0000
0000
0000
0000
0000
0000
0000
0000
000c
3007
0000
0000
0000
0000
0000
0000
0000
0000
0002
0000
0000
0000
0000
0000
0000
0000
0000
0000
0000
0000
0000
0000
0000
0000
0000
0000
0000
0000
0000
0000
0000
0000
0000
0000
0000
0000
0000
0000
0000
0000
0000
0000
0000
ff00
0004
19e0
203c
0000
00ff
223c
bbbb
bbbb
0000
0000
0000
0000
0000
0000
0000
0000
0000
000c
1200
0000
0000
0000
0000
0000
0000
0000
0000
0002
0000
0000
0000
0000
0000
0000
0000
0000
0000
0000
0000
0000
0000
0000
0000
0000
0000
0000
0000
0000
0000
0000
0000
0000
0000
0000
0000
0000
0000
0000
0000
0000
0000
0000
ff00
0004
19fa
243c
0000
0080
263c
bbbb
bbbb
0000
0000
0000
0000
0000
0000
0000
0000
0000
000c
1602
0000
0000
0000
0000
0000
0000
0000
0000
0002
0000
0000
0000
0000
0000
0000
0000
0000
0000
0000
0000
0000
0000
0000
0000
0000
0000
0000
0000
0000
0000
0000
0000
0000
0000
0000
0000
0000
0000
0000
0000
0000
0000
0000
ff00
0004
1a14
283c
0000
007f
2a3c
bbbb
bbbb
0000
0000
0000
0000
0000
0000
0000
0000
0000
000c
1a04
0000
0000
0000
0000
0000
0000
0000
0000
0002
0000
0000
0000
0000
0000
0000
0000
0000
0000
0000
0000
0000
0000
0000
0000
0000
0000
0000
0000
0000
0000
0000
0000
0000
0000
0000
0000
0000
0000
0000
0000
0000
0000
0000
ff00
0004
1a2e
203c
bbbb
bbbb
2e3c
0000
0001
0000
0000
0000
0000
0000
0000
0000
0000
0000
000c
1007
0000
0000
0000
0000
0000
0000
0000
0000
0002
0000
0000
0000
0000
0000
0000
0000
0000
0000
0000
0000
0000
0000
0000
0000
0000
0000
0000
0000
0000
0000
0000
0000
0000
0000
0000
0000
0000
0000
0000
0000
0000
0000
0000
ff00
0004
1a48
0000
0000
0000
0000
0000
0000
0000
0000
0000
0000
0000
0000
0000
0000
0000
0000
203c
1234
5678
0000
0000
0000
0000
0000
0000
0006
0000
0000
0000
0000
0000
0000
0000
0000
0000
0000
0000
0000
0000
0000
0000
0000
0000
0000
0000
0000
0000
0000
0000
0000
0000
0000
0000
0000
0000
0000
0000
0000
0000
0000
ff00
0004
1a5e
0000
0000
0000
0000
0000
0000
0000
0000
0000
0000
0000
0000
0000
0000
0000
0000
223c
8000
0000
0000
0000
0000
0000
0000
0000
0006
0000
0000
0000
0000
0000
0000
0000
0000
0000
0000
0000
0000
0000
0000
0000
0000
0000
0000
0000
0000
0000
0000
0000
0000
0000
0000
0000
0000
0000
0000
0000
0000
0000
0000
ff00
0004
1a74
0000
0000
0000
0000
0000
0000
0000
0000
0000
0000
0000
0000
0000
0000
0000
0000
243c
7fff
ffff
0000
0000
0000
0000
0000
0000
0006
0000
0000
0000
0000
0000
0000
0000
0000
0000
0000
0000
0000
0000
0000
0000
0000
0000
0000
0000
0000
0000
0000
0000
0000
0000
0000
0000
0000
0000
0000
0000
0000
0000
0000
ff00
0004
1a8a
0000
0000
0000
0000
0000
0000
0000
0000
0000
0000
0000
0000
0000
0000
0000
0000
263c
ffff
ffff
0000
0000
0000
0000
0000
0000
0006
0000
0000
0000
0000
0000
0000
0000
0000
0000
0000
0000
0000
0000
0000
0000
0000
0000
0000
0000
0000
0000
0000
0000
0000
0000
0000
0000
0000
0000
0000
0000
0000
0000
0000
ff00
0004
1aa0
0000
0000
0000
0000
0000
0000
0000
0000
0000
0000
0000
0000
0000
0000
0000
0000
2e3c
0000
0001
0000
0000
0000
0000
0000
0000
0006
0000
0000
0000
0000
0000
0000
0000
0000
0000
0000
0000
0000
0000
0000
0000
0000
0000
0000
0000
0000
0000
0000
0000
0000
0000
0000
0000
0000
0000
0000
0000
0000
0000
0000
ff00
0004
1ab6
203c
dead
beef
0000
0000
0000
0000
0000
0000
0000
0000
0000
0000
0000
0000
0006
2d40
0000
0000
0000
0000
0000
0000
0000
0000
0004
0000
0000
0000
0000
0000
0000
0000
0000
0000
0000
0000
0000
0000
0000
0000
0000
0000
0000
0000
0000
0000
0000
0000
0000
0000
0000
0000
0000
0000
0000
0000
0000
0000
0000
ff00
0004
1ad7
223c
1234
5678
0000
0000
0000
0000
0000
0000
0000
0000
0000
0000
0000
0000
0006
2d41
0004
0000
0000
0000
0000
0000
0000
0000
0004
0000
0000
0000
0000
0000
0000
0000
0000
0000
0000
0000
0000
0000
0000
0000
0000
0000
0000
0000
0000
0000
0000
0000
0000
0000
0000
0000
0000
0000
0000
0000
0000
0000
0000
ff00
0004
1af8
2e3c
ffff
ffff
0000
0000
0000
0000
0000
0000
0000
0000
0000
0000
0000
0000
0006
2d47
0008
0000
0000
0000
0000
0000
0000
0000
0004
0000
0000
0000
0000
0000
0000
0000
0000
0000
0000
0000
0000
0000
0000
0000
0000
0000
0000
0000
0000
0000
0000
0000
0000
0000
0000
0000
0000
0000
0000
0000
0000
0000
0000
ff00
0004
1b19
0000
0000
0000
0000
0000
0000
0000
0000
0000
0000
0000
0000
0000
0000
0000
0000
202e
0000
0000
0000
0000
0000
0000
0000
0000
0004
cafe
babe
1234
5678
0000
0000
0000
0000
0000
0000
0000
0000
0000
0000
0000
0000
0000
0000
0000
0000
0000
0000
0000
0000
0000
0000
0000
0000
0000
0000
0000
0000
0100
0000
ff00
0004
1b29
0000
0000
0000
0000
0000
0000
0000
0000
0000
0000
0000
0000
0000
0000
0000
0000
262e
0004
0000
0000
0000
0000
0000
0000
0000
0004
cafe
babe
1234
5678
0000
0000
0000
0000
0000
0000
0000
0000
0000
0000
0000
0000
0000
0000
0000
0000
0000
0000
0000
0000
0000
0000
0000
0000
0000
0000
0000
0000
0100
0000
ff00
0004
1b39
0000
0000
0000
0000
0000
0000
0000
0000
0000
0000
0000
0000
0000
0000
0000
0000
2e2e
0000
0000
0000
0000
0000
0000
0000
0000
0004
cafe
babe
1234
5678
0000
0000
0000
0000
0000
0000
0000
0000
0000
0000
0000
0000
0000
0000
0000
0000
0000
0000
0000
0000
0000
0000
0000
0000
0000
0000
0000
0000
0100
0000
ff00
0004
1b49
43ee
0000
0000
0000
0000
0000
0000
0000
0000
0000
0000
0000
0000
0000
0000
0004
2011
0000
0000
0000
0000
0000
0000
0000
0000
0002
dead
beef
0000
0000
0000
0000
0000
0000
0000
0000
0000
0000
0000
0000
0000
0000
0000
0000
0000
0000
0000
0000
0000
0000
0000
0000
0000
0000
0000
0000
0000
0000
0100
0000
ff00
0004
1b66
45ee
0000
0000
0000
0000
0000
0000
0000
0000
0000
0000
0000
0000
0000
0000
0004
2612
0000
0000
0000
0000
0000
0000
0000
0000
0002
dead
beef
0000
0000
0000
0000
0000
0000
0000
0000
0000
0000
0000
0000
0000
0000
0000
0000
0000
0000
0000
0000
0000
0000
0000
0000
0000
0000
0000
0000
0000
0000
0100
0000
ff00
0004
1b83
43ee
0000
0000
0000
0000
0000
0000
0000
0000
0000
0000
0000
0000
0000
0000
0004
2019
0000
0000
0000
0000
0000
0000
0000
0000
0002
1122
3344
5566
7788
0000
0000
0000
0000
0000
0000
0000
0000
0000
0000
0000
0000
0000
0000
0000
0000
0000
0000
0000
0000
0000
0000
0000
0000
0000
0000
0000
0000
0100
0000
ff00
0004
1ba1
45ee
0008
0000
0000
0000
0000
0000
0000
0000
0000
0000
0000
0000
0000
0000
0004
2622
0000
0000
0000
0000
0000
0000
0000
0000
0002
1122
3344
5566
7788
0000
0000
0000
0000
0000
0000
0000
0000
0000
0000
0000
0000
0000
0000
0000
0000
0000
0000
0000
0000
0000
0000
0000
0000
0000
0000
0000
0000
0100
0000
ff00
0004
1bbf
203c
dead
beef
223c
1234
5678
0000
0000
0000
0000
0000
0000
0000
0000
0000
000c
d081
0000
0000
0000
0000
0000
0000
0000
0000
0002
0000
0000
0000
0000
0000
0000
0000
0000
0000
0000
0000
0000
0000
0000
0000
0000
0000
0000
0000
0000
0000
0000
0000
0000
0000
0000
0000
0000
0000
0000
0000
0000
0000
0000
ff00
0004
1be6
203c
8000
0000
223c
8000
0000
0000
0000
0000
0000
0000
0000
0000
0000
0000
000c
d081
0000
0000
0000
0000
0000
0000
0000
0000
0002
0000
0000
0000
0000
0000
0000
0000
0000
0000
0000
0000
0000
0000
0000
0000
0000
0000
0000
0000
0000
0000
0000
0000
0000
0000
0000
0000
0000
0000
0000
0000
0000
0000
0000
ff00
0004
1c0d
203c
7fff
ffff
223c
0000
0001
0000
0000
0000
0000
0000
0000
0000
0000
0000
000c
d081
0000
0000
0000
0000
0000
0000
0000
0000
0002
0000
0000
0000
0000
0000
0000
0000
0000
0000
0000
0000
0000
0000
0000
0000
0000
0000
0000
0000
0000
0000
0000
0000
0000
0000
0000
0000
0000
0000
0000
0000
0000
0000
0000
ff00
0004
1c34
203c
dead
beef
223c
1234
5678
0000
0000
0000
0000
0000
0000
0000
0000
0000
000c
d041
0000
0000
0000
0000
0000
0000
0000
0000
0002
0000
0000
0000
0000
0000
0000
0000
0000
0000
0000
0000
0000
0000
0000
0000
0000
0000
0000
0000
0000
0000
0000
0000
0000
0000
0000
0000
0000
0000
0000
0000
0000
0000
0000
ff00
0004
1c5b
203c
8000
0000
223c
8000
0000
0000
0000
0000
0000
0000
0000
0000
0000
0000
000c
d041
0000
0000
0000
0000
0000
0000
0000
0000
0002
0000
0000
0000
0000
0000
0000
0000
0000
0000
0000
0000
0000
0000
0000
0000
0000
0000
0000
0000
0000
0000
0000
0000
0000
0000
0000
0000
0000
0000
0000
0000
0000
0000
0000
ff00
0004
1c82
203c
7fff
ffff
223c
0000
0001
0000
0000
0000
0000
0000
0000
0000
0000
0000
000c
d041
0000
0000
0000
0000
0000
0000
0000
0000
0002
0000
0000
0000
0000
0000
0000
0000
0000
0000
0000
0000
0000
0000
0000
0000
0000
0000
0000
0000
0000
0000
0000
0000
0000
0000
0000
0000
0000
0000
0000
0000
0000
0000
0000
ff00
0004
1ca9
203c
dead
beef
223c
1234
5678
0000
0000
0000
0000
0000
0000
0000
0000
0000
000c
d001
0000
0000
0000
0000
0000
0000
0000
0000
0002
0000
0000
0000
0000
0000
0000
0000
0000
0000
0000
0000
0000
0000
0000
0000
0000
0000
0000
0000
0000
0000
0000
0000
0000
0000
0000
0000
0000
0000
0000
0000
0000
0000
0000
ff00
0004
1cd0
203c
8000
0000
223c
8000
0000
0000
0000
0000
0000
0000
0000
0000
0000
0000
000c
d001
0000
0000
0000
0000
0000
0000
0000
0000
0002
0000
0000
0000
0000
0000
0000
0000
0000
0000
0000
0000
0000
0000
0000
0000
0000
0000
0000
0000
0000
0000
0000
0000
0000
0000
0000
0000
0000
0000
0000
0000
0000
0000
0000
ff00
0004
1cf7
203c
7fff
ffff
223c
0000
0001
0000
0000
0000
0000
0000
0000
0000
0000
0000
000c
d001
0000
0000
0000
0000
0000
0000
0000
0000
0002
0000
0000
0000
0000
0000
0000
0000
0000
0000
0000
0000
0000
0000
0000
0000
0000
0000
0000
0000
0000
0000
0000
0000
0000
0000
0000
0000
0000
0000
0000
0000
0000
0000
0000
ff00
0004
1d1e
203c
dead
beef
223c
1234
5678
0000
0000
0000
0000
0000
0000
0000
0000
0000
000c
9081
0000
0000
0000
0000
0000
0000
0000
0000
0002
0000
0000
0000
0000
0000
0000
0000
0000
0000
0000
0000
0000
0000
0000
0000
0000
0000
0000
0000
0000
0000
0000
0000
0000
0000
0000
0000
0000
0000
0000
0000
0000
0000
0000
ff00
0004
1d45
203c
8000
0000
223c
8000
0000
0000
0000
0000
0000
0000
0000
0000
0000
0000
000c
9081
0000
0000
0000
0000
0000
0000
0000
0000
0002
0000
0000
0000
0000
0000
0000
0000
0000
0000
0000
0000
0000
0000
0000
0000
0000
0000
0000
0000
0000
0000
0000
0000
0000
0000
0000
0000
0000
0000
0000
0000
0000
0000
0000
ff00
0004
1d6c
203c
7fff
ffff
223c
0000
0001
0000
0000
0000
0000
0000
0000
0000
0000
0000
000c
9081
0000
0000
0000
0000
0000
0000
0000
0000
0002
0000
0000
0000
0000
0000
0000
0000
0000
0000
0000
0000
0000
0000
0000
0000
0000
0000
0000
0000
0000
0000
0000
0000
0000
0000
0000
0000
0000
0000
0000
0000
0000
0000
0000
ff00
0004
1d93
203c
dead
beef
223c
1234
5678
0000
0000
0000
0000
0000
0000
0000
0000
0000
000c
9041
0000
0000
0000
0000
0000
0000
0000
0000
0002
0000
0000
0000
0000
0000
0000
0000
0000
0000
0000
0000
0000
0000
0000
0000
0000
0000
0000
0000
0000
0000
0000
0000
0000
0000
0000
0000
0000
0000
0000
0000
0000
0000
0000
ff00
0004
1dba
203c
8000
0000
223c
8000
0000
0000
0000
0000
0000
0000
0000
0000
0000
0000
000c
9041
0000
0000
0000
0000
0000
0000
0000
0000
0002
0000
0000
0000
0000
0000
0000
0000
0000
0000
0000
0000
0000
0000
0000
0000
0000
0000
0000
0000
0000
0000
0000
0000
0000
0000
0000
0000
0000
0000
0000
0000
0000
0000
0000
ff00
0004
1de1
203c
7fff
ffff
223c
0000
0001
0000
0000
0000
0000
0000
0000
0000
0000
0000
000c
9041
0000
0000
0000
0000
0000
0000
0000
0000
0002
0000
0000
0000
0000
0000
0000
0000
0000
0000
0000
0000
0000
0000
0000
0000
0000
0000
0000
0000
0000
0000
0000
0000
0000
0000
0000
0000
0000
0000
0000
0000
0000
0000
0000
ff00
0004
1e08
203c
dead
beef
223c
1234
5678
0000
0000
0000
0000
0000
0000
0000
0000
0000
000c
9001
0000
0000
0000
0000
0000
0000
0000
0000
0002
0000
0000
0000
0000
0000
0000
0000
0000
0000
0000
0000
0000
0000
0000
0000
0000
0000
0000
0000
0000
0000
0000
0000
0000
0000
0000
0000
0000
0000
0000
0000
0000
0000
0000
ff00
0004
1e2f
203c
8000
0000
223c
8000
0000
0000
0000
0000
0000
0000
0000
0000
0000
0000
000c
9001
0000
0000
0000
0000
0000
0000
0000
0000
0002
0000
0000
0000
0000
0000
0000
0000
0000
0000
0000
0000
0000
0000
0000
0000
0000
0000
0000
0000
0000
0000
0000
0000
0000
0000
0000
0000
0000
0000
0000
0000
0000
0000
0000
ff00
0004
1e56
203c
7fff
ffff
223c
0000
0001
0000
0000
0000
0000
0000
0000
0000
0000
0000
000c
9001
0000
0000
0000
0000
0000
0000
0000
0000
0002
0000
0000
0000
0000
0000
0000
0000
0000
0000
0000
0000
0000
0000
0000
0000
0000
0000
0000
0000
0000
0000
0000
0000
0000
0000
0000
0000
0000
0000
0000
0000
0000
0000
0000
ff00
0004
1e7d
203c
dead
beef
223c
1234
5678
0000
0000
0000
0000
0000
0000
0000
0000
0000
000c
c081
0000
0000
0000
0000
0000
0000
0000
0000
0002
0000
0000
0000
0000
0000
0000
0000
0000
0000
0000
0000
0000
0000
0000
0000
0000
0000
0000
0000
0000
0000
0000
0000
0000
0000
0000
0000
0000
0000
0000
0000
0000
0000
0000
ff00
0004
1ea4
203c
8000
0000
223c
8000
0000
0000
0000
0000
0000
0000
0000
0000
0000
0000
000c
c081
0000
0000
0000
0000
0000
0000
0000
0000
0002
0000
0000
0000
0000
0000
0000
0000
0000
0000
0000
0000
0000
0000
0000
0000
0000
0000
0000
0000
0000
0000
0000
0000
0000
0000
0000
0000
0000
0000
0000
0000
0000
0000
0000
ff00
0004
1ecb
203c
7fff
ffff
223c
0000
0001
0000
0000
0000
0000
0000
0000
0000
0000
0000
000c
c081
0000
0000
0000
0000
0000
0000
0000
0000
0002
0000
0000
0000
0000
0000
0000
0000
0000
0000
0000
0000
0000
0000
0000
0000
0000
0000
0000
0000
0000
0000
0000
0000
0000
0000
0000
0000
0000
0000
0000
0000
0000
0000
0000
ff00
0004
1ef2
203c
dead
beef
223c
1234
5678
0000
0000
0000
0000
0000
0000
0000
0000
0000
000c
c041
0000
0000
0000
0000
0000
0000
0000
0000
0002
0000
0000
0000
0000
0000
0000
0000
0000
0000
0000
0000
0000
0000
0000
0000
0000
0000
0000
0000
0000
0000
0000
0000
0000
0000
0000
0000
0000
0000
0000
0000
0000
0000
0000
ff00
0004
1f19
203c
8000
0000
223c
8000
0000
0000
0000
0000
0000
0000
0000
0000
0000
0000
000c
c041
0000
0000
0000
0000
0000
0000
0000
0000
0002
0000
0000
0000
0000
0000
0000
0000
0000
0000
0000
0000
0000
0000
0000
0000
0000
0000
0000
0000
0000
0000
0000
0000
0000
0000
0000
0000
0000
0000
0000
0000
0000
0000
0000
ff00
0004
1f40
203c
7fff
ffff
223c
0000
0001
0000
0000
0000
0000
0000
0000
0000
0000
0000
000c
c041
0000
0000
0000
0000
0000
0000
0000
0000
0002
0000
0000
0000
0000
0000
0000
0000
0000
0000
0000
0000
0000
0000
0000
0000
0000
0000
0000
0000
0000
0000
0000
0000
0000
0000
0000
0000
0000
0000
0000
0000
0000
0000
0000
ff00
0004
1f67
203c
dead
beef
223c
1234
5678
0000
0000
0000
0000
0000
0000
0000
0000
0000
000c
c001
0000
0000
0000
0000
0000
0000
0000
0000
0002
0000
0000
0000
0000
0000
0000
0000
0000
0000
0000
0000
0000
0000
0000
0000
0000
0000
0000
0000
0000
0000
0000
0000
0000
0000
0000
0000
0000
0000
0000
0000
0000
0000
0000
ff00
0004
1f8e
203c
8000
0000
223c
8000
0000
0000
0000
0000
0000
0000
0000
0000
0000
0000
000c
c001
0000
0000
0000
0000
0000
0000
0000
0000
0002
0000
0000
0000
0000
0000
0000
0000
0000
0000
0000
0000
0000
0000
0000
0000
0000
0000
0000
0000
0000
0000
0000
0000
0000
0000
0000
0000
0000
0000
0000
0000
0000
0000
0000
ff00
0004
1fb5
203c
7fff
ffff
223c
0000
0001
0000
0000
0000
0000
0000
0000
0000
0000
0000
000c
c001
0000
0000
0000
0000
0000
0000
0000
0000
0002
0000
0000
0000
0000
0000
0000
0000
0000
0000
0000
0000
0000
0000
0000
0000
0000
0000
0000
0000
0000
0000
0000
0000
0000
0000
0000
0000
0000
0000
0000
0000
0000
0000
0000
ff00
0004
1fdc
203c
dead
beef
223c
1234
5678
0000
0000
0000
0000
0000
0000
0000
0000
0000
000c
8081
0000
0000
0000
0000
0000
0000
0000
0000
0002
0000
0000
0000
0000
0000
0000
0000
0000
0000
0000
0000
0000
0000
0000
0000
0000
0000
0000
0000
0000
0000
0000
0000
0000
0000
0000
0000
0000
0000
0000
0000
0000
0000
0000
ff00
0004
2002
203c
8000
0000
223c
8000
0000
0000
0000
0000
0000
0000
0000
0000
0000
0000
000c
8081
0000
0000
0000
0000
0000
0000
0000
0000
0002
0000
0000
0000
0000
0000
0000
0000
0000
0000
0000
0000
0000
0000
0000
0000
0000
0000
0000
0000
0000
0000
0000
0000
0000
0000
0000
0000
0000
0000
0000
0000
0000
0000
0000
ff00
0004
2028
203c
7fff
ffff
223c
0000
0001
0000
0000
0000
0000
0000
0000
0000
0000
0000
000c
8081
0000
0000
0000
0000
0000
0000
0000
0000
0002
0000
0000
0000
0000
0000
0000
0000
0000
0000
0000
0000
0000
0000
0000
0000
0000
0000
0000
0000
0000
0000
0000
0000
0000
0000
0000
0000
0000
0000
0000
0000
0000
0000
0000
ff00
0004
204e
203c
dead
beef
223c
1234
5678
0000
0000
0000
0000
0000
0000
0000
0000
0000
000c
8041
0000
0000
0000
0000
0000
0000
0000
0000
0002
0000
0000
0000
0000
0000
0000
0000
0000
0000
0000
0000
0000
0000
0000
0000
0000
0000
0000
0000
0000
0000
0000
0000
0000
0000
0000
0000
0000
0000
0000
0000
0000
0000
0000
ff00
0004
2074
203c
8000
0000
223c
8000
0000
0000
0000
0000
0000
0000
0000
0000
0000
0000
000c
8041
0000
0000
0000
0000
0000
0000
0000
0000
0002
0000
0000
0000
0000
0000
0000
0000
0000
0000
0000
0000
0000
0000
0000
0000
0000
0000
0000
0000
0000
0000
0000
0000
0000
0000
0000
0000
0000
0000
0000
0000
0000
0000
0000
ff00
0004
209a
203c
7fff
ffff
223c
0000
0001
0000
0000
0000
0000
0000
0000
0000
0000
0000
000c
8041
0000
0000
0000
0000
0000
0000
0000
0000
0002
0000
0000
0000
0000
0000
0000
0000
0000
0000
0000
0000
0000
0000
0000
0000
0000
0000
0000
0000
0000
0000
0000
0000
0000
0000
0000
0000
0000
0000
0000
0000
0000
0000
0000
ff00
0004
20c0
203c
dead
beef
223c
1234
5678
0000
0000
0000
0000
0000
0000
0000
0000
0000
000c
8001
0000
0000
0000
0000
0000
0000
0000
0000
0002
0000
0000
0000
0000
0000
0000
0000
0000
0000
0000
0000
0000
0000
0000
0000
0000
0000
0000
0000
0000
0000
0000
0000
0000
0000
0000
0000
0000
0000
0000
0000
0000
0000
0000
ff00
0004
20e6
203c
8000
0000
223c
8000
0000
0000
0000
0000
0000
0000
0000
0000
0000
0000
000c
8001
0000
0000
0000
0000
0000
0000
0000
0000
0002
0000
0000
0000
0000
0000
0000
0000
0000
0000
0000
0000
0000
0000
0000
0000
0000
0000
0000
0000
0000
0000
0000
0000
0000
0000
0000
0000
0000
0000
0000
0000
0000
0000
0000
ff00
0004
210c
203c
7fff
ffff
223c
0000
0001
0000
0000
0000
0000
0000
0000
0000
0000
0000
000c
8001
0000
0000
0000
0000
0000
0000
0000
0000
0002
0000
0000
0000
0000
0000
0000
0000
0000
0000
0000
0000
0000
0000
0000
0000
0000
0000
0000
0000
0000
0000
0000
0000
0000
0000
0000
0000
0000
0000
0000
0000
0000
0000
0000
ff00
0004
2132
203c
dead
beef
223c
1234
5678
0000
0000
0000
0000
0000
0000
0000
0000
0000
000c
b081
0000
0000
0000
0000
0000
0000
0000
0000
0002
0000
0000
0000
0000
0000
0000
0000
0000
0000
0000
0000
0000
0000
0000
0000
0000
0000
0000
0000
0000
0000
0000
0000
0000
0000
0000
0000
0000
0000
0000
0000
0000
0000
0000
ff00
0004
2159
203c
8000
0000
223c
8000
0000
0000
0000
0000
0000
0000
0000
0000
0000
0000
000c
b081
0000
0000
0000
0000
0000
0000
0000
0000
0002
0000
0000
0000
0000
0000
0000
0000
0000
0000
0000
0000
0000
0000
0000
0000
0000
0000
0000
0000
0000
0000
0000
0000
0000
0000
0000
0000
0000
0000
0000
0000
0000
0000
0000
ff00
0004
2180
203c
7fff
ffff
223c
0000
0001
0000
0000
0000
0000
0000
0000
0000
0000
0000
000c
b081
0000
0000
0000
0000
0000
0000
0000
0000
0002
0000
0000
0000
0000
0000
0000
0000
0000
0000
0000
0000
0000
0000
0000
0000
0000
0000
0000
0000
0000
0000
0000
0000
0000
0000
0000
0000
0000
0000
0000
0000
0000
0000
0000
ff00
0004
21a7
203c
dead
beef
223c
1234
5678
0000
0000
0000
0000
0000
0000
0000
0000
0000
000c
b041
0000
0000
0000
0000
0000
0000
0000
0000
0002
0000
0000
0000
0000
0000
0000
0000
0000
0000
0000
0000
0000
0000
0000
0000
0000
0000
0000
0000
0000
0000
0000
0000
0000
0000
0000
0000
0000
0000
0000
0000
0000
0000
0000
ff00
0004
21ce
203c
8000
0000
223c
8000
0000
0000
0000
0000
0000
0000
0000
0000
0000
0000
000c
b041
0000
0000
0000
0000
0000
0000
0000
0000
0002
0000
0000
0000
0000
0000
0000
0000
0000
0000
0000
0000
0000
0000
0000
0000
0000
0000
0000
0000
0000
0000
0000
0000
0000
0000
0000
0000
0000
0000
0000
0000
0000
0000
0000
ff00
0004
21f5
203c
7fff
ffff
223c
0000
0001
0000
0000
0000
0000
0000
0000
0000
0000
0000
000c
b041
0000
0000
0000
0000
0000
0000
0000
0000
0002
0000
0000
0000
0000
0000
0000
0000
0000
0000
0000
0000
0000
0000
0000
0000
0000
0000
0000
0000
0000
0000
0000
0000
0000
0000
0000
0000
0000
0000
0000
0000
0000
0000
0000
ff00
0004
221c
203c
dead
beef
223c
1234
5678
0000
0000
0000
0000
0000
0000
0000
0000
0000
000c
b001
0000
0000
0000
0000
0000
0000
0000
0000
0002
0000
0000
0000
0000
0000
0000
0000
0000
0000
0000
0000
0000
0000
0000
0000
0000
0000
0000
0000
0000
0000
0000
0000
0000
0000
0000
0000
0000
0000
0000
0000
0000
0000
0000
ff00
0004
2243
203c
8000
0000
223c
8000
0000
0000
0000
0000
0000
0000
0000
0000
0000
0000
000c
b001
0000
0000
0000
0000
0000
0000
0000
0000
0002
0000
0000
0000
0000
0000
0000
0000
0000
0000
0000
0000
0000
0000
0000
0000
0000
0000
0000
0000
0000
0000
0000
0000
0000
0000
0000
0000
0000
0000
0000
0000
0000
0000
0000
ff00
0004
226a
203c
7fff
ffff
223c
0000
0001
0000
0000
0000
0000
0000
0000
0000
0000
0000
000c
b001
0000
0000
0000
0000
0000
0000
0000
0000
0002
0000
0000
0000
0000
0000
0000
0000
0000
0000
0000
0000
0000
0000
0000
0000
0000
0000
0000
0000
0000
0000
0000
0000
0000
0000
0000
0000
0000
0000
0000
0000
0000
0000
0000
ff00
0004
2291
203c
dead
beef
223c
1234
5678
0000
0000
0000
0000
0000
0000
0000
0000
0000
000c
b380
0000
0000
0000
0000
0000
0000
0000
0000
0002
0000
0000
0000
0000
0000
0000
0000
0000
0000
0000
0000
0000
0000
0000
0000
0000
0000
0000
0000
0000
0000
0000
0000
0000
0000
0000
0000
0000
0000
0000
0000
0000
0000
0000
ff00
0004
22b8
203c
8000
0000
223c
8000
0000
0000
0000
0000
0000
0000
0000
0000
0000
0000
000c
b380
0000
0000
0000
0000
0000
0000
0000
0000
0002
0000
0000
0000
0000
0000
0000
0000
0000
0000
0000
0000
0000
0000
0000
0000
0000
0000
0000
0000
0000
0000
0000
0000
0000
0000
0000
0000
0000
0000
0000
0000
0000
0000
0000
ff00
0004
22df
203c
7fff
ffff
223c
0000
0001
0000
0000
0000
0000
0000
0000
0000
0000
0000
000c
b380
0000
0000
0000
0000
0000
0000
0000
0000
0002
0000
0000
0000
0000
0000
0000
0000
0000
0000
0000
0000
0000
0000
0000
0000
0000
0000
0000
0000
0000
0000
0000
0000
0000
0000
0000
0000
0000
0000
0000
0000
0000
0000
0000
ff00
0004
2306
203c
1234
5678
0000
0000
0000
0000
0000
0000
0000
0000
0000
0000
0000
0000
0006
0680
0000
ffff
0000
0000
0000
0000
0000
0000
0006
0000
0000
0000
0000
0000
0000
0000
0000
0000
0000
0000
0000
0000
0000
0000
0000
0000
0000
0000
0000
0000
0000
0000
0000
0000
0000
0000
0000
0000
0000
0000
0000
0000
0000
ff00
0004
231c
223c
8000
0000
0000
0000
0000
0000
0000
0000
0000
0000
0000
0000
0000
0000
0006
0681
8000
0000
0000
0000
0000
0000
0000
0000
0006
0000
0000
0000
0000
0000
0000
0000
0000
0000
0000
0000
0000
0000
0000
0000
0000
0000
0000
0000
0000
0000
0000
0000
0000
0000
0000
0000
0000
0000
0000
0000
0000
0000
0000
ff00
0004
2332
243c
ffff
ffff
0000
0000
0000
0000
0000
0000
0000
0000
0000
0000
0000
0000
0006
0682
0000
0001
0000
0000
0000
0000
0000
0000
0006
0000
0000
0000
0000
0000
0000
0000
0000
0000
0000
0000
0000
0000
0000
0000
0000
0000
0000
0000
0000
0000
0000
0000
0000
0000
0000
0000
0000
0000
0000
0000
0000
0000
0000
ff00
0004
2348
203c
1234
5678
0000
0000
0000
0000
0000
0000
0000
0000
0000
0000
0000
0000
0006
0480
0000
ffff
0000
0000
0000
0000
0000
0000
0006
0000
0000
0000
0000
0000
0000
0000
0000
0000
0000
0000
0000
0000
0000
0000
0000
0000
0000
0000
0000
0000
0000
0000
0000
0000
0000
0000
0000
0000
0000
0000
0000
0000
0000
ff00
0004
235e
223c
8000
0000
0000
0000
0000
0000
0000
0000
0000
0000
0000
0000
0000
0000
0006
0481
8000
0000
0000
0000
0000
0000
0000
0000
0006
0000
0000
0000
0000
0000
0000
0000
0000
0000
0000
0000
0000
0000
0000
0000
0000
0000
0000
0000
0000
0000
0000
0000
0000
0000
0000
0000
0000
0000
0000
0000
0000
0000
0000
ff00
0004
2374
243c
ffff
ffff
0000
0000
0000
0000
0000
0000
0000
0000
0000
0000
0000
0000
0006
0482
0000
0001
0000
0000
0000
0000
0000
0000
0006
0000
0000
0000
0000
0000
0000
0000
0000
0000
0000
0000
0000
0000
0000
0000
0000
0000
0000
0000
0000
0000
0000
0000
0000
0000
0000
0000
0000
0000
0000
0000
0000
0000
0000
ff00
0004
238a
203c
1234
5678
0000
0000
0000
0000
0000
0000
0000
0000
0000
0000
0000
0000
0006
0280
0000
ffff
0000
0000
0000
0000
0000
0000
0006
0000
0000
0000
0000
0000
0000
0000
0000
0000
0000
0000
0000
0000
0000
0000
0000
0000
0000
0000
0000
0000
0000
0000
0000
0000
0000
0000
0000
0000
0000
0000
0000
0000
0000
ff00
0004
23a0
223c
8000
0000
0000
0000
0000
0000
0000
0000
0000
0000
0000
0000
0000
0000
0006
0281
8000
0000
0000
0000
0000
0000
0000
0000
0006
0000
0000
0000
0000
0000
0000
0000
0000
0000
0000
0000
0000
0000
0000
0000
0000
0000
0000
0000
0000
0000
0000
0000
0000
0000
0000
0000
0000
0000
0000
0000
0000
0000
0000
ff00
0004
23b6
243c
ffff
ffff
0000
0000
0000
0000
0000
0000
0000
0000
0000
0000
0000
0000
0006
0282
0000
0001
0000
0000
0000
0000
0000
0000
0006
0000
0000
0000
0000
0000
0000
0000
0000
0000
0000
0000
0000
0000
0000
0000
0000
0000
0000
0000
0000
0000
0000
0000
0000
0000
0000
0000
0000
0000
0000
0000
0000
0000
0000
ff00
0004
23cd
203c
1234
5678
0000
0000
0000
0000
0000
0000
0000
0000
0000
0000
0000
0000
0006
0080
0000
ffff
0000
0000
0000
0000
0000
0000
0006
0000
0000
0000
0000
0000
0000
0000
0000
0000
0000
0000
0000
0000
0000
0000
0000
0000
0000
0000
0000
0000
0000
0000
0000
0000
0000
0000
0000
0000
0000
0000
0000
0000
0000
ff00
0004
23e3
223c
8000
0000
0000
0000
0000
0000
0000
0000
0000
0000
0000
0000
0000
0000
0006
0081
8000
0000
0000
0000
0000
0000
0000
0000
0006
0000
0000
0000
0000
0000
0000
0000
0000
0000
0000
0000
0000
0000
0000
0000
0000
0000
0000
0000
0000
0000
0000
0000
0000
0000
0000
0000
0000
0000
0000
0000
0000
0000
0000
ff00
0004
23f9
243c
ffff
ffff
0000
0000
0000
0000
0000
0000
0000
0000
0000
0000
0000
0000
0006
0082
0000
0001
0000
0000
0000
0000
0000
0000
0006
0000
0000
0000
0000
0000
0000
0000
0000
0000
0000
0000
0000
0000
0000
0000
0000
0000
0000
0000
0000
0000
0000
0000
0000
0000
0000
0000
0000
0000
0000
0000
0000
0000
0000
ff00
0004
23cc
203c
1234
5678
0000
0000
0000
0000
0000
0000
0000
0000
0000
0000
0000
0000
0006
0a80
0000
ffff
0000
0000
0000
0000
0000
0000
0006
0000
0000
0000
0000
0000
0000
0000
0000
0000
0000
0000
0000
0000
0000
0000
0000
0000
0000
0000
0000
0000
0000
0000
0000
0000
0000
0000
0000
0000
0000
0000
0000
0000
0000
ff00
0004
23e2
223c
8000
0000
0000
0000
0000
0000
0000
0000
0000
0000
0000
0000
0000
0000
0006
0a81
8000
0000
0000
0000
0000
0000
0000
0000
0006
0000
0000
0000
0000
0000
0000
0000
0000
0000
0000
0000
0000
0000
0000
0000
0000
0000
0000
0000
0000
0000
0000
0000
0000
0000
0000
0000
0000
0000
0000
0000
0000
0000
0000
ff00
0004
23f8
243c
ffff
ffff
0000
0000
0000
0000
0000
0000
0000
0000
0000
0000
0000
0000
0006
0a82
0000
0001
0000
0000
0000
0000
0000
0000
0006
0000
0000
0000
0000
0000
0000
0000
0000
0000
0000
0000
0000
0000
0000
0000
0000
0000
0000
0000
0000
0000
0000
0000
0000
0000
0000
0000
0000
0000
0000
0000
0000
0000
0000
ff00
0004
240e
203c
1234
5678
0000
0000
0000
0000
0000
0000
0000
0000
0000
0000
0000
0000
0006
0c80
0000
ffff
0000
0000
0000
0000
0000
0000
0006
0000
0000
0000
0000
0000
0000
0000
0000
0000
0000
0000
0000
0000
0000
0000
0000
0000
0000
0000
0000
0000
0000
0000
0000
0000
0000
0000
0000
0000
0000
0000
0000
0000
0000
ff00
0004
2424
223c
8000
0000
0000
0000
0000
0000
0000
0000
0000
0000
0000
0000
0000
0000
0006
0c81
8000
0000
0000
0000
0000
0000
0000
0000
0006
0000
0000
0000
0000
0000
0000
0000
0000
0000
0000
0000
0000
0000
0000
0000
0000
0000
0000
0000
0000
0000
0000
0000
0000
0000
0000
0000
0000
0000
0000
0000
0000
0000
0000
ff00
0004
243a
243c
ffff
ffff
0000
0000
0000
0000
0000
0000
0000
0000
0000
0000
0000
0000
0006
0c82
0000
0001
0000
0000
0000
0000
0000
0000
0006
0000
0000
0000
0000
0000
0000
0000
0000
0000
0000
0000
0000
0000
0000
0000
0000
0000
0000
0000
0000
0000
0000
0000
0000
0000
0000
0000
0000
0000
0000
0000
0000
0000
0000
ff00
0004
2450
203c
0000
0010
223c
0000
0004
0000
0000
0000
0000
0000
0000
0000
0000
0000
000c
c0c1
0000
0000
0000
0000
0000
0000
0000
0000
0002
0000
0000
0000
0000
0000
0000
0000
0000
0000
0000
0000
0000
0000
0000
0000
0000
0000
0000
0000
0000
0000
0000
0000
0000
0000
0000
0000
0000
0000
0000
0000
0000
0000
0000
ff00
0004
247e
203c
0000
ffff
223c
0000
ffff
0000
0000
0000
0000
0000
0000
0000
0000
0000
000c
c0c1
0000
0000
0000
0000
0000
0000
0000
0000
0002
0000
0000
0000
0000
0000
0000
0000
0000
0000
0000
0000
0000
0000
0000
0000
0000
0000
0000
0000
0000
0000
0000
0000
0000
0000
0000
0000
0000
0000
0000
0000
0000
0000
0000
ff00
0004
24ac
203c
0000
8000
223c
0000
0002
0000
0000
0000
0000
0000
0000
0000
0000
0000
000c
c0c1
0000
0000
0000
0000
0000
0000
0000
0000
0002
0000
0000
0000
0000
0000
0000
0000
0000
0000
0000
0000
0000
0000
0000
0000
0000
0000
0000
0000
0000
0000
0000
0000
0000
0000
0000
0000
0000
0000
0000
0000
0000
0000
0000
ff00
0004
24da
203c
0000
0010
223c
0000
0004
0000
0000
0000
0000
0000
0000
0000
0000
0000
000c
c1c1
0000
0000
0000
0000
0000
0000
0000
0000
0002
0000
0000
0000
0000
0000
0000
0000
0000
0000
0000
0000
0000
0000
0000
0000
0000
0000
0000
0000
0000
0000
0000
0000
0000
0000
0000
0000
0000
0000
0000
0000
0000
0000
0000
ff00
0004
2508
203c
0000
ffff
223c
0000
ffff
0000
0000
0000
0000
0000
0000
0000
0000
0000
000c
c1c1
0000
0000
0000
0000
0000
0000
0000
0000
0002
0000
0000
0000
0000
0000
0000
0000
0000
0000
0000
0000
0000
0000
0000
0000
0000
0000
0000
0000
0000
0000
0000
0000
0000
0000
0000
0000
0000
0000
0000
0000
0000
0000
0000
ff00
0004
2536
203c
0000
8000
223c
0000
0002
0000
0000
0000
0000
0000
0000
0000
0000
0000
000c
c1c1
0000
0000
0000
0000
0000
0000
0000
0000
0002
0000
0000
0000
0000
0000
0000
0000
0000
0000
0000
0000
0000
0000
0000
0000
0000
0000
0000
0000
0000
0000
0000
0000
0000
0000
0000
0000
0000
0000
0000
0000
0000
0000
0000
ff00
0004
2564
203c
0000
0010
223c
0000
0004
0000
0000
0000
0000
0000
0000
0000
0000
0000
000c
80c1
0000
0000
0000
0000
0000
0000
0000
0000
0002
0000
0000
0000
0000
0000
0000
0000
0000
0000
0000
0000
0000
0000
0000
0000
0000
0000
0000
0000
0000
0000
0000
0000
0000
0000
0000
0000
0000
0000
0000
0000
0000
0000
0000
ff00
0004
2592
203c
0000
ffff
223c
0000
ffff
0000
0000
0000
0000
0000
0000
0000
0000
0000
000c
80c1
0000
0000
0000
0000
0000
0000
0000
0000
0002
0000
0000
0000
0000
0000
0000
0000
0000
0000
0000
0000
0000
0000
0000
0000
0000
0000
0000
0000
0000
0000
0000
0000
0000
0000
0000
0000
0000
0000
0000
0000
0000
0000
0000
ff00
0004
25c0
203c
0000
8000
223c
0000
0002
0000
0000
0000
0000
0000
0000
0000
0000
0000
000c
80c1
0000
0000
0000
0000
0000
0000
0000
0000
0002
0000
0000
0000
0000
0000
0000
0000
0000
0000
0000
0000
0000
0000
0000
0000
0000
0000
0000
0000
0000
0000
0000
0000
0000
0000
0000
0000
0000
0000
0000
0000
0000
0000
0000
ff00
0004
25ee
203c
0000
0010
223c
0000
0004
0000
0000
0000
0000
0000
0000
0000
0000
0000
000c
81c1
0000
0000
0000
0000
0000
0000
0000
0000
0002
0000
0000
0000
0000
0000
0000
0000
0000
0000
0000
0000
0000
0000
0000
0000
0000
0000
0000
0000
0000
0000
0000
0000
0000
0000
0000
0000
0000
0000
0000
0000
0000
0000
0000
ff00
0004
261c
203c
0000
ffff
223c
0000
ffff
0000
0000
0000
0000
0000
0000
0000
0000
0000
000c
81c1
0000
0000
0000
0000
0000
0000
0000
0000
0002
0000
0000
0000
0000
0000
0000
0000
0000
0000
0000
0000
0000
0000
0000
0000
0000
0000
0000
0000
0000
0000
0000
0000
0000
0000
0000
0000
0000
0000
0000
0000
0000
0000
0000
f300
0004
264a
203c
0000
8000
223c
0000
0002
0000
0000
0000
0000
0000
0000
0000
0000
0000
000c
81c1
0000
0000
0000
0000
0000
0000
0000
0000
0002
0000
0000
0000
0000
0000
0000
0000
0000
0000
0000
0000
0000
0000
0000
0000
0000
0000
0000
0000
0000
0000
0000
0000
0000
0000
0000
0000
0000
0000
0000
0000
0000
0000
0000
ff00
0004
2678
203c
1234
5678
0000
0000
0000
0000
0000
0000
0000
0000
0000
0000
0000
0000
0006
4480
0000
0000
0000
0000
0000
0000
0000
0000
0002
0000
0000
0000
0000
0000
0000
0000
0000
0000
0000
0000
0000
0000
0000
0000
0000
0000
0000
0000
0000
0000
0000
0000
0000
0000
0000
0000
0000
0000
0000
0000
0000
0000
0000
ff00
0004
268e
203c
1234
5678
0000
0000
0000
0000
0000
0000
0000
0000
0000
0000
0000
0000
0006
4440
0000
0000
0000
0000
0000
0000
0000
0000
0002
0000
0000
0000
0000
0000
0000
0000
0000
0000
0000
0000
0000
0000
0000
0000
0000
0000
0000
0000
0000
0000
0000
0000
0000
0000
0000
0000
0000
0000
0000
0000
0000
0000
0000
ff00
0004
26a4
203c
1234
5678
0000
0000
0000
0000
0000
0000
0000
0000
0000
0000
0000
0000
0006
4400
0000
0000
0000
0000
0000
0000
0000
0000
0002
0000
0000
0000
0000
0000
0000
0000
0000
0000
0000
0000
0000
0000
0000
0000
0000
0000
0000
0000
0000
0000
0000
0000
0000
0000
0000
0000
0000
0000
0000
0000
0000
0000
0000
ff00
0004
26ba
203c
1234
5678
0000
0000
0000
0000
0000
0000
0000
0000
0000
0000
0000
0000
0006
4680
0000
0000
0000
0000
0000
0000
0000
0000
0002
0000
0000
0000
0000
0000
0000
0000
0000
0000
0000
0000
0000
0000
0000
0000
0000
0000
0000
0000
0000
0000
0000
0000
0000
0000
0000
0000
0000
0000
0000
0000
0000
0000
0000
ff00
0004
26d0
203c
1234
5678
0000
0000
0000
0000
0000
0000
0000
0000
0000
0000
0000
0000
0006
4640
0000
0000
0000
0000
0000
0000
0000
0000
0002
0000
0000
0000
0000
0000
0000
0000
0000
0000
0000
0000
0000
0000
0000
0000
0000
0000
0000
0000
0000
0000
0000
0000
0000
0000
0000
0000
0000
0000
0000
0000
0000
0000
0000
ff00
0004
26e6
203c
1234
5678
0000
0000
0000
0000
0000
0000
0000
0000
0000
0000
0000
0000
0006
4600
0000
0000
0000
0000
0000
0000
0000
0000
0002
0000
0000
0000
0000
0000
0000
0000
0000
0000
0000
0000
0000
0000
0000
0000
0000
0000
0000
0000
0000
0000
0000
0000
0000
0000
0000
0000
0000
0000
0000
0000
0000
0000
0000
ff00
0004
26fc
203c
1234
5678
0000
0000
0000
0000
0000
0000
0000
0000
0000
0000
0000
0000
0006
4280
0000
0000
0000
0000
0000
0000
0000
0000
0002
0000
0000
0000
0000
0000
0000
0000
0000
0000
0000
0000
0000
0000
0000
0000
0000
0000
0000
0000
0000
0000
0000
0000
0000
0000
0000
0000
0000
0000
0000
0000
0000
0000
0000
ff00
0004
2712
203c
1234
5678
0000
0000
0000
0000
0000
0000
0000
0000
0000
0000
0000
0000
0006
4240
0000
0000
0000
0000
0000
0000
0000
0000
0002
0000
0000
0000
0000
0000
0000
0000
0000
0000
0000
0000
0000
0000
0000
0000
0000
0000
0000
0000
0000
0000
0000
0000
0000
0000
0000
0000
0000
0000
0000
0000
0000
0000
0000
ff00
0004
2728
203c
1234
5678
0000
0000
0000
0000
0000
0000
0000
0000
0000
0000
0000
0000
0006
4200
0000
0000
0000
0000
0000
0000
0000
0000
0002
0000
0000
0000
0000
0000
0000
0000
0000
0000
0000
0000
0000
0000
0000
0000
0000
0000
0000
0000
0000
0000
0000
0000
0000
0000
0000
0000
0000
0000
0000
0000
0000
0000
0000
ff00
0004
273e
203c
1234
5678
0000
0000
0000
0000
0000
0000
0000
0000
0000
0000
0000
0000
0006
4840
0000
0000
0000
0000
0000
0000
0000
0000
0002
0000
0000
0000
0000
0000
0000
0000
0000
0000
0000
0000
0000
0000
0000
0000
0000
0000
0000
0000
0000
0000
0000
0000
0000
0000
0000
0000
0000
0000
0000
0000
0000
0000
0000
ff00
0004
2753
263c
dead
beef
0000
0000
0000
0000
0000
0000
0000
0000
0000
0000
0000
0000
0006
4843
0000
0000
0000
0000
0000
0000
0000
0000
0002
0000
0000
0000
0000
0000
0000
0000
0000
0000
0000
0000
0000
0000
0000
0000
0000
0000
0000
0000
0000
0000
0000
0000
0000
0000
0000
0000
0000
0000
0000
0000
0000
0000
0000
ff00
0004
2768
203c
0000
00ff
0000
0000
0000
0000
0000
0000
0000
0000
0000
0000
0000
0000
0006
4880
0000
0000
0000
0000
0000
0000
0000
0000
0002
0000
0000
0000
0000
0000
0000
0000
0000
0000
0000
0000
0000
0000
0000
0000
0000
0000
0000
0000
0000
0000
0000
0000
0000
0000
0000
0000
0000
0000
0000
0000
0000
0000
0000
ff00
0004
277e
203c
0000
ffff
0000
0000
0000
0000
0000
0000
0000
0000
0000
0000
0000
0000
0006
48c0
0000
0000
0000
0000
0000
0000
0000
0000
0002
0000
0000
0000
0000
0000
0000
0000
0000
0000
0000
0000
0000
0000
0000
0000
0000
0000
0000
0000
0000
0000
0000
0000
0000
0000
0000
0000
0000
0000
0000
0000
0000
0000
0000
ff00
0004
2794
203c
0000
0080
0000
0000
0000
0000
0000
0000
0000
0000
0000
0000
0000
0000
0006
49c0
0000
0000
0000
0000
0000
0000
0000
0000
0002
0000
0000
0000
0000
0000
0000
0000
0000
0000
0000
0000
0000
0000
0000
0000
0000
0000
0000
0000
0000
0000
0000
0000
0000
0000
0000
0000
0000
0000
0000
0000
0000
0000
0000
ff00
0004
27ab
0000
0000
0000
0000
0000
0000
0000
0000
0000
0000
0000
0000
0000
0000
0000
0000
41d6
0000
0000
0000
0000
0000
0000
0000
0000
0002
0000
0000
0000
0000
0000
0000
0000
0000
0000
0000
0000
0000
0000
0000
0000
0000
0000
0000
0000
0000
0000
0000
0000
0000
0000
0000
0000
0000
0000
0000
0000
0000
0000
0000
ff00
0004
27b7
0000
0000
0000
0000
0000
0000
0000
0000
0000
0000
0000
0000
0000
0000
0000
0000
43d6
0000
0000
0000
0000
0000
0000
0000
0000
0002
0000
0000
0000
0000
0000
0000
0000
0000
0000
0000
0000
0000
0000
0000
0000
0000
0000
0000
0000
0000
0000
0000
0000
0000
0000
0000
0000
0000
0000
0000
0000
0000
0000
0000
ff00
0004
27c3
0000
0000
0000
0000
0000
0000
0000
0000
0000
0000
0000
0000
0000
0000
0000
0000
4bd6
0000
0000
0000
0000
0000
0000
0000
0000
0002
0000
0000
0000
0000
0000
0000
0000
0000
0000
0000
0000
0000
0000
0000
0000
0000
0000
0000
0000
0000
0000
0000
0000
0000
0000
0000
0000
0000
0000
0000
0000
0000
0000
0000
ff00
0004
27cf
0000
0000
0000
0000
0000
0000
0000
0000
0000
0000
0000
0000
0000
0000
0000
0000
43ee
0010
0000
0000
0000
0000
0000
0000
0000
0004
0000
0000
0000
0000
0000
0000
0000
0000
0000
0000
0000
0000
0000
0000
0000
0000
0000
0000
0000
0000
0000
0000
0000
0000
0000
0000
0000
0000
0000
0000
0000
0000
0000
0000
ff00
0004
27dd
203c
1234
5678
223c
0000
0003
0000
0000
0000
0000
0000
0000
0000
0000
0000
000c
0300
0000
0000
0000
0000
0000
0000
0000
0000
0002
0000
0000
0000
0000
0000
0000
0000
0000
0000
0000
0000
0000
0000
0000
0000
0000
0000
0000
0000
0000
0000
0000
0000
0000
0000
0000
0000
0000
0000
0000
0000
0000
0000
0000
ff00
0004
2804
203c
1234
5678
223c
0000
0002
0000
0000
0000
0000
0000
0000
0000
0000
0000
000c
0300
0000
0000
0000
0000
0000
0000
0000
0000
0002
0000
0000
0000
0000
0000
0000
0000
0000
0000
0000
0000
0000
0000
0000
0000
0000
0000
0000
0000
0000
0000
0000
0000
0000
0000
0000
0000
0000
0000
0000
0000
0000
0000
0000
ff00
0004
282b
203c
1234
5678
223c
0000
0003
0000
0000
0000
0000
0000
0000
0000
0000
0000
000c
0340
0000
0000
0000
0000
0000
0000
0000
0000
0002
0000
0000
0000
0000
0000
0000
0000
0000
0000
0000
0000
0000
0000
0000
0000
0000
0000
0000
0000
0000
0000
0000
0000
0000
0000
0000
0000
0000
0000
0000
0000
0000
0000
0000
ff00
0004
2852
203c
1234
5678
223c
0000
0002
0000
0000
0000
0000
0000
0000
0000
0000
0000
000c
0340
0000
0000
0000
0000
0000
0000
0000
0000
0002
0000
0000
0000
0000
0000
0000
0000
0000
0000
0000
0000
0000
0000
0000
0000
0000
0000
0000
0000
0000
0000
0000
0000
0000
0000
0000
0000
0000
0000
0000
0000
0000
0000
0000
ff00
0004
2879
203c
1234
5678
223c
0000
0003
0000
0000
0000
0000
0000
0000
0000
0000
0000
000c
0380
0000
0000
0000
0000
0000
0000
0000
0000
0002
0000
0000
0000
0000
0000
0000
0000
0000
0000
0000
0000
0000
0000
0000
0000
0000
0000
0000
0000
0000
0000
0000
0000
0000
0000
0000
0000
0000
0000
0000
0000
0000
0000
0000
ff00
0004
28a0
203c
1234
5678
223c
0000
0002
0000
0000
0000
0000
0000
0000
0000
0000
0000
000c
0380
0000
0000
0000
0000
0000
0000
0000
0000
0002
0000
0000
0000
0000
0000
0000
0000
0000
0000
0000
0000
0000
0000
0000
0000
0000
0000
0000
0000
0000
0000
0000
0000
0000
0000
0000
0000
0000
0000
0000
0000
0000
0000
0000
ff00
0004
28c7
203c
1234
5678
223c
0000
0003
0000
0000
0000
0000
0000
0000
0000
0000
0000
000c
03c0
0000
0000
0000
0000
0000
0000
0000
0000
0002
0000
0000
0000
0000
0000
0000
0000
0000
0000
0000
0000
0000
0000
0000
0000
0000
0000
0000
0000
0000
0000
0000
0000
0000
0000
0000
0000
0000
0000
0000
0000
0000
0000
0000
ff00
0004
28ee
203c
1234
5678
223c
0000
0002
0000
0000
0000
0000
0000
0000
0000
0000
0000
000c
03c0
0000
0000
0000
0000
0000
0000
0000
0000
0002
0000
0000
0000
0000
0000
0000
0000
0000
0000
0000
0000
0000
0000
0000
0000
0000
0000
0000
0000
0000
0000
0000
0000
0000
0000
0000
0000
0000
0000
0000
0000
0000
0000
0000
ff00
0004
2915
203c
0000
0020
0000
0000
0000
0000
0000
0000
0000
0000
0000
0000
0000
0000
0006
0800
0005
0000
0000
0000
0000
0000
0000
0000
0004
0000
0000
0000
0000
0000
0000
0000
0000
0000
0000
0000
0000
0000
0000
0000
0000
0000
0000
0000
0000
0000
0000
0000
0000
0000
0000
0000
0000
0000
0000
0000
0000
0000
0000
ff00
0004
292b
203c
0000
0000
0000
0000
0000
0000
0000
0000
0000
0000
0000
0000
0000
0000
0006
08c0
001f
0000
0000
0000
0000
0000
0000
0000
0004
0000
0000
0000
0000
0000
0000
0000
0000
0000
0000
0000
0000
0000
0000
0000
0000
0000
0000
0000
0000
0000
0000
0000
0000
0000
0000
0000
0000
0000
0000
0000
0000
0000
0000
ff00
0004
293f
203c
8000
0001
0000
0000
0000
0000
0000
0000
0000
0000
0000
0000
0000
0000
0006
e380
0000
0000
0000
0000
0000
0000
0000
0000
0002
0000
0000
0000
0000
0000
0000
0000
0000
0000
0000
0000
0000
0000
0000
0000
0000
0000
0000
0000
0000
0000
0000
0000
0000
0000
0000
0000
0000
0000
0000
0000
0000
0000
0000
ff00
0004
2958
203c
1234
5678
0000
0000
0000
0000
0000
0000
0000
0000
0000
0000
0000
0000
0006
e980
0000
0000
0000
0000
0000
0000
0000
0000
0002
0000
0000
0000
0000
0000
0000
0000
0000
0000
0000
0000
0000
0000
0000
0000
0000
0000
0000
0000
0000
0000
0000
0000
0000
0000
0000
0000
0000
0000
0000
0000
0000
0000
0000
ff00
0004
2971
203c
dead
beef
0000
0000
0000
0000
0000
0000
0000
0000
0000
0000
0000
0000
0006
ef80
0000
0000
0000
0000
0000
0000
0000
0000
0002
0000
0000
0000
0000
0000
0000
0000
0000
0000
0000
0000
0000
0000
0000
0000
0000
0000
0000
0000
0000
0000
0000
0000
0000
0000
0000
0000
0000
0000
0000
0000
0000
0000
0000
ff00
0004
298a
203c
8000
0001
0000
0000
0000
0000
0000
0000
0000
0000
0000
0000
0000
0000
0006
e280
0000
0000
0000
0000
0000
0000
0000
0000
0002
0000
0000
0000
0000
0000
0000
0000
0000
0000
0000
0000
0000
0000
0000
0000
0000
0000
0000
0000
0000
0000
0000
0000
0000
0000
0000
0000
0000
0000
0000
0000
0000
0000
0000
ff00
0004
29a3
203c
1234
5678
0000
0000
0000
0000
0000
0000
0000
0000
0000
0000
0000
0000
0006
e880
0000
0000
0000
0000
0000
0000
0000
0000
0002
0000
0000
0000
0000
0000
0000
0000
0000
0000
0000
0000
0000
0000
0000
0000
0000
0000
0000
0000
0000
0000
0000
0000
0000
0000
0000
0000
0000
0000
0000
0000
0000
0000
0000
ff00
0004
29bc
203c
dead
beef
0000
0000
0000
0000
0000
0000
0000
0000
0000
0000
0000
0000
0006
ee80
0000
0000
0000
0000
0000
0000
0000
0000
0002
0000
0000
0000
0000
0000
0000
0000
0000
0000
0000
0000
0000
0000
0000
0000
0000
0000
0000
0000
0000
0000
0000
0000
0000
0000
0000
0000
0000
0000
0000
0000
0000
0000
0000
ff00
0004
29d5
203c
8000
0001
0000
0000
0000
0000
0000
0000
0000
0000
0000
0000
0000
0000
0006
e388
0000
0000
0000
0000
0000
0000
0000
0000
0002
0000
0000
0000
0000
0000
0000
0000
0000
0000
0000
0000
0000
0000
0000
0000
0000
0000
0000
0000
0000
0000
0000
0000
0000
0000
0000
0000
0000
0000
0000
0000
0000
0000
0000
ff00
0004
29ee
203c
1234
5678
0000
0000
0000
0000
0000
0000
0000
0000
0000
0000
0000
0000
0006
e988
0000
0000
0000
0000
0000
0000
0000
0000
0002
0000
0000
0000
0000
0000
0000
0000
0000
0000
0000
0000
0000
0000
0000
0000
0000
0000
0000
0000
0000
0000
0000
0000
0000
0000
0000
0000
0000
0000
0000
0000
0000
0000
0000
ff00
0004
2a07
203c
dead
beef
0000
0000
0000
0000
0000
0000
0000
0000
0000
0000
0000
0000
0006
ef88
0000
0000
0000
0000
0000
0000
0000
0000
0002
0000
0000
0000
0000
0000
0000
0000
0000
0000
0000
0000
0000
0000
0000
0000
0000
0000
0000
0000
0000
0000
0000
0000
0000
0000
0000
0000
0000
0000
0000
0000
0000
0000
0000
ff00
0004
2a20
203c
8000
0001
0000
0000
0000
0000
0000
0000
0000
0000
0000
0000
0000
0000
0006
e288
0000
0000
0000
0000
0000
0000
0000
0000
0002
0000
0000
0000
0000
0000
0000
0000
0000
0000
0000
0000
0000
0000
0000
0000
0000
0000
0000
0000
0000
0000
0000
0000
0000
0000
0000
0000
0000
0000
0000
0000
0000
0000
0000
ff00
0004
2a39
203c
1234
5678
0000
0000
0000
0000
0000
0000
0000
0000
0000
0000
0000
0000
0006
e888
0000
0000
0000
0000
0000
0000
0000
0000
0002
0000
0000
0000
0000
0000
0000
0000
0000
0000
0000
0000
0000
0000
0000
0000
0000
0000
0000
0000
0000
0000
0000
0000
0000
0000
0000
0000
0000
0000
0000
0000
0000
0000
0000
ff00
0004
2a52
203c
dead
beef
0000
0000
0000
0000
0000
0000
0000
0000
0000
0000
0000
0000
0006
ee88
0000
0000
0000
0000
0000
0000
0000
0000
0002
0000
0000
0000
0000
0000
0000
0000
0000
0000
0000
0000
0000
0000
0000
0000
0000
0000
0000
0000
0000
0000
0000
0000
0000
0000
0000
0000
0000
0000
0000
0000
0000
0000
0000
ff00
0004
2a6b
203c
8000
0001
0000
0000
0000
0000
0000
0000
0000
0000
0000
0000
0000
0000
0006
e390
0000
0000
0000
0000
0000
0000
0000
0000
0002
0000
0000
0000
0000
0000
0000
0000
0000
0000
0000
0000
0000
0000
0000
0000
0000
0000
0000
0000
0000
0000
0000
0000
0000
0000
0000
0000
0000
0000
0000
0000
0000
0000
0000
ff00
0004
2a85
203c
1234
5678
0000
0000
0000
0000
0000
0000
0000
0000
0000
0000
0000
0000
0006
e990
0000
0000
0000
0000
0000
0000
0000
0000
0002
0000
0000
0000
0000
0000
0000
0000
0000
0000
0000
0000
0000
0000
0000
0000
0000
0000
0000
0000
0000
0000
0000
0000
0000
0000
0000
0000
0000
0000
0000
0000
0000
0000
0000
ff00
0004
2a9f
203c
dead
beef
0000
0000
0000
0000
0000
0000
0000
0000
0000
0000
0000
0000
0006
ef90
0000
0000
0000
0000
0000
0000
0000
0000
0002
0000
0000
0000
0000
0000
0000
0000
0000
0000
0000
0000
0000
0000
0000
0000
0000
0000
0000
0000
0000
0000
0000
0000
0000
0000
0000
0000
0000
0000
0000
0000
0000
0000
0000
ff00
0004
2ab9
203c
8000
0001
0000
0000
0000
0000
0000
0000
0000
0000
0000
0000
0000
0000
0006
e290
0000
0000
0000
0000
0000
0000
0000
0000
0002
0000
0000
0000
0000
0000
0000
0000
0000
0000
0000
0000
0000
0000
0000
0000
0000
0000
0000
0000
0000
0000
0000
0000
0000
0000
0000
0000
0000
0000
0000
0000
0000
0000
0000
ff00
0004
2ad3
203c
1234
5678
0000
0000
0000
0000
0000
0000
0000
0000
0000
0000
0000
0000
0006
e890
0000
0000
0000
0000
0000
0000
0000
0000
0002
0000
0000
0000
0000
0000
0000
0000
0000
0000
0000
0000
0000
0000
0000
0000
0000
0000
0000
0000
0000
0000
0000
0000
0000
0000
0000
0000
0000
0000
0000
0000
0000
0000
0000
ff00
0004
2aed
203c
dead
beef
0000
0000
0000
0000
0000
0000
0000
0000
0000
0000
0000
0000
0006
ee90
0000
0000
0000
0000
0000
0000
0000
0000
0002
0000
0000
0000
0000
0000
0000
0000
0000
0000
0000
0000
0000
0000
0000
0000
0000
0000
0000
0000
0000
0000
0000
0000
0000
0000
0000
0000
0000
0000
0000
0000
0000
0000
0000
ff00
0004
2b07
203c
8000
0001
0000
0000
0000
0000
0000
0000
0000
0000
0000
0000
0000
0000
0006
e398
0000
0000
0000
0000
0000
0000
0000
0000
0002
0000
0000
0000
0000
0000
0000
0000
0000
0000
0000
0000
0000
0000
0000
0000
0000
0000
0000
0000
0000
0000
0000
0000
0000
0000
0000
0000
0000
0000
0000
0000
0000
0000
0000
ff00
0004
2b20
203c
1234
5678
0000
0000
0000
0000
0000
0000
0000
0000
0000
0000
0000
0000
0006
e998
0000
0000
0000
0000
0000
0000
0000
0000
0002
0000
0000
0000
0000
0000
0000
0000
0000
0000
0000
0000
0000
0000
0000
0000
0000
0000
0000
0000
0000
0000
0000
0000
0000
0000
0000
0000
0000
0000
0000
0000
0000
0000
0000
ff00
0004
2b39
203c
dead
beef
0000
0000
0000
0000
0000
0000
0000
0000
0000
0000
0000
0000
0006
ef98
0000
0000
0000
0000
0000
0000
0000
0000
0002
0000
0000
0000
0000
0000
0000
0000
0000
0000
0000
0000
0000
0000
0000
0000
0000
0000
0000
0000
0000
0000
0000
0000
0000
0000
0000
0000
0000
0000
0000
0000
0000
0000
0000
ff00
0004
2b52
203c
8000
0001
0000
0000
0000
0000
0000
0000
0000
0000
0000
0000
0000
0000
0006
e298
0000
0000
0000
0000
0000
0000
0000
0000
0002
0000
0000
0000
0000
0000
0000
0000
0000
0000
0000
0000
0000
0000
0000
0000
0000
0000
0000
0000
0000
0000
0000
0000
0000
0000
0000
0000
0000
0000
0000
0000
0000
0000
0000
ff00
0004
2b6b
203c
1234
5678
0000
0000
0000
0000
0000
0000
0000
0000
0000
0000
0000
0000
0006
e898
0000
0000
0000
0000
0000
0000
0000
0000
0002
0000
0000
0000
0000
0000
0000
0000
0000
0000
0000
0000
0000
0000
0000
0000
0000
0000
0000
0000
0000
0000
0000
0000
0000
0000
0000
0000
0000
0000
0000
0000
0000
0000
0000
ff00
0004
2b84
203c
dead
beef
0000
0000
0000
0000
0000
0000
0000
0000
0000
0000
0000
0000
0006
ee98
0000
0000
0000
0000
0000
0000
0000
0000
0002
0000
0000
0000
0000
0000
0000
0000
0000
0000
0000
0000
0000
0000
0000
0000
0000
0000
0000
0000
0000
0000
0000
0000
0000
0000
0000
0000
0000
0000
0000
0000
0000
0000
0000
ff00
0004
2b9d
203c
1111
1111
223c
2222
2222
243c
3333
3333
263c
4444
4444
0000
0000
0000
0018
48d6
000f
0000
0000
0000
0000
0000
0000
0000
0004
0000
0000
0000
0000
0000
0000
0000
0000
0000
0000
0000
0000
0000
0000
0000
0000
0000
0000
0000
0000
0000
0000
0000
0000
0000
0000
0000
0000
0000
0000
0000
0000
0000
0000
ff00
0004
2bb0
0000
0000
0000
0000
0000
0000
0000
0000
0000
0000
0000
0000
0000
0000
0000
0000
4cd6
00f0
0000
0000
0000
0000
0000
0000
0000
0004
aabb
ccdd
5566
7788
1122
3344
9988
7766
0000
0000
0000
0000
0000
0000
0000
0000
0000
0000
0000
0000
0000
0000
0000
0000
0000
0000
0000
0000
0000
0000
0000
0000
0100
0000
ff00
0004
2bc3
203c
cafe
f00d
43ee
0000
0000
0000
0000
0000
0000
0000
0000
0000
0000
0000
000a
0e91
0800
0000
0000
0000
0000
0000
0000
0000
0004
0000
0000
0000
0000
0000
0000
0000
0000
0000
0000
0000
0000
0000
0000
0000
0000
0000
0000
0000
0000
0000
0000
0000
0000
0000
0000
0000
0000
0000
0000
0000
0000
0001
0000
ff00
0004
2beb
203c
0000
00a5
43ee
0000
0000
0000
0000
0000
0000
0000
0000
0000
0000
0000
000a
0e11
0800
0000
0000
0000
0000
0000
0000
0000
0004
0000
0000
0000
0000
0000
0000
0000
0000
0000
0000
0000
0000
0000
0000
0000
0000
0000
0000
0000
0000
0000
0000
0000
0000
0000
0000
0000
0000
0000
0000
0000
0000
0001
0000
ff00
0004
2c13
203c
0000
beef
43ee
0000
0000
0000
0000
0000
0000
0000
0000
0000
0000
0000
000a
0e51
0800
0000
0000
0000
0000
0000
0000
0000
0004
0000
0000
0000
0000
0000
0000
0000
0000
0000
0000
0000
0000
0000
0000
0000
0000
0000
0000
0000
0000
0000
0000
0000
0000
0000
0000
0000
0000
0000
0000
0000
0000
0001
0000
ff00
0004
2c3b
203c
1111
1111
43ee
0000
0000
0000
0000
0000
0000
0000
0000
0000
0000
0000
000a
0e91
0000
0000
0000
0000
0000
0000
0000
0000
0004
dead
beef
0000
0000
0000
0000
0000
0000
0000
0000
0000
0000
0000
0000
0000
0000
0000
0000
0000
0000
0000
0000
0000
0000
0000
0000
0000
0000
0000
0000
0000
0000
0101
0000
ff00
0004
2c6e
203c
aaaa
0000
0000
0000
0000
0000
0000
0000
0000
0000
0000
0000
0000
0000
0006
40c0
0000
0000
0000
0000
0000
0000
0000
0000
0002
0000
0000
0000
0000
0000
0000
0000
0000
0000
0000
0000
0000
0000
0000
0000
0000
0000
0000
0000
0000
0000
0000
0000
0000
0000
0000
0000
0000
0000
0000
0000
0000
0001
0000
ff00
0004
2c88
0000
0000
0000
0000
0000
0000
0000
0000
0000
0000
0000
0000
0000
0000
0000
0000
40d6
0000
0000
0000
0000
0000
0000
0000
0000
0002
0000
0000
0000
0000
0000
0000
0000
0000
0000
0000
0000
0000
0000
0000
0000
0000
0000
0000
0000
0000
0000
0000
0000
0000
0000
0000
0000
0000
0000
0000
0000
0000
0001
0000
ff00
0004
2ca5
203c
0000
2700
0000
0000
0000
0000
0000
0000
0000
0000
0000
0000
0000
0000
0006
46c0
0000
0000
0000
0000
0000
0000
0000
0000
0002
0000
0000
0000
0000
0000
0000
0000
0000
0000
0000
0000
0000
0000
0000
0000
0000
0000
0000
0000
0000
0000
0000
0000
0000
0000
0000
0000
0000
0000
0000
0000
0000
0001
0000
ff00
0004
2ccb
0000
0000
0000
0000
0000
0000
0000
0000
0000
0000
0000
0000
0000
0000
0000
0000
46fc
2700
0000
0000
0000
0000
0000
0000
0000
0004
0000
0000
0000
0000
0000
0000
0000
0000
0000
0000
0000
0000
0000
0000
0000
0000
0000
0000
0000
0000
0000
0000
0000
0000
0000
0000
0000
0000
0000
0000
0000
0000
0001
0000
ff00
0004
2ce9
0000
0000
0000
0000
0000
0000
0000
0000
0000
0000
0000
0000
0000
0000
0000
0000
027c
ffff
0000
0000
0000
0000
0000
0000
0000
0004
0000
0000
0000
0000
0000
0000
0000
0000
0000
0000
0000
0000
0000
0000
0000
0000
0000
0000
0000
0000
0000
0000
0000
0000
0000
0000
0000
0000
0000
0000
0000
0000
0001
0000
ff00
0004
2d0f
0000
0000
0000
0000
0000
0000
0000
0000
0000
0000
0000
0000
0000
0000
0000
0000
027c
f8ff
0000
0000
0000
0000
0000
0000
0000
0004
0000
0000
0000
0000
0000
0000
0000
0000
0000
0000
0000
0000
0000
0000
0000
0000
0000
0000
0000
0000
0000
0000
0000
0000
0000
0000
0000
0000
0000
0000
0000
0000
0001
0001
ff00
0004
2d3b
0000
0000
0000
0000
0000
0000
0000
0000
0000
0000
0000
0000
0000
0000
0000
0000
007c
0700
0000
0000
0000
0000
0000
0000
0000
0004
0000
0000
0000
0000
0000
0000
0000
0000
0000
0000
0000
0000
0000
0000
0000
0000
0000
0000
0000
0000
0000
0000
0000
0000
0000
0000
0000
0000
0000
0000
0000
0000
0001
0000
ff00
0004
2d63
0000
0000
0000
0000
0000
0000
0000
0000
0000
0000
0000
0000
0000
0000
0000
0000
007c
001f
0000
0000
0000
0000
0000
0000
0000
0004
0000
0000
0000
0000
0000
0000
0000
0000
0000
0000
0000
0000
0000
0000
0000
0000
0000
0000
0000
0000
0000
0000
0000
0000
0000
0000
0000
0000
0000
0000
0000
0000
0001
0000
ff00
0004
2d92
0000
0000
0000
0000
0000
0000
0000
0000
0000
0000
0000
0000
0000
0000
0000
0000
0a7c
0010
0000
0000
0000
0000
0000
0000
0000
0004
0000
0000
0000
0000
0000
0000
0000
0000
0000
0000
0000
0000
0000
0000
0000
0000
0000
0000
0000
0000
0000
0000
0000
0000
0000
0000
0000
0000
0000
0000
0000
0000
0001
0000
ff00
0004
2dba
0000
0000
0000
0000
0000
0000
0000
0000
0000
0000
0000
0000
0000
0000
0000
0000
41fa
000e
3f3c
0000
2f08
3f3c
2700
4e73
91c8
0012
0000
0000
0000
0000
0000
0000
0000
0000
0000
0000
0000
0000
0000
0000
0000
0000
0000
0000
0000
0000
0000
0000
0000
0000
0000
0000
0000
0000
0000
0000
0000
0000
0001
0000
ff00
0004
2de9
203c
aaaa
aaaa
0000
0000
0000
0000
0000
0000
0000
0000
0000
0000
0000
0000
0006
4e7a
0000
0000
0000
0000
0000
0000
0000
0000
0004
0000
0000
0000
0000
0000
0000
0000
0000
0000
0000
0000
0000
0000
0000
0000
0000
0000
0000
0000
0000
0000
0000
0000
0000
0000
0000
0000
0000
0000
0000
0000
0000
0001
0000
ff00
0004
2e06
203c
aaaa
aaaa
0000
0000
0000
0000
0000
0000
0000
0000
0000
0000
0000
0000
0006
4e7a
0001
0000
0000
0000
0000
0000
0000
0000
0004
0000
0000
0000
0000
0000
0000
0000
0000
0000
0000
0000
0000
0000
0000
0000
0000
0000
0000
0000
0000
0000
0000
0000
0000
0000
0000
0000
0000
0000
0000
0000
0000
0001
0000
ff00
0004
2e23
203c
aaaa
aaaa
0000
0000
0000
0000
0000
0000
0000
0000
0000
0000
0000
0000
0006
4e7a
0801
0000
0000
0000
0000
0000
0000
0000
0004
0000
0000
0000
0000
0000
0000
0000
0000
0000
0000
0000
0000
0000
0000
0000
0000
0000
0000
0000
0000
0000
0000
0000
0000
0000
0000
0000
0000
0000
0000
0000
0000
0001
0000
ff00
0004
2e40
203c
aaaa
aaaa
0000
0000
0000
0000
0000
0000
0000
0000
0000
0000
0000
0000
0006
4e7a
0002
0000
0000
0000
0000
0000
0000
0000
0004
0000
0000
0000
0000
0000
0000
0000
0000
0000
0000
0000
0000
0000
0000
0000
0000
0000
0000
0000
0000
0000
0000
0000
0000
0000
0000
0000
0000
0000
0000
0000
0000
0001
0000
ff00
0004
2e5d
203c
0000
0005
223c
aaaa
aaaa
0000
0000
0000
0000
0000
0000
0000
0000
0000
000c
4e7b
0000
4e7a
1000
0000
0000
0000
0000
0000
0008
0000
0000
0000
0000
0000
0000
0000
0000
0000
0000
0000
0000
0000
0000
0000
0000
0000
0000
0000
0000
0000
0000
0000
0000
0000
0000
0000
0000
0000
0000
0000
0000
0001
0000
ff00
0004
2e8d
203c
0000
0003
223c
aaaa
aaaa
0000
0000
0000
0000
0000
0000
0000
0000
0000
000c
4e7b
0001
4e7a
1001
0000
0000
0000
0000
0000
0008
0000
0000
0000
0000
0000
0000
0000
0000
0000
0000
0000
0000
0000
0000
0000
0000
0000
0000
0000
0000
0000
0000
0000
0000
0000
0000
0000
0000
0000
0000
0000
0000
0001
0000
ff00
0004
2ebd
203c
0000
0000
223c
aaaa
aaaa
0000
0000
0000
0000
0000
0000
0000
0000
0000
000c
4e7b
0002
4e7a
1002
0000
0000
0000
0000
0000
0008
0000
0000
0000
0000
0000
0000
0000
0000
0000
0000
0000
0000
0000
0000
0000
0000
0000
0000
0000
0000
0000
0000
0000
0000
0000
0000
0000
0000
0000
0000
0000
0000
0001
0001
ff00
0004
2eec
203c
ffff
ffff
223c
aaaa
aaaa
0000
0000
0000
0000
0000
0000
0000
0000
0000
000c
4e7b
0002
4e7a
1002
0000
0000
0000
0000
0000
0008
0000
0000
0000
0000
0000
0000
0000
0000
0000
0000
0000
0000
0000
0000
0000
0000
0000
0000
0000
0000
0000
0000
0000
0000
0000
0000
0000
0000
0000
0000
0000
0000
0001
0001
ff00
0004
2f41
41ee
0000
43ee
0020
0000
0000
0000
0000
0000
0000
0000
0000
0000
0000
0000
0008
f620
9000
0000
0000
0000
0000
0000
0000
0000
0004
1122
3344
5566
7788
99aa
bbcc
ddee
ff01
0000
0000
0000
0000
0000
0000
0000
0000
0000
0000
0000
0000
0000
0000
0000
0000
0000
0000
0000
0000
0000
0000
0000
0000
0101
0001
ff00
0004
2f72
41ee
0000
0000
0000
0000
0000
0000
0000
0000
0000
0000
0000
0000
0000
0000
0004
4e60
0000
0000
0000
0000
0000
0000
0000
0000
0002
0000
0000
0000
0000
0000
0000
0000
0000
0000
0000
0000
0000
0000
0000
0000
0000
0000
0000
0000
0000
0000
0000
0000
0000
0000
0000
0000
0000
0000
0000
0000
0000
0001
0000
ff00
0004
2f9b
41ee
0000
0000
0000
0000
0000
0000
0000
0000
0000
0000
0000
0000
0000
0000
0004
4e60
4e69
0000
0000
0000
0000
0000
0000
0000
0004
0000
0000
0000
0000
0000
0000
0000
0000
0000
0000
0000
0000
0000
0000
0000
0000
0000
0000
0000
0000
0000
0000
0000
0000
0000
0000
0000
0000
0000
0000
0000
0000
0001
0000
ff00
0004
2fc5
203c
0000
001f
0000
0000
0000
0000
0000
0000
0000
0000
0000
0000
0000
0000
0006
44c0
0000
0000
0000
0000
0000
0000
0000
0000
0002
0000
0000
0000
0000
0000
0000
0000
0000
0000
0000
0000
0000
0000
0000
0000
0000
0000
0000
0000
0000
0000
0000
0000
0000
0000
0000
0000
0000
0000
0000
0000
0000
0000
0000
ff00
0004
2fdc
223c
ffff
ff00
44fc
000f
0000
0000
0000
0000
0000
0000
0000
0000
0000
0000
000a
42c1
0000
0000
0000
0000
0000
0000
0000
0000
0002
0000
0000
0000
0000
0000
0000
0000
0000
0000
0000
0000
0000
0000
0000
0000
0000
0000
0000
0000
0000
0000
0000
0000
0000
0000
0000
0000
0000
0000
0000
0000
0000
0000
0000
ff00
0004
2ff4
203c
0000
0010
223c
0000
0004
0000
0000
0000
0000
0000
0000
0000
0000
0000
000c
4c01
0000
0000
0000
0000
0000
0000
0000
0000
0004
0000
0000
0000
0000
0000
0000
0000
0000
0000
0000
0000
0000
0000
0000
0000
0000
0000
0000
0000
0000
0000
0000
0000
0000
0000
0000
0000
0000
0000
0000
0000
0000
0000
0000
ff00
0004
301f
203c
0000
0010
223c
0000
0004
0000
0000
0000
0000
0000
0000
0000
0000
0000
000c
4c01
0800
0000
0000
0000
0000
0000
0000
0000
0004
0000
0000
0000
0000
0000
0000
0000
0000
0000
0000
0000
0000
0000
0000
0000
0000
0000
0000
0000
0000
0000
0000
0000
0000
0000
0000
0000
0000
0000
0000
0000
0000
0000
0000
ff00
0004
304a
203c
1234
5678
223c
0001
0000
0000
0000
0000
0000
0000
0000
0000
0000
0000
000c
4c01
0000
0000
0000
0000
0000
0000
0000
0000
0004
0000
0000
0000
0000
0000
0000
0000
0000
0000
0000
0000
0000
0000
0000
0000
0000
0000
0000
0000
0000
0000
0000
0000
0000
0000
0000
0000
0000
0000
0000
0000
0000
0000
0000
ff00
0004
3075
203c
1234
5678
223c
0001
0000
0000
0000
0000
0000
0000
0000
0000
0000
0000
000c
4c01
0800
0000
0000
0000
0000
0000
0000
0000
0004
0000
0000
0000
0000
0000
0000
0000
0000
0000
0000
0000
0000
0000
0000
0000
0000
0000
0000
0000
0000
0000
0000
0000
0000
0000
0000
0000
0000
0000
0000
0000
0000
0000
0000
ff00
0004
30a0
203c
ffff
fffe
223c
ffff
fffe
0000
0000
0000
0000
0000
0000
0000
0000
0000
000c
4c01
0000
0000
0000
0000
0000
0000
0000
0000
0004
0000
0000
0000
0000
0000
0000
0000
0000
0000
0000
0000
0000
0000
0000
0000
0000
0000
0000
0000
0000
0000
0000
0000
0000
0000
0000
0000
0000
0000
0000
0000
0000
0000
0000
ff00
0004
30cc
203c
ffff
fffe
223c
ffff
fffe
0000
0000
0000
0000
0000
0000
0000
0000
0000
000c
4c01
0800
0000
0000
0000
0000
0000
0000
0000
0004
0000
0000
0000
0000
0000
0000
0000
0000
0000
0000
0000
0000
0000
0000
0000
0000
0000
0000
0000
0000
0000
0000
0000
0000
0000
0000
0000
0000
0000
0000
0000
0000
0000
0000
ff00
0004
30f8
203c
1234
5678
223c
1000
0000
0000
0000
0000
0000
0000
0000
0000
0000
0000
000c
4c01
0402
0000
0000
0000
0000
0000
0000
0000
0004
0000
0000
0000
0000
0000
0000
0000
0000
0000
0000
0000
0000
0000
0000
0000
0000
0000
0000
0000
0000
0000
0000
0000
0000
0000
0000
0000
0000
0000
0000
0000
0000
0000
0000
ff00
0004
310e
203c
1234
5678
223c
1000
0000
0000
0000
0000
0000
0000
0000
0000
0000
0000
000c
4c01
0c02
0000
0000
0000
0000
0000
0000
0000
0004
0000
0000
0000
0000
0000
0000
0000
0000
0000
0000
0000
0000
0000
0000
0000
0000
0000
0000
0000
0000
0000
0000
0000
0000
0000
0000
0000
0000
0000
0000
0000
0000
0000
0000
ff00
0004
3124
203c
ffff
ffff
223c
ffff
ffff
0000
0000
0000
0000
0000
0000
0000
0000
0000
000c
4c01
0402
0000
0000
0000
0000
0000
0000
0000
0004
0000
0000
0000
0000
0000
0000
0000
0000
0000
0000
0000
0000
0000
0000
0000
0000
0000
0000
0000
0000
0000
0000
0000
0000
0000
0000
0000
0000
0000
0000
0000
0000
0000
0000
ff00
0004
313d
203c
ffff
ffff
223c
ffff
ffff
0000
0000
0000
0000
0000
0000
0000
0000
0000
000c
4c01
0c02
0000
0000
0000
0000
0000
0000
0000
0004
0000
0000
0000
0000
0000
0000
0000
0000
0000
0000
0000
0000
0000
0000
0000
0000
0000
0000
0000
0000
0000
0000
0000
0000
0000
0000
0000
0000
0000
0000
0000
0000
0000
0000
ff00
0004
3156
203c
0000
0064
223c
0000
0007
0000
0000
0000
0000
0000
0000
0000
0000
0000
000c
4c41
0002
0000
0000
0000
0000
0000
0000
0000
0004
0000
0000
0000
0000
0000
0000
0000
0000
0000
0000
0000
0000
0000
0000
0000
0000
0000
0000
0000
0000
0000
0000
0000
0000
0000
0000
0000
0000
0000
0000
0000
0000
0000
0000
ff00
0004
318a
203c
0000
0064
223c
0000
0007
0000
0000
0000
0000
0000
0000
0000
0000
0000
000c
4c41
0802
0000
0000
0000
0000
0000
0000
0000
0004
0000
0000
0000
0000
0000
0000
0000
0000
0000
0000
0000
0000
0000
0000
0000
0000
0000
0000
0000
0000
0000
0000
0000
0000
0000
0000
0000
0000
0000
0000
0000
0000
0000
0000
ff00
0004
31be
203c
1234
5678
223c
0000
0100
0000
0000
0000
0000
0000
0000
0000
0000
0000
000c
4c41
0002
0000
0000
0000
0000
0000
0000
0000
0004
0000
0000
0000
0000
0000
0000
0000
0000
0000
0000
0000
0000
0000
0000
0000
0000
0000
0000
0000
0000
0000
0000
0000
0000
0000
0000
0000
0000
0000
0000
0000
0000
0000
0000
ff00
0004
31f0
203c
1234
5678
223c
0000
0100
0000
0000
0000
0000
0000
0000
0000
0000
0000
000c
4c41
0802
0000
0000
0000
0000
0000
0000
0000
0004
0000
0000
0000
0000
0000
0000
0000
0000
0000
0000
0000
0000
0000
0000
0000
0000
0000
0000
0000
0000
0000
0000
0000
0000
0000
0000
0000
0000
0000
0000
0000
0000
0000
0000
ff00
0004
3222
203c
ffff
fff6
223c
0000
0004
0000
0000
0000
0000
0000
0000
0000
0000
0000
000c
4c41
0002
0000
0000
0000
0000
0000
0000
0000
0004
0000
0000
0000
0000
0000
0000
0000
0000
0000
0000
0000
0000
0000
0000
0000
0000
0000
0000
0000
0000
0000
0000
0000
0000
0000
0000
0000
0000
0000
0000
0000
0000
0000
0000
ff00
0004
3254
203c
ffff
fff6
223c
0000
0004
0000
0000
0000
0000
0000
0000
0000
0000
0000
000c
4c41
0802
0000
0000
0000
0000
0000
0000
0000
0004
0000
0000
0000
0000
0000
0000
0000
0000
0000
0000
0000
0000
0000
0000
0000
0000
0000
0000
0000
0000
0000
0000
0000
0000
0000
0000
0000
0000
0000
0000
0000
0000
0000
0000
ff00
0004
3286
203c
0000
0064
223c
0000
0007
0000
0000
0000
0000
0000
0000
0000
0000
0000
000c
4c41
0000
0000
0000
0000
0000
0000
0000
0000
0004
0000
0000
0000
0000
0000
0000
0000
0000
0000
0000
0000
0000
0000
0000
0000
0000
0000
0000
0000
0000
0000
0000
0000
0000
0000
0000
0000
0000
0000
0000
0000
0000
0000
0000
ff00
0004
32ab
203c
ffff
ff9c
223c
0000
0007
0000
0000
0000
0000
0000
0000
0000
0000
0000
000c
4c41
0800
0000
0000
0000
0000
0000
0000
0000
0004
0000
0000
0000
0000
0000
0000
0000
0000
0000
0000
0000
0000
0000
0000
0000
0000
0000
0000
0000
0000
0000
0000
0000
0000
0000
0000
0000
0000
0000
0000
0000
0000
0000
0000
ff00
0004
32d1
203c
aabb
ccff
0000
0000
0000
0000
0000
0000
0000
0000
0000
0000
0000
0000
0006
49c0
0000
0000
0000
0000
0000
0000
0000
0000
0002
0000
0000
0000
0000
0000
0000
0000
0000
0000
0000
0000
0000
0000
0000
0000
0000
0000
0000
0000
0000
0000
0000
0000
0000
0000
0000
0000
0000
0000
0000
0000
0000
0000
0000
ff00
0004
32f6
203c
aabb
cc7f
0000
0000
0000
0000
0000
0000
0000
0000
0000
0000
0000
0000
0006
49c0
0000
0000
0000
0000
0000
0000
0000
0000
0002
0000
0000
0000
0000
0000
0000
0000
0000
0000
0000
0000
0000
0000
0000
0000
0000
0000
0000
0000
0000
0000
0000
0000
0000
0000
0000
0000
0000
0000
0000
0000
0000
0000
0000
ff00
0004
331b
203c
12ff
5678
0000
0000
0000
0000
0000
0000
0000
0000
0000
0000
0000
0000
0006
e8c0
0408
0000
0000
0000
0000
0000
0000
0000
0004
0000
0000
0000
0000
0000
0000
0000
0000
0000
0000
0000
0000
0000
0000
0000
0000
0000
0000
0000
0000
0000
0000
0000
0000
0000
0000
0000
0000
0000
0000
0000
0000
0000
0000
ff00
0004
3345
203c
0000
0000
0000
0000
0000
0000
0000
0000
0000
0000
0000
0000
0000
0000
0006
e8c0
0010
0000
0000
0000
0000
0000
0000
0000
0004
0000
0000
0000
0000
0000
0000
0000
0000
0000
0000
0000
0000
0000
0000
0000
0000
0000
0000
0000
0000
0000
0000
0000
0000
0000
0000
0000
0000
0000
0000
0000
0000
0000
0000
ff00
0004
335b
203c
12ff
5678
0000
0000
0000
0000
0000
0000
0000
0000
0000
0000
0000
0000
0006
e9c0
1408
0000
0000
0000
0000
0000
0000
0000
0004
0000
0000
0000
0000
0000
0000
0000
0000
0000
0000
0000
0000
0000
0000
0000
0000
0000
0000
0000
0000
0000
0000
0000
0000
0000
0000
0000
0000
0000
0000
0000
0000
0000
0000
ff00
0004
3389
203c
abcd
ef12
0000
0000
0000
0000
0000
0000
0000
0000
0000
0000
0000
0000
0006
e9c0
210c
0000
0000
0000
0000
0000
0000
0000
0004
0000
0000
0000
0000
0000
0000
0000
0000
0000
0000
0000
0000
0000
0000
0000
0000
0000
0000
0000
0000
0000
0000
0000
0000
0000
0000
0000
0000
0000
0000
0000
0000
0000
0000
ff00
0004
339c
203c
12ff
5678
0000
0000
0000
0000
0000
0000
0000
0000
0000
0000
0000
0000
0006
ebc0
1408
0000
0000
0000
0000
0000
0000
0000
0004
0000
0000
0000
0000
0000
0000
0000
0000
0000
0000
0000
0000
0000
0000
0000
0000
0000
0000
0000
0000
0000
0000
0000
0000
0000
0000
0000
0000
0000
0000
0000
0000
0000
0000
ff00
0004
33d0
203c
1234
5678
0000
0000
0000
0000
0000
0000
0000
0000
0000
0000
0000
0000
0006
ebc0
1408
0000
0000
0000
0000
0000
0000
0000
0004
0000
0000
0000
0000
0000
0000
0000
0000
0000
0000
0000
0000
0000
0000
0000
0000
0000
0000
0000
0000
0000
0000
0000
0000
0000
0000
0000
0000
0000
0000
0000
0000
0000
0000
ff00
0004
3404
203c
12ff
5678
0000
0000
0000
0000
0000
0000
0000
0000
0000
0000
0000
0000
0006
eac0
0408
0000
0000
0000
0000
0000
0000
0000
0004
0000
0000
0000
0000
0000
0000
0000
0000
0000
0000
0000
0000
0000
0000
0000
0000
0000
0000
0000
0000
0000
0000
0000
0000
0000
0000
0000
0000
0000
0000
0000
0000
0000
0000
ff00
0004
3423
203c
ffff
ffff
0000
0000
0000
0000
0000
0000
0000
0000
0000
0000
0000
0000
0006
ecc0
0408
0000
0000
0000
0000
0000
0000
0000
0004
0000
0000
0000
0000
0000
0000
0000
0000
0000
0000
0000
0000
0000
0000
0000
0000
0000
0000
0000
0000
0000
0000
0000
0000
0000
0000
0000
0000
0000
0000
0000
0000
0000
0000
ff00
0004
3442
203c
0000
0000
0000
0000
0000
0000
0000
0000
0000
0000
0000
0000
0000
0000
0006
eec0
0408
0000
0000
0000
0000
0000
0000
0000
0004
0000
0000
0000
0000
0000
0000
0000
0000
0000
0000
0000
0000
0000
0000
0000
0000
0000
0000
0000
0000
0000
0000
0000
0000
0000
0000
0000
0000
0000
0000
0000
0000
0000
0000
ff00
0004
3458
203c
0010
0000
0000
0000
0000
0000
0000
0000
0000
0000
0000
0000
0000
0000
0006
edc0
1000
0000
0000
0000
0000
0000
0000
0000
0004
0000
0000
0000
0000
0000
0000
0000
0000
0000
0000
0000
0000
0000
0000
0000
0000
0000
0000
0000
0000
0000
0000
0000
0000
0000
0000
0000
0000
0000
0000
0000
0000
0000
0000
ff00
0004
3483
203c
0000
0000
0000
0000
0000
0000
0000
0000
0000
0000
0000
0000
0000
0000
0006
edc0
1000
0000
0000
0000
0000
0000
0000
0000
0004
0000
0000
0000
0000
0000
0000
0000
0000
0000
0000
0000
0000
0000
0000
0000
0000
0000
0000
0000
0000
0000
0000
0000
0000
0000
0000
0000
0000
0000
0000
0000
0000
0000
0000
ff00
0004
34a5
203c
ffff
ffff
223c
0000
00aa
0000
0000
0000
0000
0000
0000
0000
0000
0000
000c
efc0
1408
0000
0000
0000
0000
0000
0000
0000
0004
0000
0000
0000
0000
0000
0000
0000
0000
0000
0000
0000
0000
0000
0000
0000
0000
0000
0000
0000
0000
0000
0000
0000
0000
0000
0000
0000
0000
0000
0000
0000
0000
0000
0000
ff00
0004
34d0
203c
aabb
ccdd
223c
0000
3132
0000
0000
0000
0000
0000
0000
0000
0000
0000
000c
8141
0000
0000
0000
0000
0000
0000
0000
0000
0004
0000
0000
0000
0000
0000
0000
0000
0000
0000
0000
0000
0000
0000
0000
0000
0000
0000
0000
0000
0000
0000
0000
0000
0000
0000
0000
0000
0000
0000
0000
0000
0000
0000
0000
ff00
0004
3502
203c
aabb
ccdd
223c
0000
3132
0000
0000
0000
0000
0000
0000
0000
0000
0000
000c
8141
0100
0000
0000
0000
0000
0000
0000
0000
0004
0000
0000
0000
0000
0000
0000
0000
0000
0000
0000
0000
0000
0000
0000
0000
0000
0000
0000
0000
0000
0000
0000
0000
0000
0000
0000
0000
0000
0000
0000
0000
0000
0000
0000
ff00
0004
3539
203c
aabb
ccdd
223c
0000
0012
0000
0000
0000
0000
0000
0000
0000
0000
0000
000c
8181
0000
0000
0000
0000
0000
0000
0000
0000
0004
0000
0000
0000
0000
0000
0000
0000
0000
0000
0000
0000
0000
0000
0000
0000
0000
0000
0000
0000
0000
0000
0000
0000
0000
0000
0000
0000
0000
0000
0000
0000
0000
0000
0000
ff00
0004
3570
203c
aabb
ccdd
223c
0000
0012
0000
0000
0000
0000
0000
0000
0000
0000
0000
000c
8181
3030
0000
0000
0000
0000
0000
0000
0000
0004
0000
0000
0000
0000
0000
0000
0000
0000
0000
0000
0000
0000
0000
0000
0000
0000
0000
0000
0000
0000
0000
0000
0000
0000
0000
0000
0000
0000
0000
0000
0000
0000
0000
0000
ff00
0004
35a5
203c
0000
0002
0000
0000
0000
0000
0000
0000
0000
0000
0000
0000
0000
0000
0006
2236
0800
0000
0000
0000
0000
0000
0000
0000
0004
0102
0304
0506
0708
090a
0b0c
0d0e
0f10
1112
1314
1516
1718
191a
1b1c
1d1e
1f20
2122
2324
2526
2728
292a
2b2c
2d2e
2f30
3132
3334
3536
3738
393a
3b3c
3d3e
3f40
0100
0000
ff00
0004
35c4
203c
0000
0002
0000
0000
0000
0000
0000
0000
0000
0000
0000
0000
0000
0000
0006
2236
0a00
0000
0000
0000
0000
0000
0000
0000
0004
0102
0304
0506
0708
090a
0b0c
0d0e
0f10
1112
1314
1516
1718
191a
1b1c
1d1e
1f20
2122
2324
2526
2728
292a
2b2c
2d2e
2f30
3132
3334
3536
3738
393a
3b3c
3d3e
3f40
0100
0000
ff00
0004
35e3
203c
0000
0002
0000
0000
0000
0000
0000
0000
0000
0000
0000
0000
0000
0000
0006
2236
0c00
0000
0000
0000
0000
0000
0000
0000
0004
0102
0304
0506
0708
090a
0b0c
0d0e
0f10
1112
1314
1516
1718
191a
1b1c
1d1e
1f20
2122
2324
2526
2728
292a
2b2c
2d2e
2f30
3132
3334
3536
3738
393a
3b3c
3d3e
3f40
0100
0000
ff00
0004
3602
203c
0000
0002
0000
0000
0000
0000
0000
0000
0000
0000
0000
0000
0000
0000
0006
2236
0e00
0000
0000
0000
0000
0000
0000
0000
0004
0102
0304
0506
0708
090a
0b0c
0d0e
0f10
1112
1314
1516
1718
191a
1b1c
1d1e
1f20
2122
2324
2526
2728
292a
2b2c
2d2e
2f30
3132
3334
3536
3738
393a
3b3c
3d3e
3f40
0100
0000
ff00
0004
3621
203c
0000
0001
0000
0000
0000
0000
0000
0000
0000
0000
0000
0000
0000
0000
0006
2236
0c08
0000
0000
0000
0000
0000
0000
0000
0004
0102
0304
0506
0708
090a
0b0c
0d0e
0f10
1112
1314
1516
1718
191a
1b1c
1d1e
1f20
2122
2324
2526
2728
292a
2b2c
2d2e
2f30
3132
3334
3536
3738
393a
3b3c
3d3e
3f40
0100
0000
ff00
0004
3640
203c
1234
5678
0000
0000
0000
0000
0000
0000
0000
0000
0000
0000
0000
0000
0006
4a80
0000
0000
0000
0000
0000
0000
0000
0000
0002
0000
0000
0000
0000
0000
0000
0000
0000
0000
0000
0000
0000
0000
0000
0000
0000
0000
0000
0000
0000
0000
0000
0000
0000
0000
0000
0000
0000
0000
0000
0000
0000
0000
0000
ff00
0004
365c
203c
8000
0000
0000
0000
0000
0000
0000
0000
0000
0000
0000
0000
0000
0000
0006
4a80
0000
0000
0000
0000
0000
0000
0000
0000
0002
0000
0000
0000
0000
0000
0000
0000
0000
0000
0000
0000
0000
0000
0000
0000
0000
0000
0000
0000
0000
0000
0000
0000
0000
0000
0000
0000
0000
0000
0000
0000
0000
0000
0000
ff00
0004
3678
203c
0000
0000
0000
0000
0000
0000
0000
0000
0000
0000
0000
0000
0000
0000
0006
4a80
0000
0000
0000
0000
0000
0000
0000
0000
0002
0000
0000
0000
0000
0000
0000
0000
0000
0000
0000
0000
0000
0000
0000
0000
0000
0000
0000
0000
0000
0000
0000
0000
0000
0000
0000
0000
0000
0000
0000
0000
0000
0000
0000
ff00
0004
3695
203c
1234
5678
0000
0000
0000
0000
0000
0000
0000
0000
0000
0000
0000
0000
0006
4a40
0000
0000
0000
0000
0000
0000
0000
0000
0002
0000
0000
0000
0000
0000
0000
0000
0000
0000
0000
0000
0000
0000
0000
0000
0000
0000
0000
0000
0000
0000
0000
0000
0000
0000
0000
0000
0000
0000
0000
0000
0000
0000
0000
ff00
0004
36b1
203c
8000
0000
0000
0000
0000
0000
0000
0000
0000
0000
0000
0000
0000
0000
0006
4a40
0000
0000
0000
0000
0000
0000
0000
0000
0002
0000
0000
0000
0000
0000
0000
0000
0000
0000
0000
0000
0000
0000
0000
0000
0000
0000
0000
0000
0000
0000
0000
0000
0000
0000
0000
0000
0000
0000
0000
0000
0000
0000
0000
ff00
0004
36cd
203c
0000
0000
0000
0000
0000
0000
0000
0000
0000
0000
0000
0000
0000
0000
0006
4a40
0000
0000
0000
0000
0000
0000
0000
0000
0002
0000
0000
0000
0000
0000
0000
0000
0000
0000
0000
0000
0000
0000
0000
0000
0000
0000
0000
0000
0000
0000
0000
0000
0000
0000
0000
0000
0000
0000
0000
0000
0000
0000
0000
ff00
0004
36ea
203c
1234
5678
0000
0000
0000
0000
0000
0000
0000
0000
0000
0000
0000
0000
0006
4a00
0000
0000
0000
0000
0000
0000
0000
0000
0002
0000
0000
0000
0000
0000
0000
0000
0000
0000
0000
0000
0000
0000
0000
0000
0000
0000
0000
0000
0000
0000
0000
0000
0000
0000
0000
0000
0000
0000
0000
0000
0000
0000
0000
ff00
0004
3706
203c
8000
0000
0000
0000
0000
0000
0000
0000
0000
0000
0000
0000
0000
0000
0006
4a00
0000
0000
0000
0000
0000
0000
0000
0000
0002
0000
0000
0000
0000
0000
0000
0000
0000
0000
0000
0000
0000
0000
0000
0000
0000
0000
0000
0000
0000
0000
0000
0000
0000
0000
0000
0000
0000
0000
0000
0000
0000
0000
0000
ff00
0004
3722
203c
0000
0000
0000
0000
0000
0000
0000
0000
0000
0000
0000
0000
0000
0000
0006
4a00
0000
0000
0000
0000
0000
0000
0000
0000
0002
0000
0000
0000
0000
0000
0000
0000
0000
0000
0000
0000
0000
0000
0000
0000
0000
0000
0000
0000
0000
0000
0000
0000
0000
0000
0000
0000
0000
0000
0000
0000
0000
0000
0000
ff00
0004
373f
203c
1234
5678
0000
0000
0000
0000
0000
0000
0000
0000
0000
0000
0000
0000
0006
5680
0000
0000
0000
0000
0000
0000
0000
0000
0002
0000
0000
0000
0000
0000
0000
0000
0000
0000
0000
0000
0000
0000
0000
0000
0000
0000
0000
0000
0000
0000
0000
0000
0000
0000
0000
0000
0000
0000
0000
0000
0000
0000
0000
ff00
0004
375c
203c
1234
5678
0000
0000
0000
0000
0000
0000
0000
0000
0000
0000
0000
0000
0006
5640
0000
0000
0000
0000
0000
0000
0000
0000
0002
0000
0000
0000
0000
0000
0000
0000
0000
0000
0000
0000
0000
0000
0000
0000
0000
0000
0000
0000
0000
0000
0000
0000
0000
0000
0000
0000
0000
0000
0000
0000
0000
0000
0000
ff00
0004
3779
203c
1234
5678
0000
0000
0000
0000
0000
0000
0000
0000
0000
0000
0000
0000
0006
5600
0000
0000
0000
0000
0000
0000
0000
0000
0002
0000
0000
0000
0000
0000
0000
0000
0000
0000
0000
0000
0000
0000
0000
0000
0000
0000
0000
0000
0000
0000
0000
0000
0000
0000
0000
0000
0000
0000
0000
0000
0000
0000
0000
ff00
0004
3796
203c
1234
5678
0000
0000
0000
0000
0000
0000
0000
0000
0000
0000
0000
0000
0006
5780
0000
0000
0000
0000
0000
0000
0000
0000
0002
0000
0000
0000
0000
0000
0000
0000
0000
0000
0000
0000
0000
0000
0000
0000
0000
0000
0000
0000
0000
0000
0000
0000
0000
0000
0000
0000
0000
0000
0000
0000
0000
0000
0000
ff00
0004
37b3
203c
1234
5678
0000
0000
0000
0000
0000
0000
0000
0000
0000
0000
0000
0000
0006
5740
0000
0000
0000
0000
0000
0000
0000
0000
0002
0000
0000
0000
0000
0000
0000
0000
0000
0000
0000
0000
0000
0000
0000
0000
0000
0000
0000
0000
0000
0000
0000
0000
0000
0000
0000
0000
0000
0000
0000
0000
0000
0000
0000
ff00
0004
37d0
203c
1234
5678
0000
0000
0000
0000
0000
0000
0000
0000
0000
0000
0000
0000
0006
5700
0000
0000
0000
0000
0000
0000
0000
0000
0002
0000
0000
0000
0000
0000
0000
0000
0000
0000
0000
0000
0000
0000
0000
0000
0000
0000
0000
0000
0000
0000
0000
0000
0000
0000
0000
0000
0000
0000
0000
0000
0000
0000
0000
ff00
0004
37ed
203c
1234
5678
0000
0000
0000
0000
0000
0000
0000
0000
0000
0000
0000
0000
0006
5080
0000
0000
0000
0000
0000
0000
0000
0000
0002
0000
0000
0000
0000
0000
0000
0000
0000
0000
0000
0000
0000
0000
0000
0000
0000
0000
0000
0000
0000
0000
0000
0000
0000
0000
0000
0000
0000
0000
0000
0000
0000
0000
0000
ff00
0004
3813
41ee
0008
43ee
0010
44fc
0010
0000
0000
0000
0000
0000
0000
0000
0000
0000
000c
d189
0000
0000
0000
0000
0000
0000
0000
0000
0002
0000
0000
0000
0005
0000
0000
0000
0003
0000
0000
0000
0000
0000
0000
0000
0000
0000
0000
0000
0000
0000
0000
0000
0000
0000
0000
0000
0000
0000
0000
0000
0000
0100
0000
ff00
0004
3838
41ee
0008
43ee
0010
0000
0000
0000
0000
0000
0000
0000
0000
0000
0000
0000
0008
9189
0000
0000
0000
0000
0000
0000
0000
0000
0002
0000
0000
0000
0005
0000
0000
0000
0003
0000
0000
0000
0000
0000
0000
0000
0000
0000
0000
0000
0000
0000
0000
0000
0000
0000
0000
0000
0000
0000
0000
0000
0000
0100
0000
ff00
0004
385d
203c
1234
5678
44fc
0010
0000
0000
0000
0000
0000
0000
0000
0000
0000
0000
000a
4080
0000
0000
0000
0000
0000
0000
0000
0000
0002
0000
0000
0000
0000
0000
0000
0000
0000
0000
0000
0000
0000
0000
0000
0000
0000
0000
0000
0000
0000
0000
0000
0000
0000
0000
0000
0000
0000
0000
0000
0000
0000
0000
0000
ff00
0004
387d
203c
1234
5678
44fc
0010
0000
0000
0000
0000
0000
0000
0000
0000
0000
0000
000a
4040
0000
0000
0000
0000
0000
0000
0000
0000
0002
0000
0000
0000
0000
0000
0000
0000
0000
0000
0000
0000
0000
0000
0000
0000
0000
0000
0000
0000
0000
0000
0000
0000
0000
0000
0000
0000
0000
0000
0000
0000
0000
0000
0000
ff00
0004
389d
203c
1234
5678
44fc
0010
0000
0000
0000
0000
0000
0000
0000
0000
0000
0000
000a
4000
0000
0000
0000
0000
0000
0000
0000
0000
0002
0000
0000
0000
0000
0000
0000
0000
0000
0000
0000
0000
0000
0000
0000
0000
0000
0000
0000
0000
0000
0000
0000
0000
0000
0000
0000
0000
0000
0000
0000
0000
0000
0000
0000
ff00
0004
38bd
44fc
001f
0000
0000
0000
0000
0000
0000
0000
0000
0000
0000
0000
0000
0000
0004
023c
0010
0000
0000
0000
0000
0000
0000
0000
0004
0000
0000
0000
0000
0000
0000
0000
0000
0000
0000
0000
0000
0000
0000
0000
0000
0000
0000
0000
0000
0000
0000
0000
0000
0000
0000
0000
0000
0000
0000
0000
0000
0000
0000
ff00
0004
38e6
44fc
0004
0000
0000
0000
0000
0000
0000
0000
0000
0000
0000
0000
0000
0000
0004
003c
0008
0000
0000
0000
0000
0000
0000
0000
0004
0000
0000
0000
0000
0000
0000
0000
0000
0000
0000
0000
0000
0000
0000
0000
0000
0000
0000
0000
0000
0000
0000
0000
0000
0000
0000
0000
0000
0000
0000
0000
0000
0000
0000
ff00
0004
390e
44fc
0005
0000
0000
0000
0000
0000
0000
0000
0000
0000
0000
0000
0000
0000
0004
0a3c
000f
0000
0000
0000
0000
0000
0000
0000
0004
0000
0000
0000
0000
0000
0000
0000
0000
0000
0000
0000
0000
0000
0000
0000
0000
0000
0000
0000
0000
0000
0000
0000
0000
0000
0000
0000
0000
0000
0000
0000
0000
0000
0000
ff00
0004
3937
203c
8000
0001
223c
0000
0003
44fc
0010
0000
0000
0000
0000
0000
0000
0000
0010
e2a0
0000
0000
0000
0000
0000
0000
0000
0000
0002
0000
0000
0000
0000
0000
0000
0000
0000
0000
0000
0000
0000
0000
0000
0000
0000
0000
0000
0000
0000
0000
0000
0000
0000
0000
0000
0000
0000
0000
0000
0000
0000
0000
0000
ff00
0004
3969
203c
8000
0001
223c
0000
0003
44fc
0010
0000
0000
0000
0000
0000
0000
0000
0010
e3a8
0000
0000
0000
0000
0000
0000
0000
0000
0002
0000
0000
0000
0000
0000
0000
0000
0000
0000
0000
0000
0000
0000
0000
0000
0000
0000
0000
0000
0000
0000
0000
0000
0000
0000
0000
0000
0000
0000
0000
0000
0000
0000
0000
ff00
0004
399b
203c
8000
0001
223c
0000
0003
44fc
0010
0000
0000
0000
0000
0000
0000
0000
0010
e2b8
0000
0000
0000
0000
0000
0000
0000
0000
0002
0000
0000
0000
0000
0000
0000
0000
0000
0000
0000
0000
0000
0000
0000
0000
0000
0000
0000
0000
0000
0000
0000
0000
0000
0000
0000
0000
0000
0000
0000
0000
0000
0000
0000
ff00
0004
39cd
203c
8000
0001
223c
0000
0003
44fc
0010
0000
0000
0000
0000
0000
0000
0000
0010
e3b0
0000
0000
0000
0000
0000
0000
0000
0000
0002
0000
0000
0000
0000
0000
0000
0000
0000
0000
0000
0000
0000
0000
0000
0000
0000
0000
0000
0000
0000
0000
0000
0000
0000
0000
0000
0000
0000
0000
0000
0000
0000
0000
0000
ff00
0004
3a00
203c
8000
0001
223c
0000
0003
44fc
0010
0000
0000
0000
0000
0000
0000
0000
0010
e2b0
0000
0000
0000
0000
0000
0000
0000
0000
0002
0000
0000
0000
0000
0000
0000
0000
0000
0000
0000
0000
0000
0000
0000
0000
0000
0000
0000
0000
0000
0000
0000
0000
0000
0000
0000
0000
0000
0000
0000
0000
0000
0000
0000
ff00
0004
3a33
44fc
0010
0000
0000
0000
0000
0000
0000
0000
0000
0000
0000
0000
0000
0000
0004
e1d6
0000
0000
0000
0000
0000
0000
0000
0000
0002
4001
0000
0000
0000
0000
0000
0000
0000
0000
0000
0000
0000
0000
0000
0000
0000
0000
0000
0000
0000
0000
0000
0000
0000
0000
0000
0000
0000
0000
0000
0000
0000
0100
0000
ff00
0004
3a55
44fc
0010
0000
0000
0000
0000
0000
0000
0000
0000
0000
0000
0000
0000
0000
0004
e0d6
0000
0000
0000
0000
0000
0000
0000
0000
0002
4001
0000
0000
0000
0000
0000
0000
0000
0000
0000
0000
0000
0000
0000
0000
0000
0000
0000
0000
0000
0000
0000
0000
0000
0000
0000
0000
0000
0000
0000
0000
0000
0100
0000
ff00
0004
3a77
44fc
0010
0000
0000
0000
0000
0000
0000
0000
0000
0000
0000
0000
0000
0000
0004
e3d6
0000
0000
0000
0000
0000
0000
0000
0000
0002
4001
0000
0000
0000
0000
0000
0000
0000
0000
0000
0000
0000
0000
0000
0000
0000
0000
0000
0000
0000
0000
0000
0000
0000
0000
0000
0000
0000
0000
0000
0000
0000
0100
0000
ff00
0004
3a99
44fc
0010
0000
0000
0000
0000
0000
0000
0000
0000
0000
0000
0000
0000
0000
0004
e2d6
0000
0000
0000
0000
0000
0000
0000
0000
0002
4001
0000
0000
0000
0000
0000
0000
0000
0000
0000
0000
0000
0000
0000
0000
0000
0000
0000
0000
0000
0000
0000
0000
0000
0000
0000
0000
0000
0000
0000
0000
0000
0100
0000
ff00
0004
3abb
44fc
0010
0000
0000
0000
0000
0000
0000
0000
0000
0000
0000
0000
0000
0000
0004
e5d6
0000
0000
0000
0000
0000
0000
0000
0000
0002
4001
0000
0000
0000
0000
0000
0000
0000
0000
0000
0000
0000
0000
0000
0000
0000
0000
0000
0000
0000
0000
0000
0000
0000
0000
0000
0000
0000
0000
0000
0000
0000
0100
0000
ff00
0004
3ade
44fc
0010
0000
0000
0000
0000
0000
0000
0000
0000
0000
0000
0000
0000
0000
0004
e4d6
0000
0000
0000
0000
0000
0000
0000
0000
0002
4001
0000
0000
0000
0000
0000
0000
0000
0000
0000
0000
0000
0000
0000
0000
0000
0000
0000
0000
0000
0000
0000
0000
0000
0000
0000
0000
0000
0000
0000
0000
0000
0100
0000
ff00
0004
3b01
44fc
0010
0000
0000
0000
0000
0000
0000
0000
0000
0000
0000
0000
0000
0000
0004
e7d6
0000
0000
0000
0000
0000
0000
0000
0000
0002
4001
0000
0000
0000
0000
0000
0000
0000
0000
0000
0000
0000
0000
0000
0000
0000
0000
0000
0000
0000
0000
0000
0000
0000
0000
0000
0000
0000
0000
0000
0000
0000
0100
0000
ff00
0004
3b23
44fc
0010
0000
0000
0000
0000
0000
0000
0000
0000
0000
0000
0000
0000
0000
0004
e6d6
0000
0000
0000
0000
0000
0000
0000
0000
0002
4001
0000
0000
0000
0000
0000
0000
0000
0000
0000
0000
0000
0000
0000
0000
0000
0000
0000
0000
0000
0000
0000
0000
0000
0000
0000
0000
0000
0000
0000
0000
0000
0100
0000
ff00
0004
3b45
223c
0000
0007
0000
0000
0000
0000
0000
0000
0000
0000
0000
0000
0000
0000
0006
0316
0000
0000
0000
0000
0000
0000
0000
0000
0002
8000
0000
0000
0000
0000
0000
0000
0000
0000
0000
0000
0000
0000
0000
0000
0000
0000
0000
0000
0000
0000
0000
0000
0000
0000
0000
0000
0000
0000
0000
0000
0000
0100
0000
ff00
0004
3b63
223c
0000
0007
0000
0000
0000
0000
0000
0000
0000
0000
0000
0000
0000
0000
0006
0356
0000
0000
0000
0000
0000
0000
0000
0000
0002
8000
0000
0000
0000
0000
0000
0000
0000
0000
0000
0000
0000
0000
0000
0000
0000
0000
0000
0000
0000
0000
0000
0000
0000
0000
0000
0000
0000
0000
0000
0000
0000
0100
0000
ff00
0004
3b88
223c
0000
0007
0000
0000
0000
0000
0000
0000
0000
0000
0000
0000
0000
0000
0006
0396
0000
0000
0000
0000
0000
0000
0000
0000
0002
8000
0000
0000
0000
0000
0000
0000
0000
0000
0000
0000
0000
0000
0000
0000
0000
0000
0000
0000
0000
0000
0000
0000
0000
0000
0000
0000
0000
0000
0000
0000
0000
0100
0000
ff00
0004
3bac
223c
0000
0000
0000
0000
0000
0000
0000
0000
0000
0000
0000
0000
0000
0000
0006
03d6
0000
0000
0000
0000
0000
0000
0000
0000
0002
8000
0000
0000
0000
0000
0000
0000
0000
0000
0000
0000
0000
0000
0000
0000
0000
0000
0000
0000
0000
0000
0000
0000
0000
0000
0000
0000
0000
0000
0000
0000
0000
0100
0000
ff00
0004
3bce
0000
0000
0000
0000
0000
0000
0000
0000
0000
0000
0000
0000
0000
0000
0000
0000
0816
0007
0000
0000
0000
0000
0000
0000
0000
0004
8000
0000
0000
0000
0000
0000
0000
0000
0000
0000
0000
0000
0000
0000
0000
0000
0000
0000
0000
0000
0000
0000
0000
0000
0000
0000
0000
0000
0000
0000
0000
0000
0100
0000
ff00
0004
3bf2
0000
0000
0000
0000
0000
0000
0000
0000
0000
0000
0000
0000
0000
0000
0000
0000
08d6
0000
0000
0000
0000
0000
0000
0000
0000
0004
8000
0000
0000
0000
0000
0000
0000
0000
0000
0000
0000
0000
0000
0000
0000
0000
0000
0000
0000
0000
0000
0000
0000
0000
0000
0000
0000
0000
0000
0000
0000
0000
0100
0000
ff00
0004
3c1e
0000
0000
0000
0000
0000
0000
0000
0000
0000
0000
0000
0000
0000
0000
0000
0000
0896
0007
0000
0000
0000
0000
0000
0000
0000
0004
8000
0000
0000
0000
0000
0000
0000
0000
0000
0000
0000
0000
0000
0000
0000
0000
0000
0000
0000
0000
0000
0000
0000
0000
0000
0000
0000
0000
0000
0000
0000
0000
0100
0000
ff00
0004
3c4a
0000
0000
0000
0000
0000
0000
0000
0000
0000
0000
0000
0000
0000
0000
0000
0000
0856
0006
0000
0000
0000
0000
0000
0000
0000
0004
8000
0000
0000
0000
0000
0000
0000
0000
0000
0000
0000
0000
0000
0000
0000
0000
0000
0000
0000
0000
0000
0000
0000
0000
0000
0000
0000
0000
0000
0000
0000
0000
0100
0000
ff00
0004
3c76
41ee
0004
43ee
0008
0000
0000
0000
0000
0000
0000
0000
0000
0000
0000
0000
0008
c109
0000
0000
0000
0000
0000
0000
0000
0000
0002
0000
0025
0000
0037
0000
0000
0000
0000
0000
0000
0000
0000
0000
0000
0000
0000
0000
0000
0000
0000
0000
0000
0000
0000
0000
0000
0000
0000
0000
0000
0000
0000
0100
0000
ff00
0004
3ca3
41ee
0004
43ee
0008
0000
0000
0000
0000
0000
0000
0000
0000
0000
0000
0000
0008
8109
0000
0000
0000
0000
0000
0000
0000
0000
0002
0000
0042
0000
0018
0000
0000
0000
0000
0000
0000
0000
0000
0000
0000
0000
0000
0000
0000
0000
0000
0000
0000
0000
0000
0000
0000
0000
0000
0000
0000
0000
0000
0100
0000
ff00
0004
3cd0
41ee
0004
43ee
0008
0000
0000
0000
0000
0000
0000
0000
0000
0000
0000
0000
0008
8149
0000
0000
0000
0000
0000
0000
0000
0000
0004
0000
0000
0000
3132
0000
0000
0000
0000
0000
0000
0000
0000
0000
0000
0000
0000
0000
0000
0000
0000
0000
0000
0000
0000
0000
0000
0000
0000
0000
0000
0000
0000
0100
0000
ff00
0004
3ced
41ee
0006
43ee
0008
0000
0000
0000
0000
0000
0000
0000
0000
0000
0000
0000
0008
8189
3030
0000
0000
0000
0000
0000
0000
0000
0004
0000
0000
0000
0012
0000
0000
0000
0000
0000
0000
0000
0000
0000
0000
0000
0000
0000
0000
0000
0000
0000
0000
0000
0000
0000
0000
0000
0000
0000
0000
0000
0000
0100
0000
ff00
0004
3d0f
0000
0000
0000
0000
0000
0000
0000
0000
0000
0000
0000
0000
0000
0000
0000
0000
207c
1234
5678
0000
0000
0000
0000
0000
0000
0006
0000
0000
0000
0000
0000
0000
0000
0000
0000
0000
0000
0000
0000
0000
0000
0000
0000
0000
0000
0000
0000
0000
0000
0000
0000
0000
0000
0000
0000
0000
0000
0000
0000
0000
ff00
0004
3d26
0000
0000
0000
0000
0000
0000
0000
0000
0000
0000
0000
0000
0000
0000
0000
0000
327c
fffe
0000
0000
0000
0000
0000
0000
0000
0004
0000
0000
0000
0000
0000
0000
0000
0000
0000
0000
0000
0000
0000
0000
0000
0000
0000
0000
0000
0000
0000
0000
0000
0000
0000
0000
0000
0000
0000
0000
0000
0000
0000
0000
ff00
0004
3d58
203c
0000
0008
0000
0000
0000
0000
0000
0000
0000
0000
0000
0000
0000
0000
0006
2236
0120
0000
0000
0000
0000
0000
0000
0000
0006
0102
0304
0506
0708
090a
0b0c
0d0e
0f10
1112
1314
1516
1718
191a
1b1c
1d1e
1f20
2122
2324
2526
2728
292a
2b2c
2d2e
2f30
3132
3334
3536
3738
393a
3b3c
3d3e
3f40
0100
0000
ff00
0004
3d87
203c
0000
0002
0000
0000
0000
0000
0000
0000
0000
0000
0000
0000
0000
0000
0006
2236
0d30
0000
0000
0000
0000
0000
0000
0000
0008
0102
0304
0506
0708
090a
0b0c
0d0e
0f10
1112
1314
1516
1718
191a
1b1c
1d1e
1f20
2122
2324
2526
2728
292a
2b2c
2d2e
2f30
3132
3334
3536
3738
393a
3b3c
3d3e
3f40
0100
0000
ff00
0004
3dbf
44fc
0004
0000
0000
0000
0000
0000
0000
0000
0000
0000
0000
0000
0000
0000
0004
6706
1cbc
0001
6004
1cbc
0002
0000
0000
0000
000c
0000
0000
0000
0000
0000
0000
0000
0000
0000
0000
0000
0000
0000
0000
0000
0000
0000
0000
0000
0000
0000
0000
0000
0000
0000
0000
0000
0000
0000
0000
0000
0000
0000
0000
ff00
0004
3dd2
44fc
0004
0000
0000
0000
0000
0000
0000
0000
0000
0000
0000
0000
0000
0000
0004
6700
0008
1cbc
0001
6004
1cbc
0002
0000
0000
000e
0000
0000
0000
0000
0000
0000
0000
0000
0000
0000
0000
0000
0000
0000
0000
0000
0000
0000
0000
0000
0000
0000
0000
0000
0000
0000
0000
0000
0000
0000
0000
0000
0000
0000
ff00
0004
3de5
44fc
0004
0000
0000
0000
0000
0000
0000
0000
0000
0000
0000
0000
0000
0000
0004
6606
1cbc
0001
6004
1cbc
0002
0000
0000
0000
000c
0000
0000
0000
0000
0000
0000
0000
0000
0000
0000
0000
0000
0000
0000
0000
0000
0000
0000
0000
0000
0000
0000
0000
0000
0000
0000
0000
0000
0000
0000
0000
0000
0000
0000
ff00
0004
3dfc
44fc
0004
0000
0000
0000
0000
0000
0000
0000
0000
0000
0000
0000
0000
0000
0004
6600
0008
1cbc
0001
6004
1cbc
0002
0000
0000
000e
0000
0000
0000
0000
0000
0000
0000
0000
0000
0000
0000
0000
0000
0000
0000
0000
0000
0000
0000
0000
0000
0000
0000
0000
0000
0000
0000
0000
0000
0000
0000
0000
0000
0000
ff00
0004
3e13
44fc
0009
0000
0000
0000
0000
0000
0000
0000
0000
0000
0000
0000
0000
0000
0004
6b06
1cbc
0001
6004
1cbc
0002
0000
0000
0000
000c
0000
0000
0000
0000
0000
0000
0000
0000
0000
0000
0000
0000
0000
0000
0000
0000
0000
0000
0000
0000
0000
0000
0000
0000
0000
0000
0000
0000
0000
0000
0000
0000
0000
0000
ff00
0004
3e26
44fc
0009
0000
0000
0000
0000
0000
0000
0000
0000
0000
0000
0000
0000
0000
0004
6b00
0008
1cbc
0001
6004
1cbc
0002
0000
0000
000e
0000
0000
0000
0000
0000
0000
0000
0000
0000
0000
0000
0000
0000
0000
0000
0000
0000
0000
0000
0000
0000
0000
0000
0000
0000
0000
0000
0000
0000
0000
0000
0000
0000
0000
ff00
0004
3e39
44fc
0009
0000
0000
0000
0000
0000
0000
0000
0000
0000
0000
0000
0000
0000
0004
6a06
1cbc
0001
6004
1cbc
0002
0000
0000
0000
000c
0000
0000
0000
0000
0000
0000
0000
0000
0000
0000
0000
0000
0000
0000
0000
0000
0000
0000
0000
0000
0000
0000
0000
0000
0000
0000
0000
0000
0000
0000
0000
0000
0000
0000
ff00
0004
3e50
44fc
0009
0000
0000
0000
0000
0000
0000
0000
0000
0000
0000
0000
0000
0000
0004
6a00
0008
1cbc
0001
6004
1cbc
0002
0000
0000
000e
0000
0000
0000
0000
0000
0000
0000
0000
0000
0000
0000
0000
0000
0000
0000
0000
0000
0000
0000
0000
0000
0000
0000
0000
0000
0000
0000
0000
0000
0000
0000
0000
0000
0000
ff00
0004
3e67
44fc
0009
0000
0000
0000
0000
0000
0000
0000
0000
0000
0000
0000
0000
0000
0004
6506
1cbc
0001
6004
1cbc
0002
0000
0000
0000
000c
0000
0000
0000
0000
0000
0000
0000
0000
0000
0000
0000
0000
0000
0000
0000
0000
0000
0000
0000
0000
0000
0000
0000
0000
0000
0000
0000
0000
0000
0000
0000
0000
0000
0000
ff00
0004
3e7a
44fc
0009
0000
0000
0000
0000
0000
0000
0000
0000
0000
0000
0000
0000
0000
0004
6500
0008
1cbc
0001
6004
1cbc
0002
0000
0000
000e
0000
0000
0000
0000
0000
0000
0000
0000
0000
0000
0000
0000
0000
0000
0000
0000
0000
0000
0000
0000
0000
0000
0000
0000
0000
0000
0000
0000
0000
0000
0000
0000
0000
0000
ff00
0004
3e8d
44fc
0009
0000
0000
0000
0000
0000
0000
0000
0000
0000
0000
0000
0000
0000
0004
6406
1cbc
0001
6004
1cbc
0002
0000
0000
0000
000c
0000
0000
0000
0000
0000
0000
0000
0000
0000
0000
0000
0000
0000
0000
0000
0000
0000
0000
0000
0000
0000
0000
0000
0000
0000
0000
0000
0000
0000
0000
0000
0000
0000
0000
ff00
0004
3ea4
44fc
0009
0000
0000
0000
0000
0000
0000
0000
0000
0000
0000
0000
0000
0000
0004
6400
0008
1cbc
0001
6004
1cbc
0002
0000
0000
000e
0000
0000
0000
0000
0000
0000
0000
0000
0000
0000
0000
0000
0000
0000
0000
0000
0000
0000
0000
0000
0000
0000
0000
0000
0000
0000
0000
0000
0000
0000
0000
0000
0000
0000
ff00
0004
3ebb
44fc
0004
0000
0000
0000
0000
0000
0000
0000
0000
0000
0000
0000
0000
0000
0004
6206
1cbc
0001
6004
1cbc
0002
0000
0000
0000
000c
0000
0000
0000
0000
0000
0000
0000
0000
0000
0000
0000
0000
0000
0000
0000
0000
0000
0000
0000
0000
0000
0000
0000
0000
0000
0000
0000
0000
0000
0000
0000
0000
0000
0000
ff00
0004
3ed2
44fc
0004
0000
0000
0000
0000
0000
0000
0000
0000
0000
0000
0000
0000
0000
0004
6200
0008
1cbc
0001
6004
1cbc
0002
0000
0000
000e
0000
0000
0000
0000
0000
0000
0000
0000
0000
0000
0000
0000
0000
0000
0000
0000
0000
0000
0000
0000
0000
0000
0000
0000
0000
0000
0000
0000
0000
0000
0000
0000
0000
0000
ff00
0004
3ee9
44fc
0004
0000
0000
0000
0000
0000
0000
0000
0000
0000
0000
0000
0000
0000
0004
6306
1cbc
0001
6004
1cbc
0002
0000
0000
0000
000c
0000
0000
0000
0000
0000
0000
0000
0000
0000
0000
0000
0000
0000
0000
0000
0000
0000
0000
0000
0000
0000
0000
0000
0000
0000
0000
0000
0000
0000
0000
0000
0000
0000
0000
ff00
0004
3efc
44fc
0004
0000
0000
0000
0000
0000
0000
0000
0000
0000
0000
0000
0000
0000
0004
6300
0008
1cbc
0001
6004
1cbc
0002
0000
0000
000e
0000
0000
0000
0000
0000
0000
0000
0000
0000
0000
0000
0000
0000
0000
0000
0000
0000
0000
0000
0000
0000
0000
0000
0000
0000
0000
0000
0000
0000
0000
0000
0000
0000
0000
ff00
0004
3f0f
0000
0000
0000
0000
0000
0000
0000
0000
0000
0000
0000
0000
0000
0000
0000
0000
6004
1cbc
0001
1cbc
0002
0000
0000
0000
0000
000a
0000
0000
0000
0000
0000
0000
0000
0000
0000
0000
0000
0000
0000
0000
0000
0000
0000
0000
0000
0000
0000
0000
0000
0000
0000
0000
0000
0000
0000
0000
0000
0000
0000
0000
ff00
0004
3f22
0000
0000
0000
0000
0000
0000
0000
0000
0000
0000
0000
0000
0000
0000
0000
0000
6000
0006
1cbc
0001
1cbc
0002
0000
0000
0000
000c
0000
0000
0000
0000
0000
0000
0000
0000
0000
0000
0000
0000
0000
0000
0000
0000
0000
0000
0000
0000
0000
0000
0000
0000
0000
0000
0000
0000
0000
0000
0000
0000
0000
0000
ff00
0004
3f35
0000
0000
0000
0000
0000
0000
0000
0000
0000
0000
0000
0000
0000
0000
0000
0000
6006
1cbc
0002
4e75
6100
fff8
1cbc
0001
0000
0010
0000
0000
0000
0000
0000
0000
0000
0000
0000
0000
0000
0000
0000
0000
0000
0000
0000
0000
0000
0000
0000
0000
0000
0000
0000
0000
0000
0000
0000
0000
0000
0000
0000
0000
ff00
0004
3f4d
0000
0000
0000
0000
0000
0000
0000
0000
0000
0000
0000
0000
0000
0000
0000
0000
6006
1cbc
0002
4e75
4eba
fff8
1cbc
0001
0000
0010
0000
0000
0000
0000
0000
0000
0000
0000
0000
0000
0000
0000
0000
0000
0000
0000
0000
0000
0000
0000
0000
0000
0000
0000
0000
0000
0000
0000
0000
0000
0000
0000
0000
0000
ff00
0004
3f6c
0000
0000
0000
0000
0000
0000
0000
0000
0000
0000
0000
0000
0000
0000
0000
0000
4efa
0002
0000
0000
0000
0000
0000
0000
0000
0004
0000
0000
0000
0000
0000
0000
0000
0000
0000
0000
0000
0000
0000
0000
0000
0000
0000
0000
0000
0000
0000
0000
0000
0000
0000
0000
0000
0000
0000
0000
0000
0000
0000
0000
ff00
0004
3fa3
223c
0000
0002
0000
0000
0000
0000
0000
0000
0000
0000
0000
0000
0000
0000
0006
5216
51c9
fffc
0000
0000
0000
0000
0000
0000
0006
0000
0000
0000
0000
0000
0000
0000
0000
0000
0000
0000
0000
0000
0000
0000
0000
0000
0000
0000
0000
0000
0000
0000
0000
0000
0000
0000
0000
0000
0000
0000
0000
0000
0000
ff00
0004
3fd5
223c
0000
0003
44fc
0004
0000
0000
0000
0000
0000
0000
0000
0000
0000
0000
000a
5216
56c9
fffc
0000
0000
0000
0000
0000
0000
0006
0000
0000
0000
0000
0000
0000
0000
0000
0000
0000
0000
0000
0000
0000
0000
0000
0000
0000
0000
0000
0000
0000
0000
0000
0000
0000
0000
0000
0000
0000
0000
0000
0000
0000
ff00
0004
400a
223c
0000
0003
44fc
0004
0000
0000
0000
0000
0000
0000
0000
0000
0000
0000
000a
5216
57c9
fffc
0000
0000
0000
0000
0000
0000
0006
0000
0000
0000
0000
0000
0000
0000
0000
0000
0000
0000
0000
0000
0000
0000
0000
0000
0000
0000
0000
0000
0000
0000
0000
0000
0000
0000
0000
0000
0000
0000
0000
0000
0000
ff00
0004
4041
203c
aabb
cc00
44fc
0004
0000
0000
0000
0000
0000
0000
0000
0000
0000
0000
000a
50c0
0000
0000
0000
0000
0000
0000
0000
0000
0002
0000
0000
0000
0000
0000
0000
0000
0000
0000
0000
0000
0000
0000
0000
0000
0000
0000
0000
0000
0000
0000
0000
0000
0000
0000
0000
0000
0000
0000
0000
0000
0000
0000
0000
ff00
0004
4058
203c
aabb
cc00
44fc
0004
0000
0000
0000
0000
0000
0000
0000
0000
0000
0000
000a
51c0
0000
0000
0000
0000
0000
0000
0000
0000
0002
0000
0000
0000
0000
0000
0000
0000
0000
0000
0000
0000
0000
0000
0000
0000
0000
0000
0000
0000
0000
0000
0000
0000
0000
0000
0000
0000
0000
0000
0000
0000
0000
0000
0000
ff00
0004
406f
203c
aabb
cc00
44fc
0004
0000
0000
0000
0000
0000
0000
0000
0000
0000
0000
000a
52c0
0000
0000
0000
0000
0000
0000
0000
0000
0002
0000
0000
0000
0000
0000
0000
0000
0000
0000
0000
0000
0000
0000
0000
0000
0000
0000
0000
0000
0000
0000
0000
0000
0000
0000
0000
0000
0000
0000
0000
0000
0000
0000
0000
ff00
0004
4087
203c
aabb
cc00
44fc
0004
0000
0000
0000
0000
0000
0000
0000
0000
0000
0000
000a
53c0
0000
0000
0000
0000
0000
0000
0000
0000
0002
0000
0000
0000
0000
0000
0000
0000
0000
0000
0000
0000
0000
0000
0000
0000
0000
0000
0000
0000
0000
0000
0000
0000
0000
0000
0000
0000
0000
0000
0000
0000
0000
0000
0000
ff00
0004
409f
203c
aabb
cc00
44fc
0004
0000
0000
0000
0000
0000
0000
0000
0000
0000
0000
000a
54c0
0000
0000
0000
0000
0000
0000
0000
0000
0002
0000
0000
0000
0000
0000
0000
0000
0000
0000
0000
0000
0000
0000
0000
0000
0000
0000
0000
0000
0000
0000
0000
0000
0000
0000
0000
0000
0000
0000
0000
0000
0000
0000
0000
ff00
0004
40b7
203c
aabb
cc00
44fc
0004
0000
0000
0000
0000
0000
0000
0000
0000
0000
0000
000a
55c0
0000
0000
0000
0000
0000
0000
0000
0000
0002
0000
0000
0000
0000
0000
0000
0000
0000
0000
0000
0000
0000
0000
0000
0000
0000
0000
0000
0000
0000
0000
0000
0000
0000
0000
0000
0000
0000
0000
0000
0000
0000
0000
0000
ff00
0004
40cf
203c
aabb
cc00
44fc
0004
0000
0000
0000
0000
0000
0000
0000
0000
0000
0000
000a
56c0
0000
0000
0000
0000
0000
0000
0000
0000
0002
0000
0000
0000
0000
0000
0000
0000
0000
0000
0000
0000
0000
0000
0000
0000
0000
0000
0000
0000
0000
0000
0000
0000
0000
0000
0000
0000
0000
0000
0000
0000
0000
0000
0000
ff00
0004
40e7
203c
aabb
cc00
44fc
0004
0000
0000
0000
0000
0000
0000
0000
0000
0000
0000
000a
57c0
0000
0000
0000
0000
0000
0000
0000
0000
0002
0000
0000
0000
0000
0000
0000
0000
0000
0000
0000
0000
0000
0000
0000
0000
0000
0000
0000
0000
0000
0000
0000
0000
0000
0000
0000
0000
0000
0000
0000
0000
0000
0000
0000
ff00
0004
40ff
203c
aabb
cc00
44fc
0004
0000
0000
0000
0000
0000
0000
0000
0000
0000
0000
000a
58c0
0000
0000
0000
0000
0000
0000
0000
0000
0002
0000
0000
0000
0000
0000
0000
0000
0000
0000
0000
0000
0000
0000
0000
0000
0000
0000
0000
0000
0000
0000
0000
0000
0000
0000
0000
0000
0000
0000
0000
0000
0000
0000
0000
ff00
0004
4117
203c
aabb
cc00
44fc
0004
0000
0000
0000
0000
0000
0000
0000
0000
0000
0000
000a
59c0
0000
0000
0000
0000
0000
0000
0000
0000
0002
0000
0000
0000
0000
0000
0000
0000
0000
0000
0000
0000
0000
0000
0000
0000
0000
0000
0000
0000
0000
0000
0000
0000
0000
0000
0000
0000
0000
0000
0000
0000
0000
0000
0000
ff00
0004
412f
203c
aabb
cc00
44fc
0004
0000
0000
0000
0000
0000
0000
0000
0000
0000
0000
000a
5ac0
0000
0000
0000
0000
0000
0000
0000
0000
0002
0000
0000
0000
0000
0000
0000
0000
0000
0000
0000
0000
0000
0000
0000
0000
0000
0000
0000
0000
0000
0000
0000
0000
0000
0000
0000
0000
0000
0000
0000
0000
0000
0000
0000
ff00
0004
4147
203c
aabb
cc00
44fc
0004
0000
0000
0000
0000
0000
0000
0000
0000
0000
0000
000a
5bc0
0000
0000
0000
0000
0000
0000
0000
0000
0002
0000
0000
0000
0000
0000
0000
0000
0000
0000
0000
0000
0000
0000
0000
0000
0000
0000
0000
0000
0000
0000
0000
0000
0000
0000
0000
0000
0000
0000
0000
0000
0000
0000
0000
ff00
0004
415f
203c
aabb
cc00
44fc
0004
0000
0000
0000
0000
0000
0000
0000
0000
0000
0000
000a
5cc0
0000
0000
0000
0000
0000
0000
0000
0000
0002
0000
0000
0000
0000
0000
0000
0000
0000
0000
0000
0000
0000
0000
0000
0000
0000
0000
0000
0000
0000
0000
0000
0000
0000
0000
0000
0000
0000
0000
0000
0000
0000
0000
0000
ff00
0004
4177
203c
aabb
cc00
44fc
0004
0000
0000
0000
0000
0000
0000
0000
0000
0000
0000
000a
5dc0
0000
0000
0000
0000
0000
0000
0000
0000
0002
0000
0000
0000
0000
0000
0000
0000
0000
0000
0000
0000
0000
0000
0000
0000
0000
0000
0000
0000
0000
0000
0000
0000
0000
0000
0000
0000
0000
0000
0000
0000
0000
0000
0000
ff00
0004
418f
203c
aabb
cc00
44fc
0004
0000
0000
0000
0000
0000
0000
0000
0000
0000
0000
000a
5ec0
0000
0000
0000
0000
0000
0000
0000
0000
0002
0000
0000
0000
0000
0000
0000
0000
0000
0000
0000
0000
0000
0000
0000
0000
0000
0000
0000
0000
0000
0000
0000
0000
0000
0000
0000
0000
0000
0000
0000
0000
0000
0000
0000
ff00
0004
41a7
203c
aabb
cc00
44fc
0004
0000
0000
0000
0000
0000
0000
0000
0000
0000
0000
000a
5fc0
0000
0000
0000
0000
0000
0000
0000
0000
0002
0000
0000
0000
0000
0000
0000
0000
0000
0000
0000
0000
0000
0000
0000
0000
0000
0000
0000
0000
0000
0000
0000
0000
0000
0000
0000
0000
0000
0000
0000
0000
0000
0000
0000
ff00
0004
41bf
41ee
0020
0000
0000
0000
0000
0000
0000
0000
0000
0000
0000
0000
0000
0000
0004
4e50
fff0
4e58
0000
0000
0000
0000
0000
0000
0006
0000
0000
0000
0000
0000
0000
0000
0000
0000
0000
0000
0000
0000
0000
0000
0000
0000
0000
0000
0000
0000
0000
0000
0000
0000
0000
0000
0000
0000
0000
0000
0000
0000
0000
ff00
0004
41e3
0000
0000
0000
0000
0000
0000
0000
0000
0000
0000
0000
0000
0000
0000
0000
0000
2236
0165
0000
0000
0000
0000
0000
0000
0000
0006
0000
1808
0000
0000
dead
cafe
0000
0000
0000
0000
0000
0000
0000
0000
0000
0000
0000
0000
0000
0000
0000
0000
0000
0000
0000
0000
0000
0000
0000
0000
0000
0000
0100
0000
ff00
0004
421b
203c
0000
0004
0000
0000
0000
0000
0000
0000
0000
0000
0000
0000
0000
0000
0006
2236
0b26
0000
0000
0000
0000
0000
0000
0000
0008
0000
1800
0000
0000
dead
cafe
0000
0000
0000
0000
0000
0000
0000
0000
0000
0000
0000
0000
0000
0000
0000
0000
0000
0000
0000
0000
0000
0000
0000
0000
0000
0000
0100
0000
ff00
0004
425b
203c
0000
0002
0000
0000
0000
0000
0000
0000
0000
0000
0000
0000
0000
0000
0006
2236
0b22
0000
0000
0000
0000
0000
0000
0000
0008
0000
0000
0000
1808
0bad
c0de
0000
0000
0000
0000
0000
0000
0000
0000
0000
0000
0000
0000
0000
0000
0000
0000
0000
0000
0000
0000
0000
0000
0000
0000
0000
0000
0100
0000
ff00
0004
429a
203c
0000
0002
0000
0000
0000
0000
0000
0000
0000
0000
0000
0000
0000
0000
0006
2236
0d37
0000
0000
0000
0000
0000
0000
0000
000c
0000
1800
0000
0000
cafe
f00d
0000
0000
0000
0000
0000
0000
0000
0000
0000
0000
0000
0000
0000
0000
0000
0000
0000
0000
0000
0000
0000
0000
0000
0000
0000
0000
0100
0000
ff00
0004
42da
0000
0000
0000
0000
0000
0000
0000
0000
0000
0000
0000
0000
0000
0000
0000
0000
223a
0004
6004
1122
3344
0000
0000
0000
0000
000a
0000
0000
0000
0000
0000
0000
0000
0000
0000
0000
0000
0000
0000
0000
0000
0000
0000
0000
0000
0000
0000
0000
0000
0000
0000
0000
0000
0000
0000
0000
0000
0000
0000
0000
ff00
0004
4309
203c
0000
0000
0000
0000
0000
0000
0000
0000
0000
0000
0000
0000
0000
0000
0006
223b
0004
6004
1122
3344
0000
0000
0000
0000
000a
0000
0000
0000
0000
0000
0000
0000
0000
0000
0000
0000
0000
0000
0000
0000
0000
0000
0000
0000
0000
0000
0000
0000
0000
0000
0000
0000
0000
0000
0000
0000
0000
0000
0000
ff00
0004
433d
203c
0000
0000
0000
0000
0000
0000
0000
0000
0000
0000
0000
0000
0000
0000
0006
223b
0120
0006
6004
1122
3344
0000
0000
0000
000c
0000
0000
0000
0000
0000
0000
0000
0000
0000
0000
0000
0000
0000
0000
0000
0000
0000
0000
0000
0000
0000
0000
0000
0000
0000
0000
0000
0000
0000
0000
0000
0000
0000
0000
ff00
0004
4370
0000
0000
0000
0000
0000
0000
0000
0000
0000
0000
0000
0000
0000
0000
0000
0000
2238
1820
0000
0000
0000
0000
0000
0000
0000
0004
0000
0000
0000
0000
0000
0000
0000
0000
0000
0000
0000
0000
0000
0000
0000
0000
1234
5678
0000
0000
0000
0000
0000
0000
0000
0000
0000
0000
0000
0000
0000
0000
0100
0000
ff00
0004
4398
203c
0000
babe
223c
0000
cafe
0000
0000
0000
0000
0000
0000
0000
0000
0000
000c
c340
0000
0000
0000
0000
0000
0000
0000
0000
0002
0000
0000
0000
0000
0000
0000
0000
0000
0000
0000
0000
0000
0000
0000
0000
0000
0000
0000
0000
0000
0000
0000
0000
0000
0000
0000
0000
0000
0000
0000
0000
0000
0000
0000
ff00
0004
43b9
45ee
0004
47ee
0008
0000
0000
0000
0000
0000
0000
0000
0000
0000
0000
0000
0008
c54b
0000
0000
0000
0000
0000
0000
0000
0000
0002
0000
0000
0000
0000
0000
0000
0000
0000
0000
0000
0000
0000
0000
0000
0000
0000
0000
0000
0000
0000
0000
0000
0000
0000
0000
0000
0000
0000
0000
0000
0000
0000
0000
0000
ff00
0004
43e0
223c
dead
beef
41ee
0000
0000
0000
0000
0000
0000
0000
0000
0000
0000
0000
000a
c388
0000
0000
0000
0000
0000
0000
0000
0000
0002
0000
0000
0000
0000
0000
0000
0000
0000
0000
0000
0000
0000
0000
0000
0000
0000
0000
0000
0000
0000
0000
0000
0000
0000
0000
0000
0000
0000
0000
0000
0000
0000
0000
0000
ff00
0004
4406
203c
aabb
1234
0000
0000
0000
0000
0000
0000
0000
0000
0000
0000
0000
0000
0006
3c80
0000
0000
0000
0000
0000
0000
0000
0000
0002
0000
0000
0000
0000
0000
0000
0000
0000
0000
0000
0000
0000
0000
0000
0000
0000
0000
0000
0000
0000
0000
0000
0000
0000
0000
0000
0000
0000
0000
0000
0000
0000
0000
0000
ff00
0004
4435
203c
aabb
ccdd
0000
0000
0000
0000
0000
0000
0000
0000
0000
0000
0000
0000
0006
1c80
0000
0000
0000
0000
0000
0000
0000
0000
0002
0000
0000
0000
0000
0000
0000
0000
0000
0000
0000
0000
0000
0000
0000
0000
0000
0000
0000
0000
0000
0000
0000
0000
0000
0000
0000
0000
0000
0000
0000
0000
0000
0000
0000
ff00
0004
4462
0000
0000
0000
0000
0000
0000
0000
0000
0000
0000
0000
0000
0000
0000
0000
0000
302e
0000
0000
0000
0000
0000
0000
0000
0000
0004
aabb
ccdd
0000
0000
0000
0000
0000
0000
0000
0000
0000
0000
0000
0000
0000
0000
0000
0000
0000
0000
0000
0000
0000
0000
0000
0000
0000
0000
0000
0000
0000
0000
0100
0000
ff00
0004
4487
43ee
0000
0000
0000
0000
0000
0000
0000
0000
0000
0000
0000
0000
0000
0000
0004
1019
0000
0000
0000
0000
0000
0000
0000
0000
0002
aabb
ccdd
0000
0000
0000
0000
0000
0000
0000
0000
0000
0000
0000
0000
0000
0000
0000
0000
0000
0000
0000
0000
0000
0000
0000
0000
0000
0000
0000
0000
0000
0000
0100
0000
ff00
0004
44bc
43ee
0004
0000
0000
0000
0000
0000
0000
0000
0000
0000
0000
0000
0000
0000
0004
3021
0000
0000
0000
0000
0000
0000
0000
0000
0002
aabb
ccdd
0000
0000
0000
0000
0000
0000
0000
0000
0000
0000
0000
0000
0000
0000
0000
0000
0000
0000
0000
0000
0000
0000
0000
0000
0000
0000
0000
0000
0000
0000
0100
0000
ff00
0004
44f5
203c
aaaa
aaaa
223c
bbbb
bbbb
243c
cccc
cccc
263c
dddd
dddd
43ee
0020
0000
001c
48e1
f000
0000
0000
0000
0000
0000
0000
0000
0004
0000
0000
0000
0000
0000
0000
0000
0000
0000
0000
0000
0000
0000
0000
0000
0000
0000
0000
0000
0000
0000
0000
0000
0000
0000
0000
0000
0000
0000
0000
0000
0000
0000
0000
ff00
0004
4522
43ee
0000
0000
0000
0000
0000
0000
0000
0000
0000
0000
0000
0000
0000
0000
0004
4cd9
00f0
0000
0000
0000
0000
0000
0000
0000
0004
aaaa
aaaa
bbbb
bbbb
cccc
cccc
dddd
dddd
0000
0000
0000
0000
0000
0000
0000
0000
0000
0000
0000
0000
0000
0000
0000
0000
0000
0000
0000
0000
0000
0000
0000
0000
0100
0000
ff00
0004
454b
203c
0000
0100
41ee
0000
0000
0000
0000
0000
0000
0000
0000
0000
0000
0000
000a
d1c0
0000
0000
0000
0000
0000
0000
0000
0000
0002
0000
0000
0000
0000
0000
0000
0000
0000
0000
0000
0000
0000
0000
0000
0000
0000
0000
0000
0000
0000
0000
0000
0000
0000
0000
0000
0000
0000
0000
0000
0000
0000
0000
0000
ff00
0004
457d
203c
0000
0010
41ee
0020
0000
0000
0000
0000
0000
0000
0000
0000
0000
0000
000a
91c0
0000
0000
0000
0000
0000
0000
0000
0000
0002
0000
0000
0000
0000
0000
0000
0000
0000
0000
0000
0000
0000
0000
0000
0000
0000
0000
0000
0000
0000
0000
0000
0000
0000
0000
0000
0000
0000
0000
0000
0000
0000
0000
0000
ff00
0004
45b2
203c
ffff
fffe
41ee
0020
0000
0000
0000
0000
0000
0000
0000
0000
0000
0000
000a
d0c0
0000
0000
0000
0000
0000
0000
0000
0000
0002
0000
0000
0000
0000
0000
0000
0000
0000
0000
0000
0000
0000
0000
0000
0000
0000
0000
0000
0000
0000
0000
0000
0000
0000
0000
0000
0000
0000
0000
0000
0000
0000
0000
0000
ff00
0004
45f0
203c
0000
1808
41ee
0008
0000
0000
0000
0000
0000
0000
0000
0000
0000
0000
000a
b1c0
0000
0000
0000
0000
0000
0000
0000
0000
0002
0000
0000
0000
0000
0000
0000
0000
0000
0000
0000
0000
0000
0000
0000
0000
0000
0000
0000
0000
0000
0000
0000
0000
0000
0000
0000
0000
0000
0000
0000
0000
0000
0000
0000
ff00
0004
4622
41ee
0020
43ee
0000
0000
0000
0000
0000
0000
0000
0000
0000
0000
0000
0000
0008
d1d1
0000
0000
0000
0000
0000
0000
0000
0000
0002
0000
0010
0000
0000
0000
0000
0000
0000
0000
0000
0000
0000
0000
0000
0000
0000
0000
0000
0000
0000
0000
0000
0000
0000
0000
0000
0000
0000
0000
0000
0000
0000
0100
0000
ff00
0004
465a
203c
1234
5678
0000
0000
0000
0000
0000
0000
0000
0000
0000
0000
0000
0000
0006
e940
0000
0000
0000
0000
0000
0000
0000
0000
0002
0000
0000
0000
0000
0000
0000
0000
0000
0000
0000
0000
0000
0000
0000
0000
0000
0000
0000
0000
0000
0000
0000
0000
0000
0000
0000
0000
0000
0000
0000
0000
0000
0000
0000
ff00
0004
4677
203c
0000
00f0
223c
0000
0002
0000
0000
0000
0000
0000
0000
0000
0000
0000
000c
e320
0000
0000
0000
0000
0000
0000
0000
0000
0002
0000
0000
0000
0000
0000
0000
0000
0000
0000
0000
0000
0000
0000
0000
0000
0000
0000
0000
0000
0000
0000
0000
0000
0000
0000
0000
0000
0000
0000
0000
0000
0000
0000
0000
ff00
0004
46a4
203c
1234
5678
0000
0000
0000
0000
0000
0000
0000
0000
0000
0000
0000
0000
0006
e840
0000
0000
0000
0000
0000
0000
0000
0000
0002
0000
0000
0000
0000
0000
0000
0000
0000
0000
0000
0000
0000
0000
0000
0000
0000
0000
0000
0000
0000
0000
0000
0000
0000
0000
0000
0000
0000
0000
0000
0000
0000
0000
0000
ff00
0004
46c1
203c
0000
00f0
223c
0000
0002
0000
0000
0000
0000
0000
0000
0000
0000
0000
000c
e220
0000
0000
0000
0000
0000
0000
0000
0000
0002
0000
0000
0000
0000
0000
0000
0000
0000
0000
0000
0000
0000
0000
0000
0000
0000
0000
0000
0000
0000
0000
0000
0000
0000
0000
0000
0000
0000
0000
0000
0000
0000
0000
0000
ff00
0004
46ee
203c
1234
5678
0000
0000
0000
0000
0000
0000
0000
0000
0000
0000
0000
0000
0006
e848
0000
0000
0000
0000
0000
0000
0000
0000
0002
0000
0000
0000
0000
0000
0000
0000
0000
0000
0000
0000
0000
0000
0000
0000
0000
0000
0000
0000
0000
0000
0000
0000
0000
0000
0000
0000
0000
0000
0000
0000
0000
0000
0000
ff00
0004
470b
203c
0000
00f0
223c
0000
0002
0000
0000
0000
0000
0000
0000
0000
0000
0000
000c
e228
0000
0000
0000
0000
0000
0000
0000
0000
0002
0000
0000
0000
0000
0000
0000
0000
0000
0000
0000
0000
0000
0000
0000
0000
0000
0000
0000
0000
0000
0000
0000
0000
0000
0000
0000
0000
0000
0000
0000
0000
0000
0000
0000
ff00
0004
4738
203c
1234
5678
0000
0000
0000
0000
0000
0000
0000
0000
0000
0000
0000
0000
0006
e958
0000
0000
0000
0000
0000
0000
0000
0000
0002
0000
0000
0000
0000
0000
0000
0000
0000
0000
0000
0000
0000
0000
0000
0000
0000
0000
0000
0000
0000
0000
0000
0000
0000
0000
0000
0000
0000
0000
0000
0000
0000
0000
0000
ff00
0004
4755
203c
0000
00f0
223c
0000
0002
0000
0000
0000
0000
0000
0000
0000
0000
0000
000c
e338
0000
0000
0000
0000
0000
0000
0000
0000
0002
0000
0000
0000
0000
0000
0000
0000
0000
0000
0000
0000
0000
0000
0000
0000
0000
0000
0000
0000
0000
0000
0000
0000
0000
0000
0000
0000
0000
0000
0000
0000
0000
0000
0000
ff00
0004
4782
203c
0000
0000
0000
0000
0000
0000
0000
0000
0000
0000
0000
0000
0000
0000
0006
4ac0
0000
0000
0000
0000
0000
0000
0000
0000
0002
0000
0000
0000
0000
0000
0000
0000
0000
0000
0000
0000
0000
0000
0000
0000
0000
0000
0000
0000
0000
0000
0000
0000
0000
0000
0000
0000
0000
0000
0000
0000
0000
0000
0000
ff00
0004
47a6
203c
0000
007f
0000
0000
0000
0000
0000
0000
0000
0000
0000
0000
0000
0000
0006
4ac0
0000
0000
0000
0000
0000
0000
0000
0000
0002
0000
0000
0000
0000
0000
0000
0000
0000
0000
0000
0000
0000
0000
0000
0000
0000
0000
0000
0000
0000
0000
0000
0000
0000
0000
0000
0000
0000
0000
0000
0000
0000
0000
0000
ff00
0004
47ce
203c
0000
0080
0000
0000
0000
0000
0000
0000
0000
0000
0000
0000
0000
0000
0006
4ac0
0000
0000
0000
0000
0000
0000
0000
0000
0002
0000
0000
0000
0000
0000
0000
0000
0000
0000
0000
0000
0000
0000
0000
0000
0000
0000
0000
0000
0000
0000
0000
0000
0000
0000
0000
0000
0000
0000
0000
0000
0000
0000
0000
ff00
0004
47f6
0000
0000
0000
0000
0000
0000
0000
0000
0000
0000
0000
0000
0000
0000
0000
0000
4ad6
0000
0000
0000
0000
0000
0000
0000
0000
0002
4000
0000
0000
0000
0000
0000
0000
0000
0000
0000
0000
0000
0000
0000
0000
0000
0000
0000
0000
0000
0000
0000
0000
0000
0000
0000
0000
0000
0000
0000
0000
0000
0100
0000
ff00
0004
4826
203c
0000
0020
0000
0000
0000
0000
0000
0000
0000
0000
0000
0000
0000
0000
0006
02d6
0000
0000
0000
0000
0000
0000
0000
0000
0004
0010
0030
0000
0000
0000
0000
0000
0000
0000
0000
0000
0000
0000
0000
0000
0000
0000
0000
0000
0000
0000
0000
0000
0000
0000
0000
0000
0000
0000
0000
0000
0000
0100
0000
f700
0004
485b
203c
0000
0010
0000
0000
0000
0000
0000
0000
0000
0000
0000
0000
0000
0000
0006
02d6
0000
0000
0000
0000
0000
0000
0000
0000
0004
0010
0030
0000
0000
0000
0000
0000
0000
0000
0000
0000
0000
0000
0000
0000
0000
0000
0000
0000
0000
0000
0000
0000
0000
0000
0000
0000
0000
0000
0000
0000
0000
0100
0000
f700
0004
4889
203c
0000
0100
0000
0000
0000
0000
0000
0000
0000
0000
0000
0000
0000
0000
0006
02d6
0000
0000
0000
0000
0000
0000
0000
0000
0004
0010
0030
0000
0000
0000
0000
0000
0000
0000
0000
0000
0000
0000
0000
0000
0000
0000
0000
0000
0000
0000
0000
0000
0000
0000
0000
0000
0000
0000
0000
0000
0000
0100
0000
f700
0004
48b9
203c
0000
0020
0000
0000
0000
0000
0000
0000
0000
0000
0000
0000
0000
0000
0006
02d6
0800
0000
0000
0000
0000
0000
0000
0000
0004
0010
0030
0000
0000
0000
0000
0000
0000
0000
0000
0000
0000
0000
0000
0000
0000
0000
0000
0000
0000
0000
0000
0000
0000
0000
0000
0000
0000
0000
0000
0000
0000
0100
0000
f700
0004
48e6
44fc
0000
0000
0000
0000
0000
0000
0000
0000
0000
0000
0000
0000
0000
0000
0004
4e76
0000
0000
0000
0000
0000
0000
0000
0000
0002
0000
0000
0000
0000
0000
0000
0000
0000
0000
0000
0000
0000
0000
0000
0000
0000
0000
0000
0000
0000
0000
0000
0000
0000
0000
0000
0000
0000
0000
0000
0000
0000
0000
0000
ff00
0004
490a
203c
1234
5678
0000
0000
0000
0000
0000
0000
0000
0000
0000
0000
0000
0000
0006
b096
0000
0000
0000
0000
0000
0000
0000
0000
0002
1234
5678
0000
0000
0000
0000
0000
0000
0000
0000
0000
0000
0000
0000
0000
0000
0000
0000
0000
0000
0000
0000
0000
0000
0000
0000
0000
0000
0000
0000
0000
0000
0100
0000
ff00
0004
4942
41ee
0010
44fc
001f
0000
0000
0000
0000
0000
0000
0000
0000
0000
0000
0000
0008
5a88
0000
0000
0000
0000
0000
0000
0000
0000
0002
0000
0000
0000
0000
0000
0000
0000
0000
0000
0000
0000
0000
0000
0000
0000
0000
0000
0000
0000
0000
0000
0000
0000
0000
0000
0000
0000
0000
0000
0000
0000
0000
0000
0000
ff00
0004
4978
43ee
0010
44fc
001f
0000
0000
0000
0000
0000
0000
0000
0000
0000
0000
0000
0008
5789
0000
0000
0000
0000
0000
0000
0000
0000
0002
0000
0000
0000
0000
0000
0000
0000
0000
0000
0000
0000
0000
0000
0000
0000
0000
0000
0000
0000
0000
0000
0000
0000
0000
0000
0000
0000
0000
0000
0000
0000
0000
0000
0000
ff00
0004
49ae
203c
1234
5678
0000
0000
0000
0000
0000
0000
0000
0000
0000
0000
0000
0000
0006
d096
0000
0000
0000
0000
0000
0000
0000
0000
0002
0001
0002
0000
0000
0000
0000
0000
0000
0000
0000
0000
0000
0000
0000
0000
0000
0000
0000
0000
0000
0000
0000
0000
0000
0000
0000
0000
0000
0000
0000
0000
0000
0100
0000
ff00
0004
49d5
203c
1234
5678
0000
0000
0000
0000
0000
0000
0000
0000
0000
0000
0000
0000
0006
d056
0000
0000
0000
0000
0000
0000
0000
0000
0002
0001
0002
0000
0000
0000
0000
0000
0000
0000
0000
0000
0000
0000
0000
0000
0000
0000
0000
0000
0000
0000
0000
0000
0000
0000
0000
0000
0000
0000
0000
0000
0000
0100
0000
ff00
0004
49fc
203c
1234
5678
0000
0000
0000
0000
0000
0000
0000
0000
0000
0000
0000
0000
0006
d016
0000
0000
0000
0000
0000
0000
0000
0000
0002
0001
0002
0000
0000
0000
0000
0000
0000
0000
0000
0000
0000
0000
0000
0000
0000
0000
0000
0000
0000
0000
0000
0000
0000
0000
0000
0000
0000
0000
0000
0000
0000
0100
0000
ff00
0004
4a23
203c
1234
5678
0000
0000
0000
0000
0000
0000
0000
0000
0000
0000
0000
0000
0006
9096
0000
0000
0000
0000
0000
0000
0000
0000
0002
0001
0002
0000
0000
0000
0000
0000
0000
0000
0000
0000
0000
0000
0000
0000
0000
0000
0000
0000
0000
0000
0000
0000
0000
0000
0000
0000
0000
0000
0000
0000
0000
0100
0000
ff00
0004
4a4a
203c
1234
5678
0000
0000
0000
0000
0000
0000
0000
0000
0000
0000
0000
0000
0006
9056
0000
0000
0000
0000
0000
0000
0000
0000
0002
0001
0002
0000
0000
0000
0000
0000
0000
0000
0000
0000
0000
0000
0000
0000
0000
0000
0000
0000
0000
0000
0000
0000
0000
0000
0000
0000
0000
0000
0000
0000
0000
0100
0000
ff00
0004
4a71
203c
1234
5678
0000
0000
0000
0000
0000
0000
0000
0000
0000
0000
0000
0000
0006
9016
0000
0000
0000
0000
0000
0000
0000
0000
0002
0001
0002
0000
0000
0000
0000
0000
0000
0000
0000
0000
0000
0000
0000
0000
0000
0000
0000
0000
0000
0000
0000
0000
0000
0000
0000
0000
0000
0000
0000
0000
0000
0100
0000
ff00
0004
4a98
203c
1234
5678
0000
0000
0000
0000
0000
0000
0000
0000
0000
0000
0000
0000
0006
c096
0000
0000
0000
0000
0000
0000
0000
0000
0002
0001
0002
0000
0000
0000
0000
0000
0000
0000
0000
0000
0000
0000
0000
0000
0000
0000
0000
0000
0000
0000
0000
0000
0000
0000
0000
0000
0000
0000
0000
0000
0000
0100
0000
ff00
0004
4abf
203c
1234
5678
0000
0000
0000
0000
0000
0000
0000
0000
0000
0000
0000
0000
0006
c056
0000
0000
0000
0000
0000
0000
0000
0000
0002
0001
0002
0000
0000
0000
0000
0000
0000
0000
0000
0000
0000
0000
0000
0000
0000
0000
0000
0000
0000
0000
0000
0000
0000
0000
0000
0000
0000
0000
0000
0000
0000
0100
0000
ff00
0004
4ae6
203c
1234
5678
0000
0000
0000
0000
0000
0000
0000
0000
0000
0000
0000
0000
0006
c016
0000
0000
0000
0000
0000
0000
0000
0000
0002
0001
0002
0000
0000
0000
0000
0000
0000
0000
0000
0000
0000
0000
0000
0000
0000
0000
0000
0000
0000
0000
0000
0000
0000
0000
0000
0000
0000
0000
0000
0000
0000
0100
0000
ff00
0004
4b0d
203c
1234
5678
0000
0000
0000
0000
0000
0000
0000
0000
0000
0000
0000
0000
0006
8096
0000
0000
0000
0000
0000
0000
0000
0000
0002
0001
0002
0000
0000
0000
0000
0000
0000
0000
0000
0000
0000
0000
0000
0000
0000
0000
0000
0000
0000
0000
0000
0000
0000
0000
0000
0000
0000
0000
0000
0000
0000
0100
0000
ff00
0004
4b33
203c
1234
5678
0000
0000
0000
0000
0000
0000
0000
0000
0000
0000
0000
0000
0006
8056
0000
0000
0000
0000
0000
0000
0000
0000
0002
0001
0002
0000
0000
0000
0000
0000
0000
0000
0000
0000
0000
0000
0000
0000
0000
0000
0000
0000
0000
0000
0000
0000
0000
0000
0000
0000
0000
0000
0000
0000
0000
0100
0000
ff00
0004
4b59
203c
1234
5678
0000
0000
0000
0000
0000
0000
0000
0000
0000
0000
0000
0000
0006
8016
0000
0000
0000
0000
0000
0000
0000
0000
0002
0001
0002
0000
0000
0000
0000
0000
0000
0000
0000
0000
0000
0000
0000
0000
0000
0000
0000
0000
0000
0000
0000
0000
0000
0000
0000
0000
0000
0000
0000
0000
0000
0100
0000
ff00
0004
4b7f
203c
cafe
babe
0000
0000
0000
0000
0000
0000
0000
0000
0000
0000
0000
0000
0006
d196
0000
0000
0000
0000
0000
0000
0000
0000
0002
0a0b
0c0d
0000
0000
0000
0000
0000
0000
0000
0000
0000
0000
0000
0000
0000
0000
0000
0000
0000
0000
0000
0000
0000
0000
0000
0000
0000
0000
0000
0000
0000
0000
0100
0000
ff00
0004
4ba6
203c
cafe
babe
0000
0000
0000
0000
0000
0000
0000
0000
0000
0000
0000
0000
0006
d156
0000
0000
0000
0000
0000
0000
0000
0000
0002
0a0b
0c0d
0000
0000
0000
0000
0000
0000
0000
0000
0000
0000
0000
0000
0000
0000
0000
0000
0000
0000
0000
0000
0000
0000
0000
0000
0000
0000
0000
0000
0000
0000
0100
0000
ff00
0004
4bcd
203c
cafe
babe
0000
0000
0000
0000
0000
0000
0000
0000
0000
0000
0000
0000
0006
d116
0000
0000
0000
0000
0000
0000
0000
0000
0002
0a0b
0c0d
0000
0000
0000
0000
0000
0000
0000
0000
0000
0000
0000
0000
0000
0000
0000
0000
0000
0000
0000
0000
0000
0000
0000
0000
0000
0000
0000
0000
0000
0000
0100
0000
ff00
0004
4bf4
203c
cafe
babe
0000
0000
0000
0000
0000
0000
0000
0000
0000
0000
0000
0000
0006
9196
0000
0000
0000
0000
0000
0000
0000
0000
0002
0a0b
0c0d
0000
0000
0000
0000
0000
0000
0000
0000
0000
0000
0000
0000
0000
0000
0000
0000
0000
0000
0000
0000
0000
0000
0000
0000
0000
0000
0000
0000
0000
0000
0100
0000
ff00
0004
4c1b
203c
cafe
babe
0000
0000
0000
0000
0000
0000
0000
0000
0000
0000
0000
0000
0006
9156
0000
0000
0000
0000
0000
0000
0000
0000
0002
0a0b
0c0d
0000
0000
0000
0000
0000
0000
0000
0000
0000
0000
0000
0000
0000
0000
0000
0000
0000
0000
0000
0000
0000
0000
0000
0000
0000
0000
0000
0000
0000
0000
0100
0000
ff00
0004
4c42
203c
cafe
babe
0000
0000
0000
0000
0000
0000
0000
0000
0000
0000
0000
0000
0006
9116
0000
0000
0000
0000
0000
0000
0000
0000
0002
0a0b
0c0d
0000
0000
0000
0000
0000
0000
0000
0000
0000
0000
0000
0000
0000
0000
0000
0000
0000
0000
0000
0000
0000
0000
0000
0000
0000
0000
0000
0000
0000
0000
0100
0000
ff00
0004
4c69
203c
cafe
babe
0000
0000
0000
0000
0000
0000
0000
0000
0000
0000
0000
0000
0006
c196
0000
0000
0000
0000
0000
0000
0000
0000
0002
0a0b
0c0d
0000
0000
0000
0000
0000
0000
0000
0000
0000
0000
0000
0000
0000
0000
0000
0000
0000
0000
0000
0000
0000
0000
0000
0000
0000
0000
0000
0000
0000
0000
0100
0000
ff00
0004
4c90
203c
cafe
babe
0000
0000
0000
0000
0000
0000
0000
0000
0000
0000
0000
0000
0006
c156
0000
0000
0000
0000
0000
0000
0000
0000
0002
0a0b
0c0d
0000
0000
0000
0000
0000
0000
0000
0000
0000
0000
0000
0000
0000
0000
0000
0000
0000
0000
0000
0000
0000
0000
0000
0000
0000
0000
0000
0000
0000
0000
0100
0000
ff00
0004
4cb7
203c
cafe
babe
0000
0000
0000
0000
0000
0000
0000
0000
0000
0000
0000
0000
0006
c116
0000
0000
0000
0000
0000
0000
0000
0000
0002
0a0b
0c0d
0000
0000
0000
0000
0000
0000
0000
0000
0000
0000
0000
0000
0000
0000
0000
0000
0000
0000
0000
0000
0000
0000
0000
0000
0000
0000
0000
0000
0000
0000
0100
0000
ff00
0004
4cdf
203c
cafe
babe
0000
0000
0000
0000
0000
0000
0000
0000
0000
0000
0000
0000
0006
8196
0000
0000
0000
0000
0000
0000
0000
0000
0002
0a0b
0c0d
0000
0000
0000
0000
0000
0000
0000
0000
0000
0000
0000
0000
0000
0000
0000
0000
0000
0000
0000
0000
0000
0000
0000
0000
0000
0000
0000
0000
0000
0000
0100
0000
ff00
0004
4d06
203c
cafe
babe
0000
0000
0000
0000
0000
0000
0000
0000
0000
0000
0000
0000
0006
8156
0000
0000
0000
0000
0000
0000
0000
0000
0002
0a0b
0c0d
0000
0000
0000
0000
0000
0000
0000
0000
0000
0000
0000
0000
0000
0000
0000
0000
0000
0000
0000
0000
0000
0000
0000
0000
0000
0000
0000
0000
0000
0000
0100
0000
ff00
0004
4d2d
203c
cafe
babe
0000
0000
0000
0000
0000
0000
0000
0000
0000
0000
0000
0000
0006
8116
0000
0000
0000
0000
0000
0000
0000
0000
0002
0a0b
0c0d
0000
0000
0000
0000
0000
0000
0000
0000
0000
0000
0000
0000
0000
0000
0000
0000
0000
0000
0000
0000
0000
0000
0000
0000
0000
0000
0000
0000
0000
0000
0100
0000
ff00
0004
4cde
203c
cafe
babe
0000
0000
0000
0000
0000
0000
0000
0000
0000
0000
0000
0000
0006
b196
0000
0000
0000
0000
0000
0000
0000
0000
0002
0ff0
55aa
0000
0000
0000
0000
0000
0000
0000
0000
0000
0000
0000
0000
0000
0000
0000
0000
0000
0000
0000
0000
0000
0000
0000
0000
0000
0000
0000
0000
0000
0000
0100
0000
ff00
0004
4d05
203c
cafe
babe
0000
0000
0000
0000
0000
0000
0000
0000
0000
0000
0000
0000
0006
b156
0000
0000
0000
0000
0000
0000
0000
0000
0002
0ff0
55aa
0000
0000
0000
0000
0000
0000
0000
0000
0000
0000
0000
0000
0000
0000
0000
0000
0000
0000
0000
0000
0000
0000
0000
0000
0000
0000
0000
0000
0000
0000
0100
0000
ff00
0004
4d2c
203c
cafe
babe
0000
0000
0000
0000
0000
0000
0000
0000
0000
0000
0000
0000
0006
b116
0000
0000
0000
0000
0000
0000
0000
0000
0002
0ff0
55aa
0000
0000
0000
0000
0000
0000
0000
0000
0000
0000
0000
0000
0000
0000
0000
0000
0000
0000
0000
0000
0000
0000
0000
0000
0000
0000
0000
0000
0000
0000
0100
0000
ff00
0004
4d53
0000
0000
0000
0000
0000
0000
0000
0000
0000
0000
0000
0000
0000
0000
0000
0000
0696
1234
5678
0000
0000
0000
0000
0000
0000
0006
0000
0010
0000
0000
0000
0000
0000
0000
0000
0000
0000
0000
0000
0000
0000
0000
0000
0000
0000
0000
0000
0000
0000
0000
0000
0000
0000
0000
0000
0000
0000
0000
0100
0000
ff00
0004
4d6b
0000
0000
0000
0000
0000
0000
0000
0000
0000
0000
0000
0000
0000
0000
0000
0000
0656
1234
0000
0000
0000
0000
0000
0000
0000
0004
0000
0010
0000
0000
0000
0000
0000
0000
0000
0000
0000
0000
0000
0000
0000
0000
0000
0000
0000
0000
0000
0000
0000
0000
0000
0000
0000
0000
0000
0000
0000
0000
0100
0000
ff00
0004
4d7f
0000
0000
0000
0000
0000
0000
0000
0000
0000
0000
0000
0000
0000
0000
0000
0000
0616
0055
0000
0000
0000
0000
0000
0000
0000
0004
0000
0010
0000
0000
0000
0000
0000
0000
0000
0000
0000
0000
0000
0000
0000
0000
0000
0000
0000
0000
0000
0000
0000
0000
0000
0000
0000
0000
0000
0000
0000
0000
0100
0000
ff00
0004
4d91
0000
0000
0000
0000
0000
0000
0000
0000
0000
0000
0000
0000
0000
0000
0000
0000
0496
1234
5678
0000
0000
0000
0000
0000
0000
0006
0000
0010
0000
0000
0000
0000
0000
0000
0000
0000
0000
0000
0000
0000
0000
0000
0000
0000
0000
0000
0000
0000
0000
0000
0000
0000
0000
0000
0000
0000
0000
0000
0100
0000
ff00
0004
4da9
0000
0000
0000
0000
0000
0000
0000
0000
0000
0000
0000
0000
0000
0000
0000
0000
0456
1234
0000
0000
0000
0000
0000
0000
0000
0004
0000
0010
0000
0000
0000
0000
0000
0000
0000
0000
0000
0000
0000
0000
0000
0000
0000
0000
0000
0000
0000
0000
0000
0000
0000
0000
0000
0000
0000
0000
0000
0000
0100
0000
ff00
0004
4dbd
0000
0000
0000
0000
0000
0000
0000
0000
0000
0000
0000
0000
0000
0000
0000
0000
0416
0055
0000
0000
0000
0000
0000
0000
0000
0004
0000
0010
0000
0000
0000
0000
0000
0000
0000
0000
0000
0000
0000
0000
0000
0000
0000
0000
0000
0000
0000
0000
0000
0000
0000
0000
0000
0000
0000
0000
0000
0000
0100
0000
ff00
0004
4dcf
0000
0000
0000
0000
0000
0000
0000
0000
0000
0000
0000
0000
0000
0000
0000
0000
0296
1234
5678
0000
0000
0000
0000
0000
0000
0006
0000
0010
0000
0000
0000
0000
0000
0000
0000
0000
0000
0000
0000
0000
0000
0000
0000
0000
0000
0000
0000
0000
0000
0000
0000
0000
0000
0000
0000
0000
0000
0000
0100
0000
ff00
0004
4de7
0000
0000
0000
0000
0000
0000
0000
0000
0000
0000
0000
0000
0000
0000
0000
0000
0256
1234
0000
0000
0000
0000
0000
0000
0000
0004
0000
0010
0000
0000
0000
0000
0000
0000
0000
0000
0000
0000
0000
0000
0000
0000
0000
0000
0000
0000
0000
0000
0000
0000
0000
0000
0000
0000
0000
0000
0000
0000
0100
0000
ff00
0004
4dfb
0000
0000
0000
0000
0000
0000
0000
0000
0000
0000
0000
0000
0000
0000
0000
0000
0216
0055
0000
0000
0000
0000
0000
0000
0000
0004
0000
0010
0000
0000
0000
0000
0000
0000
0000
0000
0000
0000
0000
0000
0000
0000
0000
0000
0000
0000
0000
0000
0000
0000
0000
0000
0000
0000
0000
0000
0000
0000
0100
0000
ff00
0004
4e0e
0000
0000
0000
0000
0000
0000
0000
0000
0000
0000
0000
0000
0000
0000
0000
0000
0096
1234
5678
0000
0000
0000
0000
0000
0000
0006
0000
0010
0000
0000
0000
0000
0000
0000
0000
0000
0000
0000
0000
0000
0000
0000
0000
0000
0000
0000
0000
0000
0000
0000
0000
0000
0000
0000
0000
0000
0000
0000
0100
0000
ff00
0004
4e26
0000
0000
0000
0000
0000
0000
0000
0000
0000
0000
0000
0000
0000
0000
0000
0000
0056
1234
0000
0000
0000
0000
0000
0000
0000
0004
0000
0010
0000
0000
0000
0000
0000
0000
0000
0000
0000
0000
0000
0000
0000
0000
0000
0000
0000
0000
0000
0000
0000
0000
0000
0000
0000
0000
0000
0000
0000
0000
0100
0000
ff00
0004
4e3a
0000
0000
0000
0000
0000
0000
0000
0000
0000
0000
0000
0000
0000
0000
0000
0000
0016
0055
0000
0000
0000
0000
0000
0000
0000
0004
0000
0010
0000
0000
0000
0000
0000
0000
0000
0000
0000
0000
0000
0000
0000
0000
0000
0000
0000
0000
0000
0000
0000
0000
0000
0000
0000
0000
0000
0000
0000
0000
0100
0000
ff00
0004
4e0d
0000
0000
0000
0000
0000
0000
0000
0000
0000
0000
0000
0000
0000
0000
0000
0000
0a96
1234
5678
0000
0000
0000
0000
0000
0000
0006
0000
0010
0000
0000
0000
0000
0000
0000
0000
0000
0000
0000
0000
0000
0000
0000
0000
0000
0000
0000
0000
0000
0000
0000
0000
0000
0000
0000
0000
0000
0000
0000
0100
0000
ff00
0004
4e25
0000
0000
0000
0000
0000
0000
0000
0000
0000
0000
0000
0000
0000
0000
0000
0000
0a56
1234
0000
0000
0000
0000
0000
0000
0000
0004
0000
0010
0000
0000
0000
0000
0000
0000
0000
0000
0000
0000
0000
0000
0000
0000
0000
0000
0000
0000
0000
0000
0000
0000
0000
0000
0000
0000
0000
0000
0000
0000
0100
0000
ff00
0004
4e39
0000
0000
0000
0000
0000
0000
0000
0000
0000
0000
0000
0000
0000
0000
0000
0000
0a16
0055
0000
0000
0000
0000
0000
0000
0000
0004
0000
0010
0000
0000
0000
0000
0000
0000
0000
0000
0000
0000
0000
0000
0000
0000
0000
0000
0000
0000
0000
0000
0000
0000
0000
0000
0000
0000
0000
0000
0000
0000
0100
0000
ff00
0004
4e4b
0000
0000
0000
0000
0000
0000
0000
0000
0000
0000
0000
0000
0000
0000
0000
0000
0c96
0000
1234
0000
0000
0000
0000
0000
0000
0006
0000
1234
0000
0000
0000
0000
0000
0000
0000
0000
0000
0000
0000
0000
0000
0000
0000
0000
0000
0000
0000
0000
0000
0000
0000
0000
0000
0000
0000
0000
0000
0000
0100
0000
ff00
0004
4e6a
0000
0000
0000
0000
0000
0000
0000
0000
0000
0000
0000
0000
0000
0000
0000
0000
0c56
1234
0000
0000
0000
0000
0000
0000
0000
0004
0000
1234
0000
0000
0000
0000
0000
0000
0000
0000
0000
0000
0000
0000
0000
0000
0000
0000
0000
0000
0000
0000
0000
0000
0000
0000
0000
0000
0000
0000
0000
0000
0100
0000
ff00
0004
4e99
0000
0000
0000
0000
0000
0000
0000
0000
0000
0000
0000
0000
0000
0000
0000
0000
0c16
0000
0000
0000
0000
0000
0000
0000
0000
0004
0000
1234
0000
0000
0000
0000
0000
0000
0000
0000
0000
0000
0000
0000
0000
0000
0000
0000
0000
0000
0000
0000
0000
0000
0000
0000
0000
0000
0000
0000
0000
0000
0100
0000
ff00
0004
4eb2
203c
1234
5678
43ee
0000
0000
0000
0000
0000
0000
0000
0000
0000
0000
0000
000a
b099
0000
0000
0000
0000
0000
0000
0000
0000
0002
1234
5678
0000
0000
0000
0000
0000
0000
0000
0000
0000
0000
0000
0000
0000
0000
0000
0000
0000
0000
0000
0000
0000
0000
0000
0000
0000
0000
0000
0000
0000
0000
0100
0000
ff00
0004
4eeb
203c
1234
5678
43ee
0002
0000
0000
0000
0000
0000
0000
0000
0000
0000
0000
000a
b061
0000
0000
0000
0000
0000
0000
0000
0000
0002
1234
5678
0000
0000
0000
0000
0000
0000
0000
0000
0000
0000
0000
0000
0000
0000
0000
0000
0000
0000
0000
0000
0000
0000
0000
0000
0000
0000
0000
0000
0000
0000
0100
0000
ff00
0004
4f33
203c
0000
0078
0000
0000
0000
0000
0000
0000
0000
0000
0000
0000
0000
0000
0006
b02e
0003
0000
0000
0000
0000
0000
0000
0000
0004
1234
5678
0000
0000
0000
0000
0000
0000
0000
0000
0000
0000
0000
0000
0000
0000
0000
0000
0000
0000
0000
0000
0000
0000
0000
0000
0000
0000
0000
0000
0000
0000
0100
0000
ff00
0004
4f63
223c
0000
0007
43ee
0000
0000
0000
0000
0000
0000
0000
0000
0000
0000
0000
000a
0319
0000
0000
0000
0000
0000
0000
0000
0000
0002
8000
0000
0000
0000
0000
0000
0000
0000
0000
0000
0000
0000
0000
0000
0000
0000
0000
0000
0000
0000
0000
0000
0000
0000
0000
0000
0000
0000
0000
0000
0000
0000
0100
0000
ff00
0004
4f9a
223c
0000
0000
0000
0000
0000
0000
0000
0000
0000
0000
0000
0000
0000
0000
0006
03ee
0002
0000
0000
0000
0000
0000
0000
0000
0004
8000
0000
0000
0000
0000
0000
0000
0000
0000
0000
0000
0000
0000
0000
0000
0000
0000
0000
0000
0000
0000
0000
0000
0000
0000
0000
0000
0000
0000
0000
0000
0000
0100
0000
ff00
0004
4fca
0000
0000
0000
0000
0000
0000
0000
0000
0000
0000
0000
0000
0000
0000
0000
0000
e7d6
0000
0000
0000
0000
0000
0000
0000
0000
0002
8001
0000
0000
0000
0000
0000
0000
0000
0000
0000
0000
0000
0000
0000
0000
0000
0000
0000
0000
0000
0000
0000
0000
0000
0000
0000
0000
0000
0000
0000
0000
0000
0100
0000
ff00
0004
5002
0000
0000
0000
0000
0000
0000
0000
0000
0000
0000
0000
0000
0000
0000
0000
0000
e6d6
0000
0000
0000
0000
0000
0000
0000
0000
0002
8001
0000
0000
0000
0000
0000
0000
0000
0000
0000
0000
0000
0000
0000
0000
0000
0000
0000
0000
0000
0000
0000
0000
0000
0000
0000
0000
0000
0000
0000
0000
0000
0100
0000
ff00
0004
503a
0000
0000
0000
0000
0000
0000
0000
0000
0000
0000
0000
0000
0000
0000
0000
0000
e8d6
0208
0000
0000
0000
0000
0000
0000
0000
0004
12ff
5678
0000
0000
0000
0000
0000
0000
0000
0000
0000
0000
0000
0000
0000
0000
0000
0000
0000
0000
0000
0000
0000
0000
0000
0000
0000
0000
0000
0000
0000
0000
0100
0000
ff00
0004
5067
0000
0000
0000
0000
0000
0000
0000
0000
0000
0000
0000
0000
0000
0000
0000
0000
e9d6
1208
0000
0000
0000
0000
0000
0000
0000
0004
12ff
5678
0000
0000
0000
0000
0000
0000
0000
0000
0000
0000
0000
0000
0000
0000
0000
0000
0000
0000
0000
0000
0000
0000
0000
0000
0000
0000
0000
0000
0000
0000
0100
0000
ff00
0004
5087
0000
0000
0000
0000
0000
0000
0000
0000
0000
0000
0000
0000
0000
0000
0000
0000
ead6
0208
0000
0000
0000
0000
0000
0000
0000
0004
12ff
5678
0000
0000
0000
0000
0000
0000
0000
0000
0000
0000
0000
0000
0000
0000
0000
0000
0000
0000
0000
0000
0000
0000
0000
0000
0000
0000
0000
0000
0000
0000
0100
0000
ff00
0004
50ac
0000
0000
0000
0000
0000
0000
0000
0000
0000
0000
0000
0000
0000
0000
0000
0000
ecd6
0208
0000
0000
0000
0000
0000
0000
0000
0004
12ff
5678
0000
0000
0000
0000
0000
0000
0000
0000
0000
0000
0000
0000
0000
0000
0000
0000
0000
0000
0000
0000
0000
0000
0000
0000
0000
0000
0000
0000
0000
0000
0100
0000
ff00
0004
50d1
0000
0000
0000
0000
0000
0000
0000
0000
0000
0000
0000
0000
0000
0000
0000
0000
eed6
0008
0000
0000
0000
0000
0000
0000
0000
0004
12ff
5678
0000
0000
0000
0000
0000
0000
0000
0000
0000
0000
0000
0000
0000
0000
0000
0000
0000
0000
0000
0000
0000
0000
0000
0000
0000
0000
0000
0000
0000
0000
0100
0000
ff00
0004
50f6
44fc
0004
0000
0000
0000
0000
0000
0000
0000
0000
0000
0000
0000
0000
0000
0004
67ff
0000
000a
1cbc
0001
6004
1cbc
0002
0000
0010
0000
0000
0000
0000
0000
0000
0000
0000
0000
0000
0000
0000
0000
0000
0000
0000
0000
0000
0000
0000
0000
0000
0000
0000
0000
0000
0000
0000
0000
0000
0000
0000
0000
0000
ff00
0004
5109
44fc
0004
0000
0000
0000
0000
0000
0000
0000
0000
0000
0000
0000
0000
0000
0004
66ff
0000
000a
1cbc
0001
6004
1cbc
0002
0000
0010
0000
0000
0000
0000
0000
0000
0000
0000
0000
0000
0000
0000
0000
0000
0000
0000
0000
0000
0000
0000
0000
0000
0000
0000
0000
0000
0000
0000
0000
0000
0000
0000
0000
0000
ff00
0004
5120
44fc
0001
0000
0000
0000
0000
0000
0000
0000
0000
0000
0000
0000
0000
0000
0004
65ff
0000
000a
1cbc
0001
6004
1cbc
0002
0000
0010
0000
0000
0000
0000
0000
0000
0000
0000
0000
0000
0000
0000
0000
0000
0000
0000
0000
0000
0000
0000
0000
0000
0000
0000
0000
0000
0000
0000
0000
0000
0000
0000
0000
0000
ff00
0004
5133
44fc
0002
0000
0000
0000
0000
0000
0000
0000
0000
0000
0000
0000
0000
0000
0004
69ff
0000
000a
1cbc
0001
6004
1cbc
0002
0000
0010
0000
0000
0000
0000
0000
0000
0000
0000
0000
0000
0000
0000
0000
0000
0000
0000
0000
0000
0000
0000
0000
0000
0000
0000
0000
0000
0000
0000
0000
0000
0000
0000
0000
0000
ff00
0004
5146
0000
0000
0000
0000
0000
0000
0000
0000
0000
0000
0000
0000
0000
0000
0000
0000
60ff
0000
000a
1cbc
0001
6004
1cbc
0002
0000
0010
0000
0000
0000
0000
0000
0000
0000
0000
0000
0000
0000
0000
0000
0000
0000
0000
0000
0000
0000
0000
0000
0000
0000
0000
0000
0000
0000
0000
0000
0000
0000
0000
0000
0000
ff00
0004
5159
0000
0000
0000
0000
0000
0000
0000
0000
0000
0000
0000
0000
0000
0000
0000
0000
6006
1cbc
0002
4e75
61ff
ffff
fff8
1cbc
0001
0012
0000
0000
0000
0000
0000
0000
0000
0000
0000
0000
0000
0000
0000
0000
0000
0000
0000
0000
0000
0000
0000
0000
0000
0000
0000
0000
0000
0000
0000
0000
0000
0000
0000
0000
ff00
0004
5171
223c
0000
0003
44fc
0000
0000
0000
0000
0000
0000
0000
0000
0000
0000
0000
000a
5216
50c9
fffc
0000
0000
0000
0000
0000
0000
0006
0000
0000
0000
0000
0000
0000
0000
0000
0000
0000
0000
0000
0000
0000
0000
0000
0000
0000
0000
0000
0000
0000
0000
0000
0000
0000
0000
0000
0000
0000
0000
0000
0000
0000
ff00
0004
519d
223c
0000
0003
44fc
0000
0000
0000
0000
0000
0000
0000
0000
0000
0000
0000
000a
5216
52c9
fffc
0000
0000
0000
0000
0000
0000
0006
0000
0000
0000
0000
0000
0000
0000
0000
0000
0000
0000
0000
0000
0000
0000
0000
0000
0000
0000
0000
0000
0000
0000
0000
0000
0000
0000
0000
0000
0000
0000
0000
0000
0000
ff00
0004
51ca
223c
0000
0003
44fc
0004
0000
0000
0000
0000
0000
0000
0000
0000
0000
0000
000a
5216
53c9
fffc
0000
0000
0000
0000
0000
0000
0006
0000
0000
0000
0000
0000
0000
0000
0000
0000
0000
0000
0000
0000
0000
0000
0000
0000
0000
0000
0000
0000
0000
0000
0000
0000
0000
0000
0000
0000
0000
0000
0000
0000
0000
ff00
0004
51f7
223c
0000
0003
44fc
0000
0000
0000
0000
0000
0000
0000
0000
0000
0000
0000
000a
5216
54c9
fffc
0000
0000
0000
0000
0000
0000
0006
0000
0000
0000
0000
0000
0000
0000
0000
0000
0000
0000
0000
0000
0000
0000
0000
0000
0000
0000
0000
0000
0000
0000
0000
0000
0000
0000
0000
0000
0000
0000
0000
0000
0000
ff00
0004
5224
223c
0000
0003
44fc
0001
0000
0000
0000
0000
0000
0000
0000
0000
0000
0000
000a
5216
55c9
fffc
0000
0000
0000
0000
0000
0000
0006
0000
0000
0000
0000
0000
0000
0000
0000
0000
0000
0000
0000
0000
0000
0000
0000
0000
0000
0000
0000
0000
0000
0000
0000
0000
0000
0000
0000
0000
0000
0000
0000
0000
0000
ff00
0004
5251
223c
0000
0003
44fc
0000
0000
0000
0000
0000
0000
0000
0000
0000
0000
0000
000a
5216
58c9
fffc
0000
0000
0000
0000
0000
0000
0006
0000
0000
0000
0000
0000
0000
0000
0000
0000
0000
0000
0000
0000
0000
0000
0000
0000
0000
0000
0000
0000
0000
0000
0000
0000
0000
0000
0000
0000
0000
0000
0000
0000
0000
ff00
0004
527e
223c
0000
0003
44fc
0002
0000
0000
0000
0000
0000
0000
0000
0000
0000
0000
000a
5216
59c9
fffc
0000
0000
0000
0000
0000
0000
0006
0000
0000
0000
0000
0000
0000
0000
0000
0000
0000
0000
0000
0000
0000
0000
0000
0000
0000
0000
0000
0000
0000
0000
0000
0000
0000
0000
0000
0000
0000
0000
0000
0000
0000
ff00
0004
52ab
223c
0000
0003
44fc
0000
0000
0000
0000
0000
0000
0000
0000
0000
0000
0000
000a
5216
5ac9
fffc
0000
0000
0000
0000
0000
0000
0006
0000
0000
0000
0000
0000
0000
0000
0000
0000
0000
0000
0000
0000
0000
0000
0000
0000
0000
0000
0000
0000
0000
0000
0000
0000
0000
0000
0000
0000
0000
0000
0000
0000
0000
ff00
0004
52d8
223c
0000
0003
44fc
0008
0000
0000
0000
0000
0000
0000
0000
0000
0000
0000
000a
5216
5bc9
fffc
0000
0000
0000
0000
0000
0000
0006
0000
0000
0000
0000
0000
0000
0000
0000
0000
0000
0000
0000
0000
0000
0000
0000
0000
0000
0000
0000
0000
0000
0000
0000
0000
0000
0000
0000
0000
0000
0000
0000
0000
0000
ff00
0004
5305
223c
0000
0003
44fc
0000
0000
0000
0000
0000
0000
0000
0000
0000
0000
0000
000a
5216
5cc9
fffc
0000
0000
0000
0000
0000
0000
0006
0000
0000
0000
0000
0000
0000
0000
0000
0000
0000
0000
0000
0000
0000
0000
0000
0000
0000
0000
0000
0000
0000
0000
0000
0000
0000
0000
0000
0000
0000
0000
0000
0000
0000
ff00
0004
5332
223c
0000
0003
44fc
0008
0000
0000
0000
0000
0000
0000
0000
0000
0000
0000
000a
5216
5dc9
fffc
0000
0000
0000
0000
0000
0000
0006
0000
0000
0000
0000
0000
0000
0000
0000
0000
0000
0000
0000
0000
0000
0000
0000
0000
0000
0000
0000
0000
0000
0000
0000
0000
0000
0000
0000
0000
0000
0000
0000
0000
0000
ff00
0004
535f
223c
0000
0003
44fc
0000
0000
0000
0000
0000
0000
0000
0000
0000
0000
0000
000a
5216
5ec9
fffc
0000
0000
0000
0000
0000
0000
0006
0000
0000
0000
0000
0000
0000
0000
0000
0000
0000
0000
0000
0000
0000
0000
0000
0000
0000
0000
0000
0000
0000
0000
0000
0000
0000
0000
0000
0000
0000
0000
0000
0000
0000
ff00
0004
538c
223c
0000
0003
44fc
0004
0000
0000
0000
0000
0000
0000
0000
0000
0000
0000
000a
5216
5fc9
fffc
0000
0000
0000
0000
0000
0000
0006
0000
0000
0000
0000
0000
0000
0000
0000
0000
0000
0000
0000
0000
0000
0000
0000
0000
0000
0000
0000
0000
0000
0000
0000
0000
0000
0000
0000
0000
0000
0000
0000
0000
0000
ff00
0004
53b9
0000
0000
0000
0000
0000
0000
0000
0000
0000
0000
0000
0000
0000
0000
0000
0000
487a
0008
3f3c
0007
4e77
0000
0000
0000
0000
000a
0000
0000
0000
0000
0000
0000
0000
0000
0000
0000
0000
0000
0000
0000
0000
0000
0000
0000
0000
0000
0000
0000
0000
0000
0000
0000
0000
0000
0000
0000
0000
0000
0000
0000
ff00
0004
53e3
0000
0000
0000
0000
0000
0000
0000
0000
0000
0000
0000
0000
0000
0000
0000
0000
6008
1cbc
0002
4e74
0000
6100
fff6
0000
0000
000e
0000
0000
0000
0000
0000
0000
0000
0000
0000
0000
0000
0000
0000
0000
0000
0000
0000
0000
0000
0000
0000
0000
0000
0000
0000
0000
0000
0000
0000
0000
0000
0000
0000
0000
ff00
0004
53fe
0000
0000
0000
0000
0000
0000
0000
0000
0000
0000
0000
0000
0000
0000
0000
0000
6008
1cbc
0002
4e74
0004
6100
fff6
0000
0000
000e
0000
0000
0000
0000
0000
0000
0000
0000
0000
0000
0000
0000
0000
0000
0000
0000
0000
0000
0000
0000
0000
0000
0000
0000
0000
0000
0000
0000
0000
0000
0000
0000
0000
0000
ff00
0004
5438
203c
dead
beef
0000
0000
0000
0000
0000
0000
0000
0000
0000
0000
0000
0000
0006
4856
201f
0000
0000
0000
0000
0000
0000
0000
0004
0000
0000
0000
0000
0000
0000
0000
0000
0000
0000
0000
0000
0000
0000
0000
0000
0000
0000
0000
0000
0000
0000
0000
0000
0000
0000
0000
0000
0000
0000
0000
0000
0000
0000
ff00
0004
546c
203c
dead
beef
0000
0000
0000
0000
0000
0000
0000
0000
0000
0000
0000
0000
0006
486e
0010
201f
0000
0000
0000
0000
0000
0000
0006
0000
0000
0000
0000
0000
0000
0000
0000
0000
0000
0000
0000
0000
0000
0000
0000
0000
0000
0000
0000
0000
0000
0000
0000
0000
0000
0000
0000
0000
0000
0000
0000
0000
0000
ff00
0004
54a2
41ee
0020
0000
0000
0000
0000
0000
0000
0000
0000
0000
0000
0000
0000
0000
0004
4808
ffff
ffe0
4e58
0000
0000
0000
0000
0000
0008
0000
0000
0000
0000
0000
0000
0000
0000
0000
0000
0000
0000
0000
0000
0000
0000
0000
0000
0000
0000
0000
0000
0000
0000
0000
0000
0000
0000
0000
0000
0000
0000
0000
0000
ff00
0004
54ce
203c
0000
0100
0000
0000
0000
0000
0000
0000
0000
0000
0000
0000
0000
0000
0006
02d6
0800
0000
0000
0000
0000
0000
0000
0000
0004
0010
0030
0000
0000
0000
0000
0000
0000
0000
0000
0000
0000
0000
0000
0000
0000
0000
0000
0000
0000
0000
0000
0000
0000
0000
0000
0000
0000
0000
0000
0000
0000
0100
0100
f700
0004
5508
203c
0000
0001
223c
0000
0099
0000
0000
0000
0000
0000
0000
0000
0000
0000
000c
c101
0000
0000
0000
0000
0000
0000
0000
0000
0002
0000
0000
0000
0000
0000
0000
0000
0000
0000
0000
0000
0000
0000
0000
0000
0000
0000
0000
0000
0000
0000
0000
0000
0000
0000
0000
0000
0000
0000
0000
0000
0000
0000
0000
ff00
0004
5532
203c
0000
0010
223c
0000
0005
0000
0000
0000
0000
0000
0000
0000
0000
0000
000c
8101
0000
0000
0000
0000
0000
0000
0000
0000
0002
0000
0000
0000
0000
0000
0000
0000
0000
0000
0000
0000
0000
0000
0000
0000
0000
0000
0000
0000
0000
0000
0000
0000
0000
0000
0000
0000
0000
0000
0000
0000
0000
0000
0000
ff00
0004
5553
0000
0000
0000
0000
0000
0000
0000
0000
0000
0000
0000
0000
0000
0000
0000
0000
4816
0000
0000
0000
0000
0000
0000
0000
0000
0002
4200
0000
0000
0000
0000
0000
0000
0000
0000
0000
0000
0000
0000
0000
0000
0000
0000
0000
0000
0000
0000
0000
0000
0000
0000
0000
0000
0000
0000
0000
0000
0000
0100
0000
f500
0004
5584
0000
0000
0000
0000
0000
0000
0000
0000
0000
0000
0000
0000
0000
0000
0000
0000
2039
0000
1820
0000
0000
0000
0000
0000
0000
0006
0000
0000
0000
0000
0000
0000
0000
0000
0000
0000
0000
0000
0000
0000
0000
0000
cafe
f00d
0000
0000
0000
0000
0000
0000
0000
0000
0000
0000
0000
0000
0000
0000
0100
0000
ff00
0004
55ab
203c
1234
5678
0000
0000
0000
0000
0000
0000
0000
0000
0000
0000
0000
0000
0006
23c0
0000
1820
0000
0000
0000
0000
0000
0000
0006
0000
0000
0000
0000
0000
0000
0000
0000
0000
0000
0000
0000
0000
0000
0000
0000
0000
0000
0000
0000
0000
0000
0000
0000
0000
0000
0000
0000
0000
0000
0000
0000
0000
0000
ff00
0004
55e3
203c
1234
5678
0000
0000
0000
0000
0000
0000
0000
0000
0000
0000
0000
0000
0006
31c0
1820
0000
0000
0000
0000
0000
0000
0000
0004
0000
0000
0000
0000
0000
0000
0000
0000
0000
0000
0000
0000
0000
0000
0000
0000
0000
0000
0000
0000
0000
0000
0000
0000
0000
0000
0000
0000
0000
0000
0000
0000
0000
0000
ff00
0004
562a
44fc
000f
0000
0000
0000
0000
0000
0000
0000
0000
0000
0000
0000
0000
0000
0004
42d6
0000
0000
0000
0000
0000
0000
0000
0000
0002
0000
0000
0000
0000
0000
0000
0000
0000
0000
0000
0000
0000
0000
0000
0000
0000
0000
0000
0000
0000
0000
0000
0000
0000
0000
0000
0000
0000
0000
0000
0000
0000
0000
0000
ff00
0004
565f
0000
0000
0000
0000
0000
0000
0000
0000
0000
0000
0000
0000
0000
0000
0000
0000
44d6
0000
0000
0000
0000
0000
0000
0000
0000
0002
001f
0000
0000
0000
0000
0000
0000
0000
0000
0000
0000
0000
0000
0000
0000
0000
0000
0000
0000
0000
0000
0000
0000
0000
0000
0000
0000
0000
0000
0000
0000
0000
0100
0000
ff00
0004
568c
0000
0000
0000
0000
0000
0000
0000
0000
0000
0000
0000
0000
0000
0000
0000
0000
4a16
0000
0000
0000
0000
0000
0000
0000
0000
0002
8000
0001
0000
0000
0000
0000
0000
0000
0000
0000
0000
0000
0000
0000
0000
0000
0000
0000
0000
0000
0000
0000
0000
0000
0000
0000
0000
0000
0000
0000
0000
0000
0100
0000
ff00
0004
56af
0000
0000
0000
0000
0000
0000
0000
0000
0000
0000
0000
0000
0000
0000
0000
0000
4a56
0000
0000
0000
0000
0000
0000
0000
0000
0002
8000
0001
0000
0000
0000
0000
0000
0000
0000
0000
0000
0000
0000
0000
0000
0000
0000
0000
0000
0000
0000
0000
0000
0000
0000
0000
0000
0000
0000
0000
0000
0000
0100
0000
ff00
0004
56d7
0000
0000
0000
0000
0000
0000
0000
0000
0000
0000
0000
0000
0000
0000
0000
0000
4a96
0000
0000
0000
0000
0000
0000
0000
0000
0002
8000
0001
0000
0000
0000
0000
0000
0000
0000
0000
0000
0000
0000
0000
0000
0000
0000
0000
0000
0000
0000
0000
0000
0000
0000
0000
0000
0000
0000
0000
0000
0000
0100
0000
ff00
0004
5703
0000
0000
0000
0000
0000
0000
0000
0000
0000
0000
0000
0000
0000
0000
0000
0000
4216
0000
0000
0000
0000
0000
0000
0000
0000
0002
1122
3344
0000
0000
0000
0000
0000
0000
0000
0000
0000
0000
0000
0000
0000
0000
0000
0000
0000
0000
0000
0000
0000
0000
0000
0000
0000
0000
0000
0000
0000
0000
0100
0000
ff00
0004
5723
0000
0000
0000
0000
0000
0000
0000
0000
0000
0000
0000
0000
0000
0000
0000
0000
4256
0000
0000
0000
0000
0000
0000
0000
0000
0002
1122
3344
0000
0000
0000
0000
0000
0000
0000
0000
0000
0000
0000
0000
0000
0000
0000
0000
0000
0000
0000
0000
0000
0000
0000
0000
0000
0000
0000
0000
0000
0000
0100
0000
ff00
0004
574a
0000
0000
0000
0000
0000
0000
0000
0000
0000
0000
0000
0000
0000
0000
0000
0000
4296
0000
0000
0000
0000
0000
0000
0000
0000
0002
1122
3344
0000
0000
0000
0000
0000
0000
0000
0000
0000
0000
0000
0000
0000
0000
0000
0000
0000
0000
0000
0000
0000
0000
0000
0000
0000
0000
0000
0000
0000
0000
0100
0000
ff00
0004
5779
0000
0000
0000
0000
0000
0000
0000
0000
0000
0000
0000
0000
0000
0000
0000
0000
4496
0000
0000
0000
0000
0000
0000
0000
0000
0002
1234
5678
0000
0000
0000
0000
0000
0000
0000
0000
0000
0000
0000
0000
0000
0000
0000
0000
0000
0000
0000
0000
0000
0000
0000
0000
0000
0000
0000
0000
0000
0000
0100
0000
ff00
0004
57a8
0000
0000
0000
0000
0000
0000
0000
0000
0000
0000
0000
0000
0000
0000
0000
0000
4656
0000
0000
0000
0000
0000
0000
0000
0000
0002
1234
5678
0000
0000
0000
0000
0000
0000
0000
0000
0000
0000
0000
0000
0000
0000
0000
0000
0000
0000
0000
0000
0000
0000
0000
0000
0000
0000
0000
0000
0000
0000
0100
0000
ff00
0004
57cf
44fc
0010
0000
0000
0000
0000
0000
0000
0000
0000
0000
0000
0000
0000
0000
0004
4096
0000
0000
0000
0000
0000
0000
0000
0000
0002
0000
0005
0000
0000
0000
0000
0000
0000
0000
0000
0000
0000
0000
0000
0000
0000
0000
0000
0000
0000
0000
0000
0000
0000
0000
0000
0000
0000
0000
0000
0000
0000
0100
0000
ff00
0004
57f5
43ee
0001
0000
0000
0000
0000
0000
0000
0000
0000
0000
0000
0000
0000
0000
0004
4ad9
0000
0000
0000
0000
0000
0000
0000
0000
0002
0040
0000
0000
0000
0000
0000
0000
0000
0000
0000
0000
0000
0000
0000
0000
0000
0000
0000
0000
0000
0000
0000
0000
0000
0000
0000
0000
0000
0000
0000
0000
0000
0100
0000
ff00
0004
5828
203c
0000
0010
43ee
0000
0000
0000
0000
0000
0000
0000
0000
0000
0000
0000
000a
d099
0000
0000
0000
0000
0000
0000
0000
0000
0002
0000
0010
0000
0000
0000
0000
0000
0000
0000
0000
0000
0000
0000
0000
0000
0000
0000
0000
0000
0000
0000
0000
0000
0000
0000
0000
0000
0000
0000
0000
0000
0000
0100
0000
ff00
0004
584d
203c
0000
0010
43ee
0004
0000
0000
0000
0000
0000
0000
0000
0000
0000
0000
000a
d0a1
0000
0000
0000
0000
0000
0000
0000
0000
0002
0000
0010
0000
0000
0000
0000
0000
0000
0000
0000
0000
0000
0000
0000
0000
0000
0000
0000
0000
0000
0000
0000
0000
0000
0000
0000
0000
0000
0000
0000
0000
0000
0100
0000
ff00
0004
586a
203c
0000
0010
0000
0000
0000
0000
0000
0000
0000
0000
0000
0000
0000
0000
0006
d0ae
0000
0000
0000
0000
0000
0000
0000
0000
0004
0000
0010
0000
0000
0000
0000
0000
0000
0000
0000
0000
0000
0000
0000
0000
0000
0000
0000
0000
0000
0000
0000
0000
0000
0000
0000
0000
0000
0000
0000
0000
0000
0100
0000
ff00
0004
5879
203c
aabb
ccdd
0000
0000
0000
0000
0000
0000
0000
0000
0000
0000
0000
0000
0006
d0bc
1234
5678
0000
0000
0000
0000
0000
0000
0006
0000
0000
0000
0000
0000
0000
0000
0000
0000
0000
0000
0000
0000
0000
0000
0000
0000
0000
0000
0000
0000
0000
0000
0000
0000
0000
0000
0000
0000
0000
0000
0000
0000
0000
ff00
0004
588e
203c
0000
0010
43ee
0000
0000
0000
0000
0000
0000
0000
0000
0000
0000
0000
000a
9099
0000
0000
0000
0000
0000
0000
0000
0000
0002
0000
0010
0000
0000
0000
0000
0000
0000
0000
0000
0000
0000
0000
0000
0000
0000
0000
0000
0000
0000
0000
0000
0000
0000
0000
0000
0000
0000
0000
0000
0000
0000
0100
0000
ff00
0004
58b3
203c
0000
0010
43ee
0004
0000
0000
0000
0000
0000
0000
0000
0000
0000
0000
000a
90a1
0000
0000
0000
0000
0000
0000
0000
0000
0002
0000
0010
0000
0000
0000
0000
0000
0000
0000
0000
0000
0000
0000
0000
0000
0000
0000
0000
0000
0000
0000
0000
0000
0000
0000
0000
0000
0000
0000
0000
0000
0000
0100
0000
ff00
0004
58d0
203c
0000
0010
0000
0000
0000
0000
0000
0000
0000
0000
0000
0000
0000
0000
0006
90ae
0000
0000
0000
0000
0000
0000
0000
0000
0004
0000
0010
0000
0000
0000
0000
0000
0000
0000
0000
0000
0000
0000
0000
0000
0000
0000
0000
0000
0000
0000
0000
0000
0000
0000
0000
0000
0000
0000
0000
0000
0000
0100
0000
ff00
0004
58df
203c
aabb
ccdd
0000
0000
0000
0000
0000
0000
0000
0000
0000
0000
0000
0000
0006
90bc
1234
5678
0000
0000
0000
0000
0000
0000
0006
0000
0000
0000
0000
0000
0000
0000
0000
0000
0000
0000
0000
0000
0000
0000
0000
0000
0000
0000
0000
0000
0000
0000
0000
0000
0000
0000
0000
0000
0000
0000
0000
0000
0000
ff00
0004
58f4
203c
0000
0010
43ee
0000
0000
0000
0000
0000
0000
0000
0000
0000
0000
0000
000a
c099
0000
0000
0000
0000
0000
0000
0000
0000
0002
0000
0010
0000
0000
0000
0000
0000
0000
0000
0000
0000
0000
0000
0000
0000
0000
0000
0000
0000
0000
0000
0000
0000
0000
0000
0000
0000
0000
0000
0000
0000
0000
0100
0000
ff00
0004
5919
203c
0000
0010
43ee
0004
0000
0000
0000
0000
0000
0000
0000
0000
0000
0000
000a
c0a1
0000
0000
0000
0000
0000
0000
0000
0000
0002
0000
0010
0000
0000
0000
0000
0000
0000
0000
0000
0000
0000
0000
0000
0000
0000
0000
0000
0000
0000
0000
0000
0000
0000
0000
0000
0000
0000
0000
0000
0000
0000
0100
0000
ff00
0004
5936
203c
0000
0010
0000
0000
0000
0000
0000
0000
0000
0000
0000
0000
0000
0000
0006
c0ae
0000
0000
0000
0000
0000
0000
0000
0000
0004
0000
0010
0000
0000
0000
0000
0000
0000
0000
0000
0000
0000
0000
0000
0000
0000
0000
0000
0000
0000
0000
0000
0000
0000
0000
0000
0000
0000
0000
0000
0000
0000
0100
0000
ff00
0004
5945
203c
aabb
ccdd
0000
0000
0000
0000
0000
0000
0000
0000
0000
0000
0000
0000
0006
c0bc
1234
5678
0000
0000
0000
0000
0000
0000
0006
0000
0000
0000
0000
0000
0000
0000
0000
0000
0000
0000
0000
0000
0000
0000
0000
0000
0000
0000
0000
0000
0000
0000
0000
0000
0000
0000
0000
0000
0000
0000
0000
0000
0000
ff00
0004
595a
203c
0000
0010
43ee
0000
0000
0000
0000
0000
0000
0000
0000
0000
0000
0000
000a
8099
0000
0000
0000
0000
0000
0000
0000
0000
0002
0000
0010
0000
0000
0000
0000
0000
0000
0000
0000
0000
0000
0000
0000
0000
0000
0000
0000
0000
0000
0000
0000
0000
0000
0000
0000
0000
0000
0000
0000
0000
0000
0100
0000
ff00
0004
597e
203c
0000
0010
43ee
0004
0000
0000
0000
0000
0000
0000
0000
0000
0000
0000
000a
80a1
0000
0000
0000
0000
0000
0000
0000
0000
0002
0000
0010
0000
0000
0000
0000
0000
0000
0000
0000
0000
0000
0000
0000
0000
0000
0000
0000
0000
0000
0000
0000
0000
0000
0000
0000
0000
0000
0000
0000
0000
0000
0100
0000
ff00
0004
599a
203c
0000
0010
0000
0000
0000
0000
0000
0000
0000
0000
0000
0000
0000
0000
0006
80ae
0000
0000
0000
0000
0000
0000
0000
0000
0004
0000
0010
0000
0000
0000
0000
0000
0000
0000
0000
0000
0000
0000
0000
0000
0000
0000
0000
0000
0000
0000
0000
0000
0000
0000
0000
0000
0000
0000
0000
0000
0000
0100
0000
ff00
0004
59a8
203c
aabb
ccdd
0000
0000
0000
0000
0000
0000
0000
0000
0000
0000
0000
0000
0006
80bc
1234
5678
0000
0000
0000
0000
0000
0000
0006
0000
0000
0000
0000
0000
0000
0000
0000
0000
0000
0000
0000
0000
0000
0000
0000
0000
0000
0000
0000
0000
0000
0000
0000
0000
0000
0000
0000
0000
0000
0000
0000
0000
0000
ff00
0004
59bc
203c
0000
0100
43ee
0000
0000
0000
0000
0000
0000
0000
0000
0000
0000
0000
000a
d199
0000
0000
0000
0000
0000
0000
0000
0000
0002
1234
5678
0000
0000
0000
0000
0000
0000
0000
0000
0000
0000
0000
0000
0000
0000
0000
0000
0000
0000
0000
0000
0000
0000
0000
0000
0000
0000
0000
0000
0000
0000
0100
0000
ff00
0004
59e2
203c
0000
0100
43ee
0004
0000
0000
0000
0000
0000
0000
0000
0000
0000
0000
000a
91a1
0000
0000
0000
0000
0000
0000
0000
0000
0002
1234
5678
0000
0000
0000
0000
0000
0000
0000
0000
0000
0000
0000
0000
0000
0000
0000
0000
0000
0000
0000
0000
0000
0000
0000
0000
0000
0000
0000
0000
0000
0000
0100
0000
ff00
0004
5a0a
203c
ff00
ff00
0000
0000
0000
0000
0000
0000
0000
0000
0000
0000
0000
0000
0006
c1ae
0004
0000
0000
0000
0000
0000
0000
0000
0004
1234
5678
0000
0000
0000
0000
0000
0000
0000
0000
0000
0000
0000
0000
0000
0000
0000
0000
0000
0000
0000
0000
0000
0000
0000
0000
0000
0000
0000
0000
0000
0000
0100
0000
ff00
0004
5a22
203c
8000
0001
0000
0000
0000
0000
0000
0000
0000
0000
0000
0000
0000
0000
0006
e188
0000
0000
0000
0000
0000
0000
0000
0000
0002
0000
0000
0000
0000
0000
0000
0000
0000
0000
0000
0000
0000
0000
0000
0000
0000
0000
0000
0000
0000
0000
0000
0000
0000
0000
0000
0000
0000
0000
0000
0000
0000
0000
0000
ff00
0004
5a56
203c
8000
0000
223c
0000
0020
0000
0000
0000
0000
0000
0000
0000
0000
0000
000c
e2a0
0000
0000
0000
0000
0000
0000
0000
0000
0002
0000
0000
0000
0000
0000
0000
0000
0000
0000
0000
0000
0000
0000
0000
0000
0000
0000
0000
0000
0000
0000
0000
0000
0000
0000
0000
0000
0000
0000
0000
0000
0000
0000
0000
ff00
0004
5a79
203c
ffff
ffff
223c
0000
0021
0000
0000
0000
0000
0000
0000
0000
0000
0000
000c
e3a8
0000
0000
0000
0000
0000
0000
0000
0000
0002
0000
0000
0000
0000
0000
0000
0000
0000
0000
0000
0000
0000
0000
0000
0000
0000
0000
0000
0000
0000
0000
0000
0000
0000
0000
0000
0000
0000
0000
0000
0000
0000
0000
0000
ff00
0004
5a9c
203c
cafe
babe
223c
0000
0040
44fc
0011
0000
0000
0000
0000
0000
0000
0000
0010
e2a8
0000
0000
0000
0000
0000
0000
0000
0000
0002
0000
0000
0000
0000
0000
0000
0000
0000
0000
0000
0000
0000
0000
0000
0000
0000
0000
0000
0000
0000
0000
0000
0000
0000
0000
0000
0000
0000
0000
0000
0000
0000
0000
0000
ff00
0004
5ad3
203c
8000
0001
223c
0000
0040
0000
0000
0000
0000
0000
0000
0000
0000
0000
000c
e3b8
0000
0000
0000
0000
0000
0000
0000
0000
0002
0000
0000
0000
0000
0000
0000
0000
0000
0000
0000
0000
0000
0000
0000
0000
0000
0000
0000
0000
0000
0000
0000
0000
0000
0000
0000
0000
0000
0000
0000
0000
0000
0000
0000
ff00
0004
5afe
203c
ffff
8000
0000
0000
0000
0000
0000
0000
0000
0000
0000
0000
0000
0000
0006
e940
0000
0000
0000
0000
0000
0000
0000
0000
0002
0000
0000
0000
0000
0000
0000
0000
0000
0000
0000
0000
0000
0000
0000
0000
0000
0000
0000
0000
0000
0000
0000
0000
0000
0000
0000
0000
0000
0000
0000
0000
0000
0000
0000
ff00
0004
5b27
203c
0000
0000
223c
0000
0040
44fc
0010
0000
0000
0000
0000
0000
0000
0000
0010
e3b0
0000
0000
0000
0000
0000
0000
0000
0000
0002
0000
0000
0000
0000
0000
0000
0000
0000
0000
0000
0000
0000
0000
0000
0000
0000
0000
0000
0000
0000
0000
0000
0000
0000
0000
0000
0000
0000
0000
0000
0000
0000
0000
0000
ff00
0004
5b61
203c
12ff
5678
223c
0000
0008
243c
0000
0008
263c
0000
0000
0000
0000
0000
0018
e9c0
3862
0000
0000
0000
0000
0000
0000
0000
0004
0000
0000
0000
0000
0000
0000
0000
0000
0000
0000
0000
0000
0000
0000
0000
0000
0000
0000
0000
0000
0000
0000
0000
0000
0000
0000
0000
0000
0000
0000
0000
0000
0000
0000
ff00
0004
5b9a
203c
12ff
5678
223c
0000
0008
243c
0000
0008
263c
0000
00ab
0000
0000
0000
0018
efc0
3862
0000
0000
0000
0000
0000
0000
0000
0004
0000
0000
0000
0000
0000
0000
0000
0000
0000
0000
0000
0000
0000
0000
0000
0000
0000
0000
0000
0000
0000
0000
0000
0000
0000
0000
0000
0000
0000
0000
0000
0000
0000
0000
ff00
0004
5bd6
203c
12ff
5678
223c
0000
0010
0000
0000
0000
0000
0000
0000
0000
0000
0000
000c
eac0
0848
0000
0000
0000
0000
0000
0000
0000
0004
0000
0000
0000
0000
0000
0000
0000
0000
0000
0000
0000
0000
0000
0000
0000
0000
0000
0000
0000
0000
0000
0000
0000
0000
0000
0000
0000
0000
0000
0000
0000
0000
0000
0000
ff00
0004
5c06
0000
0000
0000
0000
0000
0000
0000
0000
0000
0000
0000
0000
0000
0000
0000
0000
e9d6
1310
0000
0000
0000
0000
0000
0000
0000
0004
fedc
ba98
7654
3210
0000
0000
0000
0000
0000
0000
0000
0000
0000
0000
0000
0000
0000
0000
0000
0000
0000
0000
0000
0000
0000
0000
0000
0000
0000
0000
0000
0000
0100
0000
ff00
0004
5c39
0000
0000
0000
0000
0000
0000
0000
0000
0000
0000
0000
0000
0000
0000
0000
0000
edd6
1000
0000
0000
0000
0000
0000
0000
0000
0004
fedc
ba98
7654
3210
0000
0000
0000
0000
0000
0000
0000
0000
0000
0000
0000
0000
0000
0000
0000
0000
0000
0000
0000
0000
0000
0000
0000
0000
0000
0000
0000
0000
0100
0000
ff00
0004
5c76
203c
0000
ffff
223c
0000
ffff
0000
0000
0000
0000
0000
0000
0000
0000
0000
000c
c0c1
0000
0000
0000
0000
0000
0000
0000
0000
0002
0000
0000
0000
0000
0000
0000
0000
0000
0000
0000
0000
0000
0000
0000
0000
0000
0000
0000
0000
0000
0000
0000
0000
0000
0000
0000
0000
0000
0000
0000
0000
0000
0000
0000
ff00
0004
5ca0
203c
0000
ffff
223c
0000
ffff
0000
0000
0000
0000
0000
0000
0000
0000
0000
000c
c1c1
0000
0000
0000
0000
0000
0000
0000
0000
0002
0000
0000
0000
0000
0000
0000
0000
0000
0000
0000
0000
0000
0000
0000
0000
0000
0000
0000
0000
0000
0000
0000
0000
0000
0000
0000
0000
0000
0000
0000
0000
0000
0000
0000
ff00
0004
5cca
203c
0000
8000
223c
0000
8000
0000
0000
0000
0000
0000
0000
0000
0000
0000
000c
c0c1
0000
0000
0000
0000
0000
0000
0000
0000
0002
0000
0000
0000
0000
0000
0000
0000
0000
0000
0000
0000
0000
0000
0000
0000
0000
0000
0000
0000
0000
0000
0000
0000
0000
0000
0000
0000
0000
0000
0000
0000
0000
0000
0000
ff00
0004
5cf1
203c
0000
8000
223c
0000
8000
0000
0000
0000
0000
0000
0000
0000
0000
0000
000c
c1c1
0000
0000
0000
0000
0000
0000
0000
0000
0002
0000
0000
0000
0000
0000
0000
0000
0000
0000
0000
0000
0000
0000
0000
0000
0000
0000
0000
0000
0000
0000
0000
0000
0000
0000
0000
0000
0000
0000
0000
0000
0000
0000
0000
ff00
0004
5d18
203c
0000
ffff
223c
0000
8000
0000
0000
0000
0000
0000
0000
0000
0000
0000
000c
c0c1
0000
0000
0000
0000
0000
0000
0000
0000
0002
0000
0000
0000
0000
0000
0000
0000
0000
0000
0000
0000
0000
0000
0000
0000
0000
0000
0000
0000
0000
0000
0000
0000
0000
0000
0000
0000
0000
0000
0000
0000
0000
0000
0000
ff00
0004
5d3f
203c
0000
ffff
223c
0000
8000
0000
0000
0000
0000
0000
0000
0000
0000
0000
000c
c1c1
0000
0000
0000
0000
0000
0000
0000
0000
0002
0000
0000
0000
0000
0000
0000
0000
0000
0000
0000
0000
0000
0000
0000
0000
0000
0000
0000
0000
0000
0000
0000
0000
0000
0000
0000
0000
0000
0000
0000
0000
0000
0000
0000
ff00
0004
5d66
203c
0000
0001
223c
0000
0000
0000
0000
0000
0000
0000
0000
0000
0000
0000
000c
c0c1
0000
0000
0000
0000
0000
0000
0000
0000
0002
0000
0000
0000
0000
0000
0000
0000
0000
0000
0000
0000
0000
0000
0000
0000
0000
0000
0000
0000
0000
0000
0000
0000
0000
0000
0000
0000
0000
0000
0000
0000
0000
0000
0000
ff00
0004
5d8a
203c
0000
0001
223c
0000
0000
0000
0000
0000
0000
0000
0000
0000
0000
0000
000c
c1c1
0000
0000
0000
0000
0000
0000
0000
0000
0002
0000
0000
0000
0000
0000
0000
0000
0000
0000
0000
0000
0000
0000
0000
0000
0000
0000
0000
0000
0000
0000
0000
0000
0000
0000
0000
0000
0000
0000
0000
0000
0000
0000
0000
ff00
0004
5dae
203c
ffff
fff6
223c
0000
0004
0000
0000
0000
0000
0000
0000
0000
0000
0000
000c
81c1
0000
0000
0000
0000
0000
0000
0000
0000
0002
0000
0000
0000
0000
0000
0000
0000
0000
0000
0000
0000
0000
0000
0000
0000
0000
0000
0000
0000
0000
0000
0000
0000
0000
0000
0000
0000
0000
0000
0000
0000
0000
0000
0000
ff00
0004
5de6
203c
0000
000a
223c
0000
fffc
0000
0000
0000
0000
0000
0000
0000
0000
0000
000c
81c1
0000
0000
0000
0000
0000
0000
0000
0000
0002
0000
0000
0000
0000
0000
0000
0000
0000
0000
0000
0000
0000
0000
0000
0000
0000
0000
0000
0000
0000
0000
0000
0000
0000
0000
0000
0000
0000
0000
0000
0000
0000
0000
0000
ff00
0004
5e1e
203c
ffff
fff6
223c
0000
fffc
0000
0000
0000
0000
0000
0000
0000
0000
0000
000c
81c1
0000
0000
0000
0000
0000
0000
0000
0000
0002
0000
0000
0000
0000
0000
0000
0000
0000
0000
0000
0000
0000
0000
0000
0000
0000
0000
0000
0000
0000
0000
0000
0000
0000
0000
0000
0000
0000
0000
0000
0000
0000
0000
0000
ff00
0004
5e56
203c
0001
0000
223c
0000
0001
0000
0000
0000
0000
0000
0000
0000
0000
0000
000c
81c1
0000
0000
0000
0000
0000
0000
0000
0000
0002
0000
0000
0000
0000
0000
0000
0000
0000
0000
0000
0000
0000
0000
0000
0000
0000
0000
0000
0000
0000
0000
0000
0000
0000
0000
0000
0000
0000
0000
0000
0000
0000
0000
0000
f300
0004
5e8b
203c
ffff
ffff
223c
0000
0002
0000
0000
0000
0000
0000
0000
0000
0000
0000
000c
80c1
0000
0000
0000
0000
0000
0000
0000
0000
0002
0000
0000
0000
0000
0000
0000
0000
0000
0000
0000
0000
0000
0000
0000
0000
0000
0000
0000
0000
0000
0000
0000
0000
0000
0000
0000
0000
0000
0000
0000
0000
0000
0000
0000
f300
0004
5ea7
203c
0ffe
0000
223c
0000
8000
0000
0000
0000
0000
0000
0000
0000
0000
0000
000c
80c1
0000
0000
0000
0000
0000
0000
0000
0000
0002
0000
0000
0000
0000
0000
0000
0000
0000
0000
0000
0000
0000
0000
0000
0000
0000
0000
0000
0000
0000
0000
0000
0000
0000
0000
0000
0000
0000
0000
0000
0000
0000
0000
0000
ff00
0004
5ec0
203c
aaaa
aaaa
243c
bbbb
bbbb
43ee
0010
4bee
0020
0000
0000
0000
0000
0000
0014
48d6
2205
0000
0000
0000
0000
0000
0000
0000
0004
0000
0000
0000
0000
0000
0000
0000
0000
0000
0000
0000
0000
0000
0000
0000
0000
0000
0000
0000
0000
0000
0000
0000
0000
0000
0000
0000
0000
0000
0000
0000
0000
0000
0000
ff00
0004
5ee5
283c
4444
4444
2a3c
5555
5555
2c3c
6666
6666
41ee
0000
43ee
0020
45ee
0010
001e
48e1
0ee0
0000
0000
0000
0000
0000
0000
0000
0004
0000
0000
0000
0000
0000
0000
0000
0000
0000
0000
0000
0000
0000
0000
0000
0000
0000
0000
0000
0000
0000
0000
0000
0000
0000
0000
0000
0000
0000
0000
0000
0000
0000
0000
ff00
0004
5f0c
43ee
0000
0000
0000
0000
0000
0000
0000
0000
0000
0000
0000
0000
0000
0000
0004
4c91
000f
0000
0000
0000
0000
0000
0000
0000
0004
fffe
0001
8000
7fff
0000
0000
0000
0000
0000
0000
0000
0000
0000
0000
0000
0000
0000
0000
0000
0000
0000
0000
0000
0000
0000
0000
0000
0000
0000
0000
0000
0000
0100
0000
ff00
0004
5f3d
44fc
0004
0000
0000
0000
0000
0000
0000
0000
0000
0000
0000
0000
0000
0000
0004
57d6
0000
0000
0000
0000
0000
0000
0000
0000
0002
aa00
0000
0000
0000
0000
0000
0000
0000
0000
0000
0000
0000
0000
0000
0000
0000
0000
0000
0000
0000
0000
0000
0000
0000
0000
0000
0000
0000
0000
0000
0000
0000
0100
0000
ff00
0004
5f64
44fc
0004
0000
0000
0000
0000
0000
0000
0000
0000
0000
0000
0000
0000
0000
0004
56d6
0000
0000
0000
0000
0000
0000
0000
0000
0002
aa00
0000
0000
0000
0000
0000
0000
0000
0000
0000
0000
0000
0000
0000
0000
0000
0000
0000
0000
0000
0000
0000
0000
0000
0000
0000
0000
0000
0000
0000
0000
0000
0100
0000
ff00
0004
5f8b
44fc
0008
0000
0000
0000
0000
0000
0000
0000
0000
0000
0000
0000
0000
0000
0004
5dee
0002
0000
0000
0000
0000
0000
0000
0000
0004
aa00
0000
0000
0000
0000
0000
0000
0000
0000
0000
0000
0000
0000
0000
0000
0000
0000
0000
0000
0000
0000
0000
0000
0000
0000
0000
0000
0000
0000
0000
0000
0000
0100
0000
ff00
0004
5fc2
41ee
0002
43ee
0000
0000
0000
0000
0000
0000
0000
0000
0000
0000
0000
0000
0008
b109
0000
0000
0000
0000
0000
0000
0000
0000
0002
1299
1299
0000
0000
0000
0000
0000
0000
0000
0000
0000
0000
0000
0000
0000
0000
0000
0000
0000
0000
0000
0000
0000
0000
0000
0000
0000
0000
0000
0000
0000
0000
0100
0000
ff00
0004
5ff4
41ee
0002
43ee
0000
0000
0000
0000
0000
0000
0000
0000
0000
0000
0000
0000
0008
b149
0000
0000
0000
0000
0000
0000
0000
0000
0002
1299
1299
0000
0000
0000
0000
0000
0000
0000
0000
0000
0000
0000
0000
0000
0000
0000
0000
0000
0000
0000
0000
0000
0000
0000
0000
0000
0000
0000
0000
0000
0000
0100
0000
ff00
0004
6028
0000
0000
0000
0000
0000
0000
0000
0000
0000
0000
0000
0000
0000
0000
0000
0000
307c
0001
0000
0000
0000
0000
0000
0000
0000
0004
0000
0000
0000
0000
0000
0000
0000
0000
0000
0000
0000
0000
0000
0000
0000
0000
0000
0000
0000
0000
0000
0000
0000
0000
0000
0000
0000
0000
0000
0000
0000
0000
0000
0000
ff00
0004
6054
0000
0000
0000
0000
0000
0000
0000
0000
0000
0000
0000
0000
0000
0000
0000
0000
307c
8000
0000
0000
0000
0000
0000
0000
0000
0004
0000
0000
0000
0000
0000
0000
0000
0000
0000
0000
0000
0000
0000
0000
0000
0000
0000
0000
0000
0000
0000
0000
0000
0000
0000
0000
0000
0000
0000
0000
0000
0000
0000
0000
ff00
0004
6081
43ee
0000
0000
0000
0000
0000
0000
0000
0000
0000
0000
0000
0000
0000
0000
0004
3051
0000
0000
0000
0000
0000
0000
0000
0000
0002
8001
0000
0000
0000
0000
0000
0000
0000
0000
0000
0000
0000
0000
0000
0000
0000
0000
0000
0000
0000
0000
0000
0000
0000
0000
0000
0000
0000
0000
0000
0000
0000
0100
0000
ff00
0004
60ba
203c
aabb
ccdd
223c
0000
3132
0000
0000
0000
0000
0000
0000
0000
0000
0000
000c
8141
ffff
0000
0000
0000
0000
0000
0000
0000
0004
0000
0000
0000
0000
0000
0000
0000
0000
0000
0000
0000
0000
0000
0000
0000
0000
0000
0000
0000
0000
0000
0000
0000
0000
0000
0000
0000
0000
0000
0000
0000
0000
0000
0000
ff00
0004
6114
203c
aabb
ccdd
223c
0000
00ab
0000
0000
0000
0000
0000
0000
0000
0000
0000
000c
8181
3030
0000
0000
0000
0000
0000
0000
0000
0004
0000
0000
0000
0000
0000
0000
0000
0000
0000
0000
0000
0000
0000
0000
0000
0000
0000
0000
0000
0000
0000
0000
0000
0000
0000
0000
0000
0000
0000
0000
0000
0000
0000
0000
ff00
0004
616e
41ee
0004
43ee
0008
44fc
0010
0000
0000
0000
0000
0000
0000
0000
0000
0000
000c
c109
0000
0000
0000
0000
0000
0000
0000
0000
0002
0000
0015
0000
0027
0000
0000
0000
0000
0000
0000
0000
0000
0000
0000
0000
0000
0000
0000
0000
0000
0000
0000
0000
0000
0000
0000
0000
0000
0000
0000
0000
0000
0100
0000
ff00
0004
619d
0000
0000
0000
0000
0000
0000
0000
0000
0000
0000
0000
0000
0000
0000
0000
0000
4a88
0000
0000
0000
0000
0000
0000
0000
0000
0002
0000
0000
0000
0000
0000
0000
0000
0000
0000
0000
0000
0000
0000
0000
0000
0000
0000
0000
0000
0000
0000
0000
0000
0000
0000
0000
0000
0000
0000
0000
0000
0000
0000
0000
ff00
0004
61bb
41ee
0000
0000
0000
0000
0000
0000
0000
0000
0000
0000
0000
0000
0000
0000
0004
4a48
0000
0000
0000
0000
0000
0000
0000
0000
0002
0000
0000
0000
0000
0000
0000
0000
0000
0000
0000
0000
0000
0000
0000
0000
0000
0000
0000
0000
0000
0000
0000
0000
0000
0000
0000
0000
0000
0000
0000
0000
0000
0000
0000
ff00
0004
61ff
203c
0000
0010
0000
0000
0000
0000
0000
0000
0000
0000
0000
0000
0000
0000
0006
41f6
0000
0000
0000
0000
0000
0000
0000
0000
0004
0000
0000
0000
0000
0000
0000
0000
0000
0000
0000
0000
0000
0000
0000
0000
0000
0000
0000
0000
0000
0000
0000
0000
0000
0000
0000
0000
0000
0000
0000
0000
0000
0000
0000
ff00
0004
6232
203c
0000
0004
0000
0000
0000
0000
0000
0000
0000
0000
0000
0000
0000
0000
0006
4876
0000
201f
0000
0000
0000
0000
0000
0000
0006
0000
0000
0000
0000
0000
0000
0000
0000
0000
0000
0000
0000
0000
0000
0000
0000
0000
0000
0000
0000
0000
0000
0000
0000
0000
0000
0000
0000
0000
0000
0000
0000
0000
0000
ff00
0004
626d
41ee
0020
0000
0000
0000
0000
0000
0000
0000
0000
0000
0000
0000
0000
0000
0004
4e50
0000
4e58
0000
0000
0000
0000
0000
0000
0006
0000
0000
0000
0000
0000
0000
0000
0000
0000
0000
0000
0000
0000
0000
0000
0000
0000
0000
0000
0000
0000
0000
0000
0000
0000
0000
0000
0000
0000
0000
0000
0000
0000
0000
ff00
0004
6282
203c
7fff
ffff
223c
0000
0000
44fc
0010
0000
0000
0000
0000
0000
0000
0000
0010
d181
0000
0000
0000
0000
0000
0000
0000
0000
0002
0000
0000
0000
0000
0000
0000
0000
0000
0000
0000
0000
0000
0000
0000
0000
0000
0000
0000
0000
0000
0000
0000
0000
0000
0000
0000
0000
0000
0000
0000
0000
0000
0000
0000
ff00
0004
62c9
203c
0000
0000
223c
0000
0000
44fc
0010
0000
0000
0000
0000
0000
0000
0000
0010
9181
0000
0000
0000
0000
0000
0000
0000
0000
0002
0000
0000
0000
0000
0000
0000
0000
0000
0000
0000
0000
0000
0000
0000
0000
0000
0000
0000
0000
0000
0000
0000
0000
0000
0000
0000
0000
0000
0000
0000
0000
0000
0000
0000
ff00
0004
6309
203c
0000
0080
223c
0000
007f
0000
0000
0000
0000
0000
0000
0000
0000
0000
000c
b001
0000
0000
0000
0000
0000
0000
0000
0000
0002
0000
0000
0000
0000
0000
0000
0000
0000
0000
0000
0000
0000
0000
0000
0000
0000
0000
0000
0000
0000
0000
0000
0000
0000
0000
0000
0000
0000
0000
0000
0000
0000
0000
0000
ff00
0004
633a
203c
0000
8000
223c
0000
7fff
0000
0000
0000
0000
0000
0000
0000
0000
0000
000c
b041
0000
0000
0000
0000
0000
0000
0000
0000
0002
0000
0000
0000
0000
0000
0000
0000
0000
0000
0000
0000
0000
0000
0000
0000
0000
0000
0000
0000
0000
0000
0000
0000
0000
0000
0000
0000
0000
0000
0000
0000
0000
0000
0000
ff00
0004
636b
203c
8000
0000
0000
0000
0000
0000
0000
0000
0000
0000
0000
0000
0000
0000
0006
4480
0000
0000
0000
0000
0000
0000
0000
0000
0002
0000
0000
0000
0000
0000
0000
0000
0000
0000
0000
0000
0000
0000
0000
0000
0000
0000
0000
0000
0000
0000
0000
0000
0000
0000
0000
0000
0000
0000
0000
0000
0000
0000
0000
ff00
0004
6390
203c
aa00
0080
0000
0000
0000
0000
0000
0000
0000
0000
0000
0000
0000
0000
0006
4400
0000
0000
0000
0000
0000
0000
0000
0000
0002
0000
0000
0000
0000
0000
0000
0000
0000
0000
0000
0000
0000
0000
0000
0000
0000
0000
0000
0000
0000
0000
0000
0000
0000
0000
0000
0000
0000
0000
0000
0000
0000
0000
0000
ff00
0004
63ad
203c
0000
0000
0000
0000
0000
0000
0000
0000
0000
0000
0000
0000
0000
0000
0006
08c0
0021
0000
0000
0000
0000
0000
0000
0000
0004
0000
0000
0000
0000
0000
0000
0000
0000
0000
0000
0000
0000
0000
0000
0000
0000
0000
0000
0000
0000
0000
0000
0000
0000
0000
0000
0000
0000
0000
0000
0000
0000
0000
0000
ff00
0004
63db
203c
ffff
ffff
223c
0000
0040
0000
0000
0000
0000
0000
0000
0000
0000
0000
000c
0380
0000
0000
0000
0000
0000
0000
0000
0000
0002
0000
0000
0000
0000
0000
0000
0000
0000
0000
0000
0000
0000
0000
0000
0000
0000
0000
0000
0000
0000
0000
0000
0000
0000
0000
0000
0000
0000
0000
0000
0000
0000
0000
0000
ff00
0004
6414
44fc
001f
0000
0000
0000
0000
0000
0000
0000
0000
0000
0000
0000
0000
0000
0004
4e71
0000
0000
0000
0000
0000
0000
0000
0000
0002
0000
0000
0000
0000
0000
0000
0000
0000
0000
0000
0000
0000
0000
0000
0000
0000
0000
0000
0000
0000
0000
0000
0000
0000
0000
0000
0000
0000
0000
0000
0000
0000
0000
0000
ff00
0004
6442
43ee
0000
0000
0000
0000
0000
0000
0000
0000
0000
0000
0000
0000
0000
0000
0004
4a19
0000
0000
0000
0000
0000
0000
0000
0000
0002
807f
0100
0000
0000
0000
0000
0000
0000
0000
0000
0000
0000
0000
0000
0000
0000
0000
0000
0000
0000
0000
0000
0000
0000
0000
0000
0000
0000
0000
0000
0000
0000
0100
0000
ff00
0004
6469
43ee
0004
0000
0000
0000
0000
0000
0000
0000
0000
0000
0000
0000
0000
0000
0004
4a61
0000
0000
0000
0000
0000
0000
0000
0000
0002
807f
0100
0000
0000
0000
0000
0000
0000
0000
0000
0000
0000
0000
0000
0000
0000
0000
0000
0000
0000
0000
0000
0000
0000
0000
0000
0000
0000
0000
0000
0000
0000
0100
0000
ff00
0004
64a6
43ee
0000
0000
0000
0000
0000
0000
0000
0000
0000
0000
0000
0000
0000
0000
0004
4219
0000
0000
0000
0000
0000
0000
0000
0000
0002
807f
0100
0000
0000
0000
0000
0000
0000
0000
0000
0000
0000
0000
0000
0000
0000
0000
0000
0000
0000
0000
0000
0000
0000
0000
0000
0000
0000
0000
0000
0000
0000
0100
0000
ff00
0004
64d8
0000
0000
0000
0000
0000
0000
0000
0000
0000
0000
0000
0000
0000
0000
0000
0000
4416
0000
0000
0000
0000
0000
0000
0000
0000
0002
807f
0100
0000
0000
0000
0000
0000
0000
0000
0000
0000
0000
0000
0000
0000
0000
0000
0000
0000
0000
0000
0000
0000
0000
0000
0000
0000
0000
0000
0000
0000
0000
0100
0000
ff00
0004
6509
0000
0000
0000
0000
0000
0000
0000
0000
0000
0000
0000
0000
0000
0000
0000
0000
4456
0000
0000
0000
0000
0000
0000
0000
0000
0002
807f
0100
0000
0000
0000
0000
0000
0000
0000
0000
0000
0000
0000
0000
0000
0000
0000
0000
0000
0000
0000
0000
0000
0000
0000
0000
0000
0000
0000
0000
0000
0000
0100
0000
ff00
0004
6530
0000
0000
0000
0000
0000
0000
0000
0000
0000
0000
0000
0000
0000
0000
0000
0000
4616
0000
0000
0000
0000
0000
0000
0000
0000
0002
807f
0100
0000
0000
0000
0000
0000
0000
0000
0000
0000
0000
0000
0000
0000
0000
0000
0000
0000
0000
0000
0000
0000
0000
0000
0000
0000
0000
0000
0000
0000
0000
0100
0000
ff00
0004
6550
0000
0000
0000
0000
0000
0000
0000
0000
0000
0000
0000
0000
0000
0000
0000
0000
4696
0000
0000
0000
0000
0000
0000
0000
0000
0002
807f
0100
0000
0000
0000
0000
0000
0000
0000
0000
0000
0000
0000
0000
0000
0000
0000
0000
0000
0000
0000
0000
0000
0000
0000
0000
0000
0000
0000
0000
0000
0000
0100
0000
ff00
0004
657f
44fc
0010
0000
0000
0000
0000
0000
0000
0000
0000
0000
0000
0000
0000
0000
0004
4016
0000
0000
0000
0000
0000
0000
0000
0000
0002
807f
0100
0000
0000
0000
0000
0000
0000
0000
0000
0000
0000
0000
0000
0000
0000
0000
0000
0000
0000
0000
0000
0000
0000
0000
0000
0000
0000
0000
0000
0000
0000
0100
0000
ff00
0004
65a5
0000
0000
0000
0000
0000
0000
0000
0000
0000
0000
0000
0000
0000
0000
0000
0000
4056
0000
0000
0000
0000
0000
0000
0000
0000
0002
807f
0100
0000
0000
0000
0000
0000
0000
0000
0000
0000
0000
0000
0000
0000
0000
0000
0000
0000
0000
0000
0000
0000
0000
0000
0000
0000
0000
0000
0000
0000
0000
0100
0000
ff00
0004
65d2
203c
7fff
ffff
223c
0000
0001
0000
0000
0000
0000
0000
0000
0000
0000
0000
000c
d081
0000
0000
0000
0000
0000
0000
0000
0000
0002
0000
0000
0000
0000
0000
0000
0000
0000
0000
0000
0000
0000
0000
0000
0000
0000
0000
0000
0000
0000
0000
0000
0000
0000
0000
0000
0000
0000
0000
0000
0000
0000
0000
0000
ff00
0004
6612
203c
8000
0000
223c
ffff
ffff
0000
0000
0000
0000
0000
0000
0000
0000
0000
000c
d081
0000
0000
0000
0000
0000
0000
0000
0000
0002
0000
0000
0000
0000
0000
0000
0000
0000
0000
0000
0000
0000
0000
0000
0000
0000
0000
0000
0000
0000
0000
0000
0000
0000
0000
0000
0000
0000
0000
0000
0000
0000
0000
0000
ff00
0004
6657
203c
7fff
ffff
223c
ffff
ffff
0000
0000
0000
0000
0000
0000
0000
0000
0000
000c
9081
0000
0000
0000
0000
0000
0000
0000
0000
0002
0000
0000
0000
0000
0000
0000
0000
0000
0000
0000
0000
0000
0000
0000
0000
0000
0000
0000
0000
0000
0000
0000
0000
0000
0000
0000
0000
0000
0000
0000
0000
0000
0000
0000
ff00
0004
669c
203c
aa00
0080
223c
0000
0001
0000
0000
0000
0000
0000
0000
0000
0000
0000
000c
9001
0000
0000
0000
0000
0000
0000
0000
0000
0002
0000
0000
0000
0000
0000
0000
0000
0000
0000
0000
0000
0000
0000
0000
0000
0000
0000
0000
0000
0000
0000
0000
0000
0000
0000
0000
0000
0000
0000
0000
0000
0000
0000
0000
ff00
0004
66d5
203c
8000
0000
44fc
0000
0000
0000
0000
0000
0000
0000
0000
0000
0000
0000
000a
e390
0000
0000
0000
0000
0000
0000
0000
0000
0002
0000
0000
0000
0000
0000
0000
0000
0000
0000
0000
0000
0000
0000
0000
0000
0000
0000
0000
0000
0000
0000
0000
0000
0000
0000
0000
0000
0000
0000
0000
0000
0000
0000
0000
ff00
0004
6706
203c
0000
0000
44fc
0010
0000
0000
0000
0000
0000
0000
0000
0000
0000
0000
000a
e390
0000
0000
0000
0000
0000
0000
0000
0000
0002
0000
0000
0000
0000
0000
0000
0000
0000
0000
0000
0000
0000
0000
0000
0000
0000
0000
0000
0000
0000
0000
0000
0000
0000
0000
0000
0000
0000
0000
0000
0000
0000
0000
0000
ff00
0004
672e
203c
0000
0000
44fc
0010
0000
0000
0000
0000
0000
0000
0000
0000
0000
0000
000a
e290
0000
0000
0000
0000
0000
0000
0000
0000
0002
0000
0000
0000
0000
0000
0000
0000
0000
0000
0000
0000
0000
0000
0000
0000
0000
0000
0000
0000
0000
0000
0000
0000
0000
0000
0000
0000
0000
0000
0000
0000
0000
0000
0000
ff00
0004
675a
223c
0000
0002
44fc
0000
0000
0000
0000
0000
0000
0000
0000
0000
0000
0000
000a
5216
51c9
fffc
0000
0000
0000
0000
0000
0000
0006
0000
0000
0000
0000
0000
0000
0000
0000
0000
0000
0000
0000
0000
0000
0000
0000
0000
0000
0000
0000
0000
0000
0000
0000
0000
0000
0000
0000
0000
0000
0000
0000
0000
0000
ff00
0004
678f
223c
0000
0002
44fc
0005
0000
0000
0000
0000
0000
0000
0000
0000
0000
0000
000a
5216
52c9
fffc
0000
0000
0000
0000
0000
0000
0006
0000
0000
0000
0000
0000
0000
0000
0000
0000
0000
0000
0000
0000
0000
0000
0000
0000
0000
0000
0000
0000
0000
0000
0000
0000
0000
0000
0000
0000
0000
0000
0000
0000
0000
ff00
0004
67c5
223c
0000
0002
44fc
0000
0000
0000
0000
0000
0000
0000
0000
0000
0000
0000
000a
5216
59c9
fffc
0000
0000
0000
0000
0000
0000
0006
0000
0000
0000
0000
0000
0000
0000
0000
0000
0000
0000
0000
0000
0000
0000
0000
0000
0000
0000
0000
0000
0000
0000
0000
0000
0000
0000
0000
0000
0000
0000
0000
0000
0000
ff00
0004
67fb
223c
0000
0002
44fc
0000
0000
0000
0000
0000
0000
0000
0000
0000
0000
0000
000a
5216
5bc9
fffc
0000
0000
0000
0000
0000
0000
0006
0000
0000
0000
0000
0000
0000
0000
0000
0000
0000
0000
0000
0000
0000
0000
0000
0000
0000
0000
0000
0000
0000
0000
0000
0000
0000
0000
0000
0000
0000
0000
0000
0000
0000
ff00
0004
6831
44fc
0000
0000
0000
0000
0000
0000
0000
0000
0000
0000
0000
0000
0000
0000
0004
52d6
0000
0000
0000
0000
0000
0000
0000
0000
0002
0000
0000
0000
0000
0000
0000
0000
0000
0000
0000
0000
0000
0000
0000
0000
0000
0000
0000
0000
0000
0000
0000
0000
0000
0000
0000
0000
0000
0000
0000
0000
0000
0100
0000
ff00
0004
6853
44fc
0001
0000
0000
0000
0000
0000
0000
0000
0000
0000
0000
0000
0000
0000
0004
53d6
0000
0000
0000
0000
0000
0000
0000
0000
0002
0000
0000
0000
0000
0000
0000
0000
0000
0000
0000
0000
0000
0000
0000
0000
0000
0000
0000
0000
0000
0000
0000
0000
0000
0000
0000
0000
0000
0000
0000
0000
0000
0100
0000
ff00
0004
6875
44fc
0002
0000
0000
0000
0000
0000
0000
0000
0000
0000
0000
0000
0000
0000
0004
59d6
0000
0000
0000
0000
0000
0000
0000
0000
0002
0000
0000
0000
0000
0000
0000
0000
0000
0000
0000
0000
0000
0000
0000
0000
0000
0000
0000
0000
0000
0000
0000
0000
0000
0000
0000
0000
0000
0000
0000
0000
0000
0100
0000
ff00
0004
6897
44fc
0000
0000
0000
0000
0000
0000
0000
0000
0000
0000
0000
0000
0000
0000
0004
5cd6
0000
0000
0000
0000
0000
0000
0000
0000
0002
0000
0000
0000
0000
0000
0000
0000
0000
0000
0000
0000
0000
0000
0000
0000
0000
0000
0000
0000
0000
0000
0000
0000
0000
0000
0000
0000
0000
0000
0000
0000
0000
0100
0000
ff00
0004
68b9
44fc
0000
0000
0000
0000
0000
0000
0000
0000
0000
0000
0000
0000
0000
0000
0004
5ed6
0000
0000
0000
0000
0000
0000
0000
0000
0002
0000
0000
0000
0000
0000
0000
0000
0000
0000
0000
0000
0000
0000
0000
0000
0000
0000
0000
0000
0000
0000
0000
0000
0000
0000
0000
0000
0000
0000
0000
0000
0000
0100
0000
ff00
0004
68db
44fc
0004
0000
0000
0000
0000
0000
0000
0000
0000
0000
0000
0000
0000
0000
0004
5fd6
0000
0000
0000
0000
0000
0000
0000
0000
0002
0000
0000
0000
0000
0000
0000
0000
0000
0000
0000
0000
0000
0000
0000
0000
0000
0000
0000
0000
0000
0000
0000
0000
0000
0000
0000
0000
0000
0000
0000
0000
0000
0100
0000
ff00
0004
68fd
203c
0001
0000
223c
0001
0000
0000
0000
0000
0000
0000
0000
0000
0000
0000
000c
4c01
0800
0000
0000
0000
0000
0000
0000
0000
0004
0000
0000
0000
0000
0000
0000
0000
0000
0000
0000
0000
0000
0000
0000
0000
0000
0000
0000
0000
0000
0000
0000
0000
0000
0000
0000
0000
0000
0000
0000
0000
0000
0000
0000
ff00
0004
692b
203c
0001
0000
223c
0001
0000
0000
0000
0000
0000
0000
0000
0000
0000
0000
000c
4c01
0000
0000
0000
0000
0000
0000
0000
0000
0004
0000
0000
0000
0000
0000
0000
0000
0000
0000
0000
0000
0000
0000
0000
0000
0000
0000
0000
0000
0000
0000
0000
0000
0000
0000
0000
0000
0000
0000
0000
0000
0000
0000
0000
ff00
0004
6969
203c
0001
0000
223c
0000
0002
243c
0000
0000
0000
0000
0000
0000
0000
0000
0012
4c41
0c02
0000
0000
0000
0000
0000
0000
0000
0004
0000
0000
0000
0000
0000
0000
0000
0000
0000
0000
0000
0000
0000
0000
0000
0000
0000
0000
0000
0000
0000
0000
0000
0000
0000
0000
0000
0000
0000
0000
0000
0000
0000
0000
ff00
0004
69af
203c
0000
0100
223c
0000
0000
0000
0000
0000
0000
0000
0000
0000
0000
0000
000c
4c41
0800
0000
0000
0000
0000
0000
0000
0000
0004
0000
0000
0000
0000
0000
0000
0000
0000
0000
0000
0000
0000
0000
0000
0000
0000
0000
0000
0000
0000
0000
0000
0000
0000
0000
0000
0000
0000
0000
0000
0000
0000
0000
0100
ff00
0004
69e2
203c
0000
0100
223c
0000
0000
0000
0000
0000
0000
0000
0000
0000
0000
0000
000c
4c41
0000
0000
0000
0000
0000
0000
0000
0000
0004
0000
0000
0000
0000
0000
0000
0000
0000
0000
0000
0000
0000
0000
0000
0000
0000
0000
0000
0000
0000
0000
0000
0000
0000
0000
0000
0000
0000
0000
0000
0000
0000
0000
0100
ff00
0004
6a15
203c
8000
0000
0000
0000
0000
0000
0000
0000
0000
0000
0000
0000
0000
0000
0006
e280
0000
0000
0000
0000
0000
0000
0000
0000
0002
0000
0000
0000
0000
0000
0000
0000
0000
0000
0000
0000
0000
0000
0000
0000
0000
0000
0000
0000
0000
0000
0000
0000
0000
0000
0000
0000
0000
0000
0000
0000
0000
0000
0000
ff00
0004
6a4a
203c
8000
0000
0000
0000
0000
0000
0000
0000
0000
0000
0000
0000
0000
0000
0006
ee80
0000
0000
0000
0000
0000
0000
0000
0000
0002
0000
0000
0000
0000
0000
0000
0000
0000
0000
0000
0000
0000
0000
0000
0000
0000
0000
0000
0000
0000
0000
0000
0000
0000
0000
0000
0000
0000
0000
0000
0000
0000
0000
0000
ff00
0004
6a89
0000
0000
0000
0000
0000
0000
0000
0000
0000
0000
0000
0000
0000
0000
0000
0000
0816
000f
0000
0000
0000
0000
0000
0000
0000
0004
8000
0000
0000
0000
0000
0000
0000
0000
0000
0000
0000
0000
0000
0000
0000
0000
0000
0000
0000
0000
0000
0000
0000
0000
0000
0000
0000
0000
0000
0000
0000
0000
0100
0000
ff00
0004
6aba
203c
aa00
007f
0000
0000
0000
0000
0000
0000
0000
0000
0000
0000
0000
0000
0006
5200
0000
0000
0000
0000
0000
0000
0000
0000
0002
0000
0000
0000
0000
0000
0000
0000
0000
0000
0000
0000
0000
0000
0000
0000
0000
0000
0000
0000
0000
0000
0000
0000
0000
0000
0000
0000
0000
0000
0000
0000
0000
0000
0000
ff00
0004
6ae1
203c
aa00
7fff
0000
0000
0000
0000
0000
0000
0000
0000
0000
0000
0000
0000
0006
5440
0000
0000
0000
0000
0000
0000
0000
0000
0002
0000
0000
0000
0000
0000
0000
0000
0000
0000
0000
0000
0000
0000
0000
0000
0000
0000
0000
0000
0000
0000
0000
0000
0000
0000
0000
0000
0000
0000
0000
0000
0000
0000
0000
ff00
0004
6b0c
203c
aa00
0002
0000
0000
0000
0000
0000
0000
0000
0000
0000
0000
0000
0000
0006
5b40
0000
0000
0000
0000
0000
0000
0000
0000
0002
0000
0000
0000
0000
0000
0000
0000
0000
0000
0000
0000
0000
0000
0000
0000
0000
0000
0000
0000
0000
0000
0000
0000
0000
0000
0000
0000
0000
0000
0000
0000
0000
0000
0000
ff00
0004
6b3f
0000
0000
0000
0000
0000
0000
0000
0000
0000
0000
0000
0000
0000
0000
0000
0000
5816
0000
0000
0000
0000
0000
0000
0000
0000
0002
1000
0000
0000
0000
0000
0000
0000
0000
0000
0000
0000
0000
0000
0000
0000
0000
0000
0000
0000
0000
0000
0000
0000
0000
0000
0000
0000
0000
0000
0000
0000
0000
0100
0000
ff00
0004
6b75
203c
aabb
cc0f
0000
0000
0000
0000
0000
0000
0000
0000
0000
0000
0000
0000
0006
c12e
0004
0000
0000
0000
0000
0000
0000
0000
0004
aabb
ccdd
0000
0000
0000
0000
0000
0000
0000
0000
0000
0000
0000
0000
0000
0000
0000
0000
0000
0000
0000
0000
0000
0000
0000
0000
0000
0000
0000
0000
0000
0000
0100
0000
ff00
0004
6b97
203c
aabb
00ff
43ee
0000
0000
0000
0000
0000
0000
0000
0000
0000
0000
0000
000a
8159
0000
0000
0000
0000
0000
0000
0000
0000
0002
aabb
ccdd
0000
0000
0000
0000
0000
0000
0000
0000
0000
0000
0000
0000
0000
0000
0000
0000
0000
0000
0000
0000
0000
0000
0000
0000
0000
0000
0000
0000
0000
0000
0100
0000
ff00
0004
6bc0
41ee
0008
43ee
0000
0000
0000
0000
0000
0000
0000
0000
0000
0000
0000
0000
0008
20d9
0000
0000
0000
0000
0000
0000
0000
0000
0002
dead
beef
0000
0000
0000
0000
0000
0000
0000
0000
0000
0000
0000
0000
0000
0000
0000
0000
0000
0000
0000
0000
0000
0000
0000
0000
0000
0000
0000
0000
0000
0000
0100
0000
ff00
0004
6bed
203c
cafe
babe
43ee
0008
0000
0000
0000
0000
0000
0000
0000
0000
0000
0000
000a
2300
0000
0000
0000
0000
0000
0000
0000
0000
0002
0000
0000
0000
0000
0000
0000
0000
0000
0000
0000
0000
0000
0000
0000
0000
0000
0000
0000
0000
0000
0000
0000
0000
0000
0000
0000
0000
0000
0000
0000
0000
0000
0100
0000
ff00
0004
6c20
0000
0000
0000
0000
0000
0000
0000
0000
0000
0000
0000
0000
0000
0000
0000
0000
082e
0002
0004
0000
0000
0000
0000
0000
0000
0006
0000
0000
5500
0000
0000
0000
0000
0000
0000
0000
0000
0000
0000
0000
0000
0000
0000
0000
0000
0000
0000
0000
0000
0000
0000
0000
0000
0000
0000
0000
0000
0000
0100
0000
ff00
0004
6c4d
223c
0000
0000
0000
0000
0000
0000
0000
0000
0000
0000
0000
0000
0000
0000
0006
efd6
1008
0000
0000
0000
0000
0000
0000
0000
0004
ffff
0000
0000
0000
0000
0000
0000
0000
0000
0000
0000
0000
0000
0000
0000
0000
0000
0000
0000
0000
0000
0000
0000
0000
0000
0000
0000
0000
0000
0000
0000
0000
0100
0000
ff00
0004
6c78
0000
0000
0000
0000
0000
0000
0000
0000
0000
0000
0000
0000
0000
0000
0000
0000
ecd6
0010
0000
0000
0000
0000
0000
0000
0000
0004
ffff
0000
0000
0000
0000
0000
0000
0000
0000
0000
0000
0000
0000
0000
0000
0000
0000
0000
0000
0000
0000
0000
0000
0000
0000
0000
0000
0000
0000
0000
0000
0000
0100
0000
ff00
0004
6ca5
203c
0000
0002
0000
0000
0000
0000
0000
0000
0000
0000
0000
0000
0000
0000
0006
43f6
0004
0000
0000
0000
0000
0000
0000
0000
0004
0000
0000
0000
0000
0000
0000
0000
0000
0000
0000
0000
0000
0000
0000
0000
0000
0000
0000
0000
0000
0000
0000
0000
0000
0000
0000
0000
0000
0000
0000
0000
0000
0000
0000
ff00
0004
6ccf
41ee
0020
43ee
0000
0000
0000
0000
0000
0000
0000
0000
0000
0000
0000
0000
0008
90d1
0000
0000
0000
0000
0000
0000
0000
0000
0002
0010
0000
0000
0000
0000
0000
0000
0000
0000
0000
0000
0000
0000
0000
0000
0000
0000
0000
0000
0000
0000
0000
0000
0000
0000
0000
0000
0000
0000
0000
0000
0000
0100
0000
ff00
0004
6d18
203c
1111
1111
2e3c
7777
7777
0000
0000
0000
0000
0000
0000
0000
0000
0000
000c
cf40
0000
0000
0000
0000
0000
0000
0000
0000
0002
0000
0000
0000
0000
0000
0000
0000
0000
0000
0000
0000
0000
0000
0000
0000
0000
0000
0000
0000
0000
0000
0000
0000
0000
0000
0000
0000
0000
0000
0000
0000
0000
0000
0000
ff00
0004
6d36
243c
1234
5678
4bee
0010
0000
0000
0000
0000
0000
0000
0000
0000
0000
0000
000a
c58d
0000
0000
0000
0000
0000
0000
0000
0000
0002
0000
0000
0000
0000
0000
0000
0000
0000
0000
0000
0000
0000
0000
0000
0000
0000
0000
0000
0000
0000
0000
0000
0000
0000
0000
0000
0000
0000
0000
0000
0000
0000
0000
0000
ff00
0004
6d61
41ee
0010
0000
0000
0000
0000
0000
0000
0000
0000
0000
0000
0000
0000
0000
0004
d1fc
0000
0100
0000
0000
0000
0000
0000
0000
0006
0000
0000
0000
0000
0000
0000
0000
0000
0000
0000
0000
0000
0000
0000
0000
0000
0000
0000
0000
0000
0000
0000
0000
0000
0000
0000
0000
0000
0000
0000
0000
0000
0000
0000
ff00
0004
6da5
0000
0000
0000
0000
0000
0000
0000
0000
0000
0000
0000
0000
0000
0000
0000
0000
4aee
0002
0000
0000
0000
0000
0000
0000
0000
0004
0000
0000
0000
0000
0000
0000
0000
0000
0000
0000
0000
0000
0000
0000
0000
0000
0000
0000
0000
0000
0000
0000
0000
0000
0000
0000
0000
0000
0000
0000
0000
0000
0100
0000
ff00
0004
6dcb
0000
0000
0000
0000
0000
0000
0000
0000
0000
0000
0000
0000
0000
0000
0000
0000
4aba
0004
6004
8000
0001
0000
0000
0000
0000
000a
0000
0000
0000
0000
0000
0000
0000
0000
0000
0000
0000
0000
0000
0000
0000
0000
0000
0000
0000
0000
0000
0000
0000
0000
0000
0000
0000
0000
0000
0000
0000
0000
0000
0000
ff00
0004
6df2
0000
0000
0000
0000
0000
0000
0000
0000
0000
0000
0000
0000
0000
0000
0000
0000
4e71
4e71
4e71
4e71
0000
0000
0000
0000
0000
0008
0000
0000
0000
0000
0000
0000
0000
0000
0000
0000
0000
0000
0000
0000
0000
0000
0000
0000
0000
0000
0000
0000
0000
0000
0000
0000
0000
0000
0000
0000
0000
0000
0000
0000
ff00
0004
6e22
203c
1234
0fe0
44fc
0010
0000
0000
0000
0000
0000
0000
0000
0000
0000
0000
000a
e750
0000
0000
0000
0000
0000
0000
0000
0000
0002
0000
0000
0000
0000
0000
0000
0000
0000
0000
0000
0000
0000
0000
0000
0000
0000
0000
0000
0000
0000
0000
0000
0000
0000
0000
0000
0000
0000
0000
0000
0000
0000
0000
0000
ff00
0004
6e44
203c
aabb
cc81
0000
0000
0000
0000
0000
0000
0000
0000
0000
0000
0000
0000
0006
eb10
0000
0000
0000
0000
0000
0000
0000
0000
0002
0000
0000
0000
0000
0000
0000
0000
0000
0000
0000
0000
0000
0000
0000
0000
0000
0000
0000
0000
0000
0000
0000
0000
0000
0000
0000
0000
0000
0000
0000
0000
0000
0000
0000
ff00
0004
6e62
203c
1234
0fe0
44fc
0010
0000
0000
0000
0000
0000
0000
0000
0000
0000
0000
000a
e650
0000
0000
0000
0000
0000
0000
0000
0000
0002
0000
0000
0000
0000
0000
0000
0000
0000
0000
0000
0000
0000
0000
0000
0000
0000
0000
0000
0000
0000
0000
0000
0000
0000
0000
0000
0000
0000
0000
0000
0000
0000
0000
0000
ff00
0004
6e84
203c
aabb
cc81
0000
0000
0000
0000
0000
0000
0000
0000
0000
0000
0000
0000
0006
ea10
0000
0000
0000
0000
0000
0000
0000
0000
0002
0000
0000
0000
0000
0000
0000
0000
0000
0000
0000
0000
0000
0000
0000
0000
0000
0000
0000
0000
0000
0000
0000
0000
0000
0000
0000
0000
0000
0000
0000
0000
0000
0000
0000
ff00
0004
6ea2
203c
1234
0fe0
44fc
0010
0000
0000
0000
0000
0000
0000
0000
0000
0000
0000
000a
e758
0000
0000
0000
0000
0000
0000
0000
0000
0002
0000
0000
0000
0000
0000
0000
0000
0000
0000
0000
0000
0000
0000
0000
0000
0000
0000
0000
0000
0000
0000
0000
0000
0000
0000
0000
0000
0000
0000
0000
0000
0000
0000
0000
ff00
0004
6ec3
203c
aabb
cc81
0000
0000
0000
0000
0000
0000
0000
0000
0000
0000
0000
0000
0006
eb18
0000
0000
0000
0000
0000
0000
0000
0000
0002
0000
0000
0000
0000
0000
0000
0000
0000
0000
0000
0000
0000
0000
0000
0000
0000
0000
0000
0000
0000
0000
0000
0000
0000
0000
0000
0000
0000
0000
0000
0000
0000
0000
0000
ff00
0004
6ee0
203c
1234
0fe0
44fc
0010
0000
0000
0000
0000
0000
0000
0000
0000
0000
0000
000a
e658
0000
0000
0000
0000
0000
0000
0000
0000
0002
0000
0000
0000
0000
0000
0000
0000
0000
0000
0000
0000
0000
0000
0000
0000
0000
0000
0000
0000
0000
0000
0000
0000
0000
0000
0000
0000
0000
0000
0000
0000
0000
0000
0000
ff00
0004
6f01
203c
aabb
cc81
0000
0000
0000
0000
0000
0000
0000
0000
0000
0000
0000
0000
0006
ea18
0000
0000
0000
0000
0000
0000
0000
0000
0002
0000
0000
0000
0000
0000
0000
0000
0000
0000
0000
0000
0000
0000
0000
0000
0000
0000
0000
0000
0000
0000
0000
0000
0000
0000
0000
0000
0000
0000
0000
0000
0000
0000
0000
ff00
0004
6f1e
203c
1234
5640
223c
0000
0002
0000
0000
0000
0000
0000
0000
0000
0000
0000
000c
e320
0000
0000
0000
0000
0000
0000
0000
0000
0002
0000
0000
0000
0000
0000
0000
0000
0000
0000
0000
0000
0000
0000
0000
0000
0000
0000
0000
0000
0000
0000
0000
0000
0000
0000
0000
0000
0000
0000
0000
0000
0000
0000
0000
ff00
0004
6f47
203c
1234
5680
223c
0000
0001
0000
0000
0000
0000
0000
0000
0000
0000
0000
000c
e228
0000
0000
0000
0000
0000
0000
0000
0000
0002
0000
0000
0000
0000
0000
0000
0000
0000
0000
0000
0000
0000
0000
0000
0000
0000
0000
0000
0000
0000
0000
0000
0000
0000
0000
0000
0000
0000
0000
0000
0000
0000
0000
0000
ff00
0004
6f6c
203c
0000
0008
223c
0000
0005
0000
0000
0000
0000
0000
0000
0000
0000
0000
000c
c101
0000
0000
0000
0000
0000
0000
0000
0000
0002
0000
0000
0000
0000
0000
0000
0000
0000
0000
0000
0000
0000
0000
0000
0000
0000
0000
0000
0000
0000
0000
0000
0000
0000
0000
0000
0000
0000
0000
0000
0000
0000
0000
0000
ff00
0004
6fa8
203c
0000
0050
223c
0000
0060
0000
0000
0000
0000
0000
0000
0000
0000
0000
000c
c101
0000
0000
0000
0000
0000
0000
0000
0000
0002
0000
0000
0000
0000
0000
0000
0000
0000
0000
0000
0000
0000
0000
0000
0000
0000
0000
0000
0000
0000
0000
0000
0000
0000
0000
0000
0000
0000
0000
0000
0000
0000
0000
0000
ff00
0004
6fe5
203c
0000
0010
223c
0000
0005
0000
0000
0000
0000
0000
0000
0000
0000
0000
000c
8101
0000
0000
0000
0000
0000
0000
0000
0000
0002
0000
0000
0000
0000
0000
0000
0000
0000
0000
0000
0000
0000
0000
0000
0000
0000
0000
0000
0000
0000
0000
0000
0000
0000
0000
0000
0000
0000
0000
0000
0000
0000
0000
0000
ff00
0004
7016
203c
0000
0005
223c
0000
0010
44fc
0010
0000
0000
0000
0000
0000
0000
0000
0010
8101
0000
0000
0000
0000
0000
0000
0000
0000
0002
0000
0000
0000
0000
0000
0000
0000
0000
0000
0000
0000
0000
0000
0000
0000
0000
0000
0000
0000
0000
0000
0000
0000
0000
0000
0000
0000
0000
0000
0000
0000
0000
0000
0000
ff00
0004
7054
203c
0000
0000
0000
0000
0000
0000
0000
0000
0000
0000
0000
0000
0000
0000
0006
4800
0000
0000
0000
0000
0000
0000
0000
0000
0002
0000
0000
0000
0000
0000
0000
0000
0000
0000
0000
0000
0000
0000
0000
0000
0000
0000
0000
0000
0000
0000
0000
0000
0000
0000
0000
0000
0000
0000
0000
0000
0000
0000
0000
f500
0004
706c
203c
0000
0099
0000
0000
0000
0000
0000
0000
0000
0000
0000
0000
0000
0000
0006
4800
0000
0000
0000
0000
0000
0000
0000
0000
0002
0000
0000
0000
0000
0000
0000
0000
0000
0000
0000
0000
0000
0000
0000
0000
0000
0000
0000
0000
0000
0000
0000
0000
0000
0000
0000
0000
0000
0000
0000
0000
0000
0000
0000
f500
0004
7084
203c
0000
0001
0000
0000
0000
0000
0000
0000
0000
0000
0000
0000
0000
0000
0006
4800
0000
0000
0000
0000
0000
0000
0000
0000
0002
0000
0000
0000
0000
0000
0000
0000
0000
0000
0000
0000
0000
0000
0000
0000
0000
0000
0000
0000
0000
0000
0000
0000
0000
0000
0000
0000
0000
0000
0000
0000
0000
0000
0000
f500
0004
709c
203c
0000
0001
0000
0000
0000
0000
0000
0000
0000
0000
0000
0000
0000
0000
0006
edc0
1000
0000
0000
0000
0000
0000
0000
0000
0004
0000
0000
0000
0000
0000
0000
0000
0000
0000
0000
0000
0000
0000
0000
0000
0000
0000
0000
0000
0000
0000
0000
0000
0000
0000
0000
0000
0000
0000
0000
0000
0000
0000
0000
ff00
0004
70c4
203c
8000
0000
0000
0000
0000
0000
0000
0000
0000
0000
0000
0000
0000
0000
0006
edc0
1000
0000
0000
0000
0000
0000
0000
0000
0004
0000
0000
0000
0000
0000
0000
0000
0000
0000
0000
0000
0000
0000
0000
0000
0000
0000
0000
0000
0000
0000
0000
0000
0000
0000
0000
0000
0000
0000
0000
0000
0000
0000
0000
ff00
0004
70ed
203c
ffff
ffff
0000
0000
0000
0000
0000
0000
0000
0000
0000
0000
0000
0000
0006
edc0
1000
0000
0000
0000
0000
0000
0000
0000
0004
0000
0000
0000
0000
0000
0000
0000
0000
0000
0000
0000
0000
0000
0000
0000
0000
0000
0000
0000
0000
0000
0000
0000
0000
0000
0000
0000
0000
0000
0000
0000
0000
0000
0000
ff00
0004
7114
203c
0000
0000
0000
0000
0000
0000
0000
0000
0000
0000
0000
0000
0000
0000
0006
edc0
1000
0000
0000
0000
0000
0000
0000
0000
0004
0000
0000
0000
0000
0000
0000
0000
0000
0000
0000
0000
0000
0000
0000
0000
0000
0000
0000
0000
0000
0000
0000
0000
0000
0000
0000
0000
0000
0000
0000
0000
0000
0000
0000
ff00
0004
713c
0000
0000
0000
0000
0000
0000
0000
0000
0000
0000
0000
0000
0000
0000
0000
0000
2236
09f0
0000
1800
0000
0000
0000
0000
0000
0008
abcd
ef01
0000
0000
0000
0000
0000
0000
0000
0000
0000
0000
0000
0000
0000
0000
0000
0000
0000
0000
0000
0000
0000
0000
0000
0000
0000
0000
0000
0000
0000
0000
0100
0000
ff00
0004
7171
0000
0000
0000
0000
0000
0000
0000
0000
0000
0000
0000
0000
0000
0000
0000
0000
2236
0160
0004
0000
0000
0000
0000
0000
0000
0006
0000
0000
1122
3344
0000
0000
0000
0000
0000
0000
0000
0000
0000
0000
0000
0000
0000
0000
0000
0000
0000
0000
0000
0000
0000
0000
0000
0000
0000
0000
0000
0000
0100
0000
ff00
0004
71ac
0000
0000
0000
0000
0000
0000
0000
0000
0000
0000
0000
0000
0000
0000
0000
0000
08ee
0001
0004
0000
0000
0000
0000
0000
0000
0006
0000
0000
5500
0000
0000
0000
0000
0000
0000
0000
0000
0000
0000
0000
0000
0000
0000
0000
0000
0000
0000
0000
0000
0000
0000
0000
0000
0000
0000
0000
0000
0000
0100
0000
ff00
0004
71d8
0000
0000
0000
0000
0000
0000
0000
0000
0000
0000
0000
0000
0000
0000
0000
0000
08ae
0006
0004
0000
0000
0000
0000
0000
0000
0006
0000
0000
5500
0000
0000
0000
0000
0000
0000
0000
0000
0000
0000
0000
0000
0000
0000
0000
0000
0000
0000
0000
0000
0000
0000
0000
0000
0000
0000
0000
0000
0000
0100
0000
ff00
0004
7204
0000
0000
0000
0000
0000
0000
0000
0000
0000
0000
0000
0000
0000
0000
0000
0000
086e
0003
0004
0000
0000
0000
0000
0000
0000
0006
0000
0000
5500
0000
0000
0000
0000
0000
0000
0000
0000
0000
0000
0000
0000
0000
0000
0000
0000
0000
0000
0000
0000
0000
0000
0000
0000
0000
0000
0000
0000
0000
0100
0000
ff00
0004
7230
0000
0000
0000
0000
0000
0000
0000
0000
0000
0000
0000
0000
0000
0000
0000
0000
2cbc
1234
5678
0000
0000
0000
0000
0000
0000
0006
0000
0000
0000
0000
0000
0000
0000
0000
0000
0000
0000
0000
0000
0000
0000
0000
0000
0000
0000
0000
0000
0000
0000
0000
0000
0000
0000
0000
0000
0000
0000
0000
0000
0000
ff00
0004
7262
0000
0000
0000
0000
0000
0000
0000
0000
0000
0000
0000
0000
0000
0000
0000
0000
3d7c
cafe
0008
0000
0000
0000
0000
0000
0000
0006
0000
0000
0000
0000
0000
0000
0000
0000
0000
0000
0000
0000
0000
0000
0000
0000
0000
0000
0000
0000
0000
0000
0000
0000
0000
0000
0000
0000
0000
0000
0000
0000
0000
0000
ff00
0004
728d
203c
0000
0005
223c
0000
000a
0000
0000
0000
0000
0000
0000
0000
0000
0000
000c
4101
0000
0000
0000
0000
0000
0000
0000
0000
0002
0000
0000
0000
0000
0000
0000
0000
0000
0000
0000
0000
0000
0000
0000
0000
0000
0000
0000
0000
0000
0000
0000
0000
0000
0000
0000
0000
0000
0000
0000
0000
0000
0000
0000
ff00
0004
72ba
203c
0000
0014
223c
0000
000a
0000
0000
0000
0000
0000
0000
0000
0000
0000
000c
4101
0000
0000
0000
0000
0000
0000
0000
0000
0002
0000
0000
0000
0000
0000
0000
0000
0000
0000
0000
0000
0000
0000
0000
0000
0000
0000
0000
0000
0000
0000
0000
0000
0000
0000
0000
0000
0000
0000
0000
0000
0000
0000
0100
ff00
0004
72e9
0000
0000
0000
0000
0000
0000
0000
0000
0000
0000
0000
0000
0000
0000
0000
0000
51fc
0000
0000
0000
0000
0000
0000
0000
0000
0002
0000
0000
0000
0000
0000
0000
0000
0000
0000
0000
0000
0000
0000
0000
0000
0000
0000
0000
0000
0000
0000
0000
0000
0000
0000
0000
0000
0000
0000
0000
0000
0000
0000
0000
ff00
0004
7307
0000
0000
0000
0000
0000
0000
0000
0000
0000
0000
0000
0000
0000
0000
0000
0000
50fc
0000
0000
0000
0000
0000
0000
0000
0000
0002
0000
0000
0000
0000
0000
0000
0000
0000
0000
0000
0000
0000
0000
0000
0000
0000
0000
0000
0000
0000
0000
0000
0000
0000
0000
0000
0000
0000
0000
0000
0000
0000
0000
0100
ff00
0004
7331
0000
0000
0000
0000
0000
0000
0000
0000
0000
0000
0000
0000
0000
0000
0000
0000
51fa
0000
0000
0000
0000
0000
0000
0000
0000
0004
0000
0000
0000
0000
0000
0000
0000
0000
0000
0000
0000
0000
0000
0000
0000
0000
0000
0000
0000
0000
0000
0000
0000
0000
0000
0000
0000
0000
0000
0000
0000
0000
0000
0000
ff00
0004
7347
0000
0000
0000
0000
0000
0000
0000
0000
0000
0000
0000
0000
0000
0000
0000
0000
51fb
0000
0000
0000
0000
0000
0000
0000
0000
0006
0000
0000
0000
0000
0000
0000
0000
0000
0000
0000
0000
0000
0000
0000
0000
0000
0000
0000
0000
0000
0000
0000
0000
0000
0000
0000
0000
0000
0000
0000
0000
0000
0000
0000
ff00
0004
735d
203c
1234
0056
0000
0000
0000
0000
0000
0000
0000
0000
0000
0000
0000
0000
0006
0040
ff00
0000
0000
0000
0000
0000
0000
0000
0004
0000
0000
0000
0000
0000
0000
0000
0000
0000
0000
0000
0000
0000
0000
0000
0000
0000
0000
0000
0000
0000
0000
0000
0000
0000
0000
0000
0000
0000
0000
0000
0000
0000
0000
ff00
0004
738d
203c
1234
5678
0000
0000
0000
0000
0000
0000
0000
0000
0000
0000
0000
0000
0006
0200
00f0
0000
0000
0000
0000
0000
0000
0000
0004
0000
0000
0000
0000
0000
0000
0000
0000
0000
0000
0000
0000
0000
0000
0000
0000
0000
0000
0000
0000
0000
0000
0000
0000
0000
0000
0000
0000
0000
0000
0000
0000
0000
0000
ff00
0004
73bc
203c
1234
1234
0000
0000
0000
0000
0000
0000
0000
0000
0000
0000
0000
0000
0006
0a40
ffff
0000
0000
0000
0000
0000
0000
0000
0004
0000
0000
0000
0000
0000
0000
0000
0000
0000
0000
0000
0000
0000
0000
0000
0000
0000
0000
0000
0000
0000
0000
0000
0000
0000
0000
0000
0000
0000
0000
0000
0000
0000
0000
ff00
0004
73e7
203c
0000
0002
0000
0000
0000
0000
0000
0000
0000
0000
0000
0000
0000
0000
0006
43f6
0120
0010
0000
0000
0000
0000
0000
0000
0006
0000
0000
0000
0000
0000
0000
0000
0000
0000
0000
0000
0000
0000
0000
0000
0000
0000
0000
0000
0000
0000
0000
0000
0000
0000
0000
0000
0000
0000
0000
0000
0000
0000
0000
ff00
0004
741d
41ee
0000
0000
0000
0000
0000
0000
0000
0000
0000
0000
0000
0000
0000
0000
0004
c14f
0000
0000
0000
0000
0000
0000
0000
0000
0002
0000
0000
0000
0000
0000
0000
0000
0000
0000
0000
0000
0000
0000
0000
0000
0000
0000
0000
0000
0000
0000
0000
0000
0000
0000
0000
0000
0000
0000
0000
0000
0000
0000
0000
ff00
0004
7451
203c
0000
0000
2e3c
aabb
ccdd
0000
0000
0000
0000
0000
0000
0000
0000
0000
000c
c147
0000
0000
0000
0000
0000
0000
0000
0000
0002
0000
0000
0000
0000
0000
0000
0000
0000
0000
0000
0000
0000
0000
0000
0000
0000
0000
0000
0000
0000
0000
0000
0000
0000
0000
0000
0000
0000
0000
0000
0000
0000
0000
0000
ff00
0004
7469
0000
0000
0000
0000
0000
0000
0000
0000
0000
0000
0000
0000
0000
0000
0000
0000
200e
0000
0000
0000
0000
0000
0000
0000
0000
0002
0000
0000
0000
0000
0000
0000
0000
0000
0000
0000
0000
0000
0000
0000
0000
0000
0000
0000
0000
0000
0000
0000
0000
0000
0000
0000
0000
0000
0000
0000
0000
0000
0000
0000
ff00
0004
748c
203c
abcd
ef12
0000
0000
0000
0000
0000
0000
0000
0000
0000
0000
0000
0000
0006
2240
0000
0000
0000
0000
0000
0000
0000
0000
0002
0000
0000
0000
0000
0000
0000
0000
0000
0000
0000
0000
0000
0000
0000
0000
0000
0000
0000
0000
0000
0000
0000
0000
0000
0000
0000
0000
0000
0000
0000
0000
0000
0000
0000
ff00
0004
74b1
203c
aabb
cc42
0000
0000
0000
0000
0000
0000
0000
0000
0000
0000
0000
0000
0006
b016
0000
0000
0000
0000
0000
0000
0000
0000
0002
4200
0000
0000
0000
0000
0000
0000
0000
0000
0000
0000
0000
0000
0000
0000
0000
0000
0000
0000
0000
0000
0000
0000
0000
0000
0000
0000
0000
0000
0000
0000
0000
0100
0000
ff00
0004
74e0
203c
aabb
ccfe
223c
0000
0002
0000
0000
0000
0000
0000
0000
0000
0000
0000
000c
d101
0000
0000
0000
0000
0000
0000
0000
0000
0002
0000
0000
0000
0000
0000
0000
0000
0000
0000
0000
0000
0000
0000
0000
0000
0000
0000
0000
0000
0000
0000
0000
0000
0000
0000
0000
0000
0000
0000
0000
0000
0000
0000
0000
ff00
0004
7514
203c
1234
1000
223c
aabb
0fff
44fc
0010
0000
0000
0000
0000
0000
0000
0000
0010
9141
0000
0000
0000
0000
0000
0000
0000
0000
0002
0000
0000
0000
0000
0000
0000
0000
0000
0000
0000
0000
0000
0000
0000
0000
0000
0000
0000
0000
0000
0000
0000
0000
0000
0000
0000
0000
0000
0000
0000
0000
0000
0000
0000
ff00
0004
754f
203c
aabb
4000
0000
0000
0000
0000
0000
0000
0000
0000
0000
0000
0000
0000
0006
e340
0000
0000
0000
0000
0000
0000
0000
0000
0002
0000
0000
0000
0000
0000
0000
0000
0000
0000
0000
0000
0000
0000
0000
0000
0000
0000
0000
0000
0000
0000
0000
0000
0000
0000
0000
0000
0000
0000
0000
0000
0000
0000
0000
ff00
0004
757c
203c
aabb
0001
0000
0000
0000
0000
0000
0000
0000
0000
0000
0000
0000
0000
0006
e240
0000
0000
0000
0000
0000
0000
0000
0000
0002
0000
0000
0000
0000
0000
0000
0000
0000
0000
0000
0000
0000
0000
0000
0000
0000
0000
0000
0000
0000
0000
0000
0000
0000
0000
0000
0000
0000
0000
0000
0000
0000
0000
0000
ff00
0004
75ab
203c
0000
0000
0000
0000
0000
0000
0000
0000
0000
0000
0000
0000
0000
0000
0006
e8c0
0000
0000
0000
0000
0000
0000
0000
0000
0004
0000
0000
0000
0000
0000
0000
0000
0000
0000
0000
0000
0000
0000
0000
0000
0000
0000
0000
0000
0000
0000
0000
0000
0000
0000
0000
0000
0000
0000
0000
0000
0000
0000
0000
ff00
0004
75c7
203c
ffff
ffff
0000
0000
0000
0000
0000
0000
0000
0000
0000
0000
0000
0000
0006
e8c0
0001
0000
0000
0000
0000
0000
0000
0000
0004
0000
0000
0000
0000
0000
0000
0000
0000
0000
0000
0000
0000
0000
0000
0000
0000
0000
0000
0000
0000
0000
0000
0000
0000
0000
0000
0000
0000
0000
0000
0000
0000
0000
0000
ff00
0004
75fd
203c
aabb
ccff
43ee
0004
0000
0000
0000
0000
0000
0000
0000
0000
0000
0000
000a
1300
0000
0000
0000
0000
0000
0000
0000
0000
0002
0000
0000
0000
0000
0000
0000
0000
0000
0000
0000
0000
0000
0000
0000
0000
0000
0000
0000
0000
0000
0000
0000
0000
0000
0000
0000
0000
0000
0000
0000
0000
0000
0100
0000
ff00
0004
7634
203c
aabb
fedc
43ee
0004
0000
0000
0000
0000
0000
0000
0000
0000
0000
0000
000a
3300
0000
0000
0000
0000
0000
0000
0000
0000
0002
0000
0000
0000
0000
0000
0000
0000
0000
0000
0000
0000
0000
0000
0000
0000
0000
0000
0000
0000
0000
0000
0000
0000
0000
0000
0000
0000
0000
0000
0000
0000
0000
0100
0000
ff00
0004
766b
203c
0000
0000
223c
0001
0000
243c
0000
0001
0000
0000
0000
0000
0000
0000
0012
4c41
0402
0000
0000
0000
0000
0000
0000
0000
0004
0000
0000
0000
0000
0000
0000
0000
0000
0000
0000
0000
0000
0000
0000
0000
0000
0000
0000
0000
0000
0000
0000
0000
0000
0000
0000
0000
0000
0000
0000
0000
0000
0000
0000
ff00
0004
76b1
43ee
0000
0000
0000
0000
0000
0000
0000
0000
0000
0000
0000
0000
0000
0000
0004
32bc
dead
0000
0000
0000
0000
0000
0000
0000
0004
0000
0000
0000
0000
0000
0000
0000
0000
0000
0000
0000
0000
0000
0000
0000
0000
0000
0000
0000
0000
0000
0000
0000
0000
0000
0000
0000
0000
0000
0000
0000
0000
0100
0000
ff00
0004
76d1
0000
0000
0000
0000
0000
0000
0000
0000
0000
0000
0000
0000
0000
0000
0000
0000
0016
00f0
0000
0000
0000
0000
0000
0000
0000
0004
1000
0000
0000
0000
0000
0000
0000
0000
0000
0000
0000
0000
0000
0000
0000
0000
0000
0000
0000
0000
0000
0000
0000
0000
0000
0000
0000
0000
0000
0000
0000
0000
0100
0000
ff00
0004
76f9
0000
0000
0000
0000
0000
0000
0000
0000
0000
0000
0000
0000
0000
0000
0000
0000
0216
000f
0000
0000
0000
0000
0000
0000
0000
0004
1000
0000
0000
0000
0000
0000
0000
0000
0000
0000
0000
0000
0000
0000
0000
0000
0000
0000
0000
0000
0000
0000
0000
0000
0000
0000
0000
0000
0000
0000
0000
0000
0100
0000
ff00
0004
7727
43ee
0004
0000
0000
0000
0000
0000
0000
0000
0000
0000
0000
0000
0000
0000
0004
e3e1
0000
0000
0000
0000
0000
0000
0000
0000
0002
0000
4001
0000
0000
0000
0000
0000
0000
0000
0000
0000
0000
0000
0000
0000
0000
0000
0000
0000
0000
0000
0000
0000
0000
0000
0000
0000
0000
0000
0000
0000
0000
0100
0000
ff00
0004
776f
43ee
0000
0000
0000
0000
0000
0000
0000
0000
0000
0000
0000
0000
0000
0000
0004
08d9
0004
0000
0000
0000
0000
0000
0000
0000
0004
8000
0000
0000
0000
0000
0000
0000
0000
0000
0000
0000
0000
0000
0000
0000
0000
0000
0000
0000
0000
0000
0000
0000
0000
0000
0000
0000
0000
0000
0000
0000
0000
0100
0000
ff00
0004
77a6
203c
dead
beef
0000
0000
0000
0000
0000
0000
0000
0000
0000
0000
0000
0000
0006
2200
2401
0000
0000
0000
0000
0000
0000
0000
0004
0000
0000
0000
0000
0000
0000
0000
0000
0000
0000
0000
0000
0000
0000
0000
0000
0000
0000
0000
0000
0000
0000
0000
0000
0000
0000
0000
0000
0000
0000
0000
0000
0000
0000
ff00
0004
77ca
0000
0000
0000
0000
0000
0000
0000
0000
0000
0000
0000
0000
0000
0000
0000
0000
2236
0166
0000
0004
0000
0000
0000
0000
0000
0008
0000
1808
0000
0000
0000
0000
feed
face
0000
0000
0000
0000
0000
0000
0000
0000
0000
0000
0000
0000
0000
0000
0000
0000
0000
0000
0000
0000
0000
0000
0000
0000
0100
0000
ff00
0004
780a
203c
7fff
ffff
0000
0000
0000
0000
0000
0000
0000
0000
0000
0000
0000
0000
0006
e380
0000
0000
0000
0000
0000
0000
0000
0000
0002
0000
0000
0000
0000
0000
0000
0000
0000
0000
0000
0000
0000
0000
0000
0000
0000
0000
0000
0000
0000
0000
0000
0000
0000
0000
0000
0000
0000
0000
0000
0000
0000
0000
0000
ff00
0004
7842
2a3c
cafe
babe
4bee
0010
0000
0000
0000
0000
0000
0000
0000
0000
0000
0000
000a
cb8d
0000
0000
0000
0000
0000
0000
0000
0000
0002
0000
0000
0000
0000
0000
0000
0000
0000
0000
0000
0000
0000
0000
0000
0000
0000
0000
0000
0000
0000
0000
0000
0000
0000
0000
0000
0000
0000
0000
0000
0000
0000
0000
0000
ff00
0004
786d
203c
0000
0002
0000
0000
0000
0000
0000
0000
0000
0000
0000
0000
0000
0000
0006
2236
0b21
0000
0000
0000
0000
0000
0000
0000
0006
0000
0000
0000
1810
0000
0000
0000
0000
face
feed
0000
0000
0000
0000
0000
0000
0000
0000
0000
0000
0000
0000
0000
0000
0000
0000
0000
0000
0000
0000
0000
0000
0100
0000
ff00
0004
78a5
203c
0000
0002
0000
0000
0000
0000
0000
0000
0000
0000
0000
0000
0000
0000
0006
2236
0b23
0000
0000
0004
0000
0000
0000
0000
000a
0000
0000
0000
1810
0000
0000
0000
0000
0000
0000
baad
f00d
0000
0000
0000
0000
0000
0000
0000
0000
0000
0000
0000
0000
0000
0000
0000
0000
0000
0000
0000
0000
0100
0000
ff00
0004
78dd
203c
0000
0004
0000
0000
0000
0000
0000
0000
0000
0000
0000
0000
0000
0000
0006
2236
0b25
0000
0000
0000
0000
0000
0000
0000
0006
0000
1808
0000
0000
0000
0000
0000
0000
face
feed
0000
0000
0000
0000
0000
0000
0000
0000
0000
0000
0000
0000
0000
0000
0000
0000
0000
0000
0000
0000
0000
0000
0100
0000
ff00
0004
7916
0000
0000
0000
0000
0000
0000
0000
0000
0000
0000
0000
0000
0000
0000
0000
0000
50fa
0000
0000
0000
0000
0000
0000
0000
0000
0004
0000
0000
0000
0000
0000
0000
0000
0000
0000
0000
0000
0000
0000
0000
0000
0000
0000
0000
0000
0000
0000
0000
0000
0000
0000
0000
0000
0000
0000
0000
0000
0000
0000
0100
ff00
0004
793c
0000
0000
0000
0000
0000
0000
0000
0000
0000
0000
0000
0000
0000
0000
0000
0000
50fb
0000
0000
0000
0000
0000
0000
0000
0000
0006
0000
0000
0000
0000
0000
0000
0000
0000
0000
0000
0000
0000
0000
0000
0000
0000
0000
0000
0000
0000
0000
0000
0000
0000
0000
0000
0000
0000
0000
0000
0000
0000
0000
0100
ff00
0004
7962
44fc
0004
0000
0000
0000
0000
0000
0000
0000
0000
0000
0000
0000
0000
0000
0004
57fc
0000
0000
0000
0000
0000
0000
0000
0000
0002
0000
0000
0000
0000
0000
0000
0000
0000
0000
0000
0000
0000
0000
0000
0000
0000
0000
0000
0000
0000
0000
0000
0000
0000
0000
0000
0000
0000
0000
0000
0000
0000
0000
0100
ff00
0004
7986
44fc
0004
0000
0000
0000
0000
0000
0000
0000
0000
0000
0000
0000
0000
0000
0004
56fc
0000
0000
0000
0000
0000
0000
0000
0000
0002
0000
0000
0000
0000
0000
0000
0000
0000
0000
0000
0000
0000
0000
0000
0000
0000
0000
0000
0000
0000
0000
0000
0000
0000
0000
0000
0000
0000
0000
0000
0000
0000
0000
0000
ff00
0004
79a8
43ee
0000
0000
0000
0000
0000
0000
0000
0000
0000
0000
0000
0000
0000
0000
0004
4c99
000f
0000
0000
0000
0000
0000
0000
0000
0004
fffe
0001
8000
7fff
0000
0000
0000
0000
0000
0000
0000
0000
0000
0000
0000
0000
0000
0000
0000
0000
0000
0000
0000
0000
0000
0000
0000
0000
0000
0000
0000
0000
0100
0000
ff00
0004
79dd
203c
aaaa
1111
223c
bbbb
2222
243c
cccc
3333
263c
dddd
4444
43ee
0010
0000
001c
48a1
f000
0000
0000
0000
0000
0000
0000
0000
0004
0000
0000
0000
0000
0000
0000
0000
0000
0000
0000
0000
0000
0000
0000
0000
0000
0000
0000
0000
0000
0000
0000
0000
0000
0000
0000
0000
0000
0000
0000
0000
0000
0000
0000
ff00
0004
7a18
43ee
0002
0000
0000
0000
0000
0000
0000
0000
0000
0000
0000
0000
0000
0000
0004
e1d9
0000
0000
0000
0000
0000
0000
0000
0000
0002
0000
4001
0000
0000
0000
0000
0000
0000
0000
0000
0000
0000
0000
0000
0000
0000
0000
0000
0000
0000
0000
0000
0000
0000
0000
0000
0000
0000
0000
0000
0000
0000
0100
0000
ff00
0004
7a4f
0000
0000
0000
0000
0000
0000
0000
0000
0000
0000
0000
0000
0000
0000
0000
0000
e2ee
0002
0000
0000
0000
0000
0000
0000
0000
0004
0000
4001
0000
0000
0000
0000
0000
0000
0000
0000
0000
0000
0000
0000
0000
0000
0000
0000
0000
0000
0000
0000
0000
0000
0000
0000
0000
0000
0000
0000
0000
0000
0100
0000
ff00
0004
7a79
0000
0000
0000
0000
0000
0000
0000
0000
0000
0000
0000
0000
0000
0000
0000
0000
ebd6
1010
0000
0000
0000
0000
0000
0000
0000
0004
fedc
ba98
0000
0000
0000
0000
0000
0000
0000
0000
0000
0000
0000
0000
0000
0000
0000
0000
0000
0000
0000
0000
0000
0000
0000
0000
0000
0000
0000
0000
0000
0000
0100
0000
ff00
0004
7ab5
223c
0000
005a
0000
0000
0000
0000
0000
0000
0000
0000
0000
0000
0000
0000
0006
efd6
1108
0000
0000
0000
0000
0000
0000
0000
0004
fedc
ba98
0000
0000
0000
0000
0000
0000
0000
0000
0000
0000
0000
0000
0000
0000
0000
0000
0000
0000
0000
0000
0000
0000
0000
0000
0000
0000
0000
0000
0000
0000
0100
0000
ff00
0004
7af0
203c
aabb
8000
0000
0000
0000
0000
0000
0000
0000
0000
0000
0000
0000
0000
0006
0c40
8000
0000
0000
0000
0000
0000
0000
0000
0004
0000
0000
0000
0000
0000
0000
0000
0000
0000
0000
0000
0000
0000
0000
0000
0000
0000
0000
0000
0000
0000
0000
0000
0000
0000
0000
0000
0000
0000
0000
0000
0000
0000
0000
ff00
0004
7b18
203c
aabb
ccff
0000
0000
0000
0000
0000
0000
0000
0000
0000
0000
0000
0000
0006
0c00
00ff
0000
0000
0000
0000
0000
0000
0000
0004
0000
0000
0000
0000
0000
0000
0000
0000
0000
0000
0000
0000
0000
0000
0000
0000
0000
0000
0000
0000
0000
0000
0000
0000
0000
0000
0000
0000
0000
0000
0000
0000
0000
0000
ff00
0004
7b3c
203c
0000
0099
223c
0000
0099
0000
0000
0000
0000
0000
0000
0000
0000
0000
000c
c101
0000
0000
0000
0000
0000
0000
0000
0000
0002
0000
0000
0000
0000
0000
0000
0000
0000
0000
0000
0000
0000
0000
0000
0000
0000
0000
0000
0000
0000
0000
0000
0000
0000
0000
0000
0000
0000
0000
0000
0000
0000
0000
0000
f500
0004
7b69
203c
0000
0000
223c
0000
0000
44fc
0010
0000
0000
0000
0000
0000
0000
0000
0010
c101
0000
0000
0000
0000
0000
0000
0000
0000
0002
0000
0000
0000
0000
0000
0000
0000
0000
0000
0000
0000
0000
0000
0000
0000
0000
0000
0000
0000
0000
0000
0000
0000
0000
0000
0000
0000
0000
0000
0000
0000
0000
0000
0000
ff00
0004
7b92
203c
0000
0000
223c
0000
0000
0000
0000
0000
0000
0000
0000
0000
0000
0000
000c
8101
0000
0000
0000
0000
0000
0000
0000
0000
0002
0000
0000
0000
0000
0000
0000
0000
0000
0000
0000
0000
0000
0000
0000
0000
0000
0000
0000
0000
0000
0000
0000
0000
0000
0000
0000
0000
0000
0000
0000
0000
0000
0000
0000
ff00
0004
7bc7
0000
0000
0000
0000
0000
0000
0000
0000
0000
0000
0000
0000
0000
0000
0000
0000
4a7a
0004
6002
8000
0000
0000
0000
0000
0000
0008
0000
0000
0000
0000
0000
0000
0000
0000
0000
0000
0000
0000
0000
0000
0000
0000
0000
0000
0000
0000
0000
0000
0000
0000
0000
0000
0000
0000
0000
0000
0000
0000
0000
0000
ff00
0004
7bef
0000
0000
0000
0000
0000
0000
0000
0000
0000
0000
0000
0000
0000
0000
0000
0000
4a3a
0004
6002
8000
0000
0000
0000
0000
0000
0008
0000
0000
0000
0000
0000
0000
0000
0000
0000
0000
0000
0000
0000
0000
0000
0000
0000
0000
0000
0000
0000
0000
0000
0000
0000
0000
0000
0000
0000
0000
0000
0000
0000
0000
ff00
0004
7c15
203c
1234
5678
0000
0000
0000
0000
0000
0000
0000
0000
0000
0000
0000
0000
0006
b0ba
0004
6004
1234
5678
0000
0000
0000
0000
000a
0000
0000
0000
0000
0000
0000
0000
0000
0000
0000
0000
0000
0000
0000
0000
0000
0000
0000
0000
0000
0000
0000
0000
0000
0000
0000
0000
0000
0000
0000
0000
0000
0000
0000
ff00
0004
7c50
203c
aabb
cc11
0000
0000
0000
0000
0000
0000
0000
0000
0000
0000
0000
0000
0006
103c
00ff
0000
0000
0000
0000
0000
0000
0000
0004
0000
0000
0000
0000
0000
0000
0000
0000
0000
0000
0000
0000
0000
0000
0000
0000
0000
0000
0000
0000
0000
0000
0000
0000
0000
0000
0000
0000
0000
0000
0000
0000
0000
0000
ff00
0004
7c8b
203c
1234
0000
0000
0000
0000
0000
0000
0000
0000
0000
0000
0000
0000
0000
0006
303c
8000
0000
0000
0000
0000
0000
0000
0000
0004
0000
0000
0000
0000
0000
0000
0000
0000
0000
0000
0000
0000
0000
0000
0000
0000
0000
0000
0000
0000
0000
0000
0000
0000
0000
0000
0000
0000
0000
0000
0000
0000
0000
0000
ff00
0004
7caf
43ee
0000
0000
0000
0000
0000
0000
0000
0000
0000
0000
0000
0000
0000
0000
0004
52d9
0000
0000
0000
0000
0000
0000
0000
0000
0002
0000
0000
0000
0000
0000
0000
0000
0000
0000
0000
0000
0000
0000
0000
0000
0000
0000
0000
0000
0000
0000
0000
0000
0000
0000
0000
0000
0000
0000
0000
0000
0000
0100
0000
ff00
0004
7ce7
43ee
0002
44fc
0001
0000
0000
0000
0000
0000
0000
0000
0000
0000
0000
0000
0008
55e1
0000
0000
0000
0000
0000
0000
0000
0000
0002
0000
0000
0000
0000
0000
0000
0000
0000
0000
0000
0000
0000
0000
0000
0000
0000
0000
0000
0000
0000
0000
0000
0000
0000
0000
0000
0000
0000
0000
0000
0000
0000
0100
0000
ff00
0004
7d28
203c
aabb
ccdd
0000
0000
0000
0000
0000
0000
0000
0000
0000
0000
0000
0000
0006
3039
0000
1804
0000
0000
0000
0000
0000
0000
0006
0000
0000
8000
0000
0000
0000
0000
0000
0000
0000
0000
0000
0000
0000
0000
0000
0000
0000
0000
0000
0000
0000
0000
0000
0000
0000
0000
0000
0000
0000
0000
0000
0100
0000
ff00
0004
7d5d
41ee
0004
43ee
0008
0000
0000
0000
0000
0000
0000
0000
0000
0000
0000
0000
0008
d109
0000
0000
0000
0000
0000
0000
0000
0000
0002
0000
0080
0000
0080
0000
0000
0000
0000
0000
0000
0000
0000
0000
0000
0000
0000
0000
0000
0000
0000
0000
0000
0000
0000
0000
0000
0000
0000
0000
0000
0000
0000
0100
0000
ff00
0004
7d9b
0000
0000
0000
0000
0000
0000
0000
0000
0000
0000
0000
0000
0000
0000
0000
0000
e2d6
0000
0000
0000
0000
0000
0000
0000
0000
0002
0001
0000
0000
0000
0000
0000
0000
0000
0000
0000
0000
0000
0000
0000
0000
0000
0000
0000
0000
0000
0000
0000
0000
0000
0000
0000
0000
0000
0000
0000
0000
0000
0100
0000
ff00
0004
7dc9
0000
0000
0000
0000
0000
0000
0000
0000
0000
0000
0000
0000
0000
0000
0000
0000
4a4e
0000
0000
0000
0000
0000
0000
0000
0000
0002
0000
0000
0000
0000
0000
0000
0000
0000
0000
0000
0000
0000
0000
0000
0000
0000
0000
0000
0000
0000
0000
0000
0000
0000
0000
0000
0000
0000
0000
0000
0000
0000
0000
0000
ff00
0004
7dea
43ee
0000
0000
0000
0000
0000
0000
0000
0000
0000
0000
0000
0000
0000
0000
0004
3051
0000
0000
0000
0000
0000
0000
0000
0000
0002
7fff
0000
0000
0000
0000
0000
0000
0000
0000
0000
0000
0000
0000
0000
0000
0000
0000
0000
0000
0000
0000
0000
0000
0000
0000
0000
0000
0000
0000
0000
0000
0000
0100
0000
ff00
0004
7e18
223c
0000
0007
43ee
0000
0000
0000
0000
0000
0000
0000
0000
0000
0000
0000
000a
0399
0000
0000
0000
0000
0000
0000
0000
0000
0002
c000
0000
0000
0000
0000
0000
0000
0000
0000
0000
0000
0000
0000
0000
0000
0000
0000
0000
0000
0000
0000
0000
0000
0000
0000
0000
0000
0000
0000
0000
0000
0000
0100
0000
ff00
0004
7e57
203c
1234
5678
0000
0000
0000
0000
0000
0000
0000
0000
0000
0000
0000
0000
0006
0240
ff00
0000
0000
0000
0000
0000
0000
0000
0004
0000
0000
0000
0000
0000
0000
0000
0000
0000
0000
0000
0000
0000
0000
0000
0000
0000
0000
0000
0000
0000
0000
0000
0000
0000
0000
0000
0000
0000
0000
0000
0000
0000
0000
ff00
0004
7e88
203c
aabb
cc01
0000
0000
0000
0000
0000
0000
0000
0000
0000
0000
0000
0000
0006
0000
0080
0000
0000
0000
0000
0000
0000
0000
0004
0000
0000
0000
0000
0000
0000
0000
0000
0000
0000
0000
0000
0000
0000
0000
0000
0000
0000
0000
0000
0000
0000
0000
0000
0000
0000
0000
0000
0000
0000
0000
0000
0000
0000
ff00
0004
7eac
203c
8000
0000
0000
0000
0000
0000
0000
0000
0000
0000
0000
0000
0000
0000
0006
e9c0
10c1
0000
0000
0000
0000
0000
0000
0000
0004
0000
0000
0000
0000
0000
0000
0000
0000
0000
0000
0000
0000
0000
0000
0000
0000
0000
0000
0000
0000
0000
0000
0000
0000
0000
0000
0000
0000
0000
0000
0000
0000
0000
0000
ff00
0004
7ee4
203c
ffff
ffff
223c
cafe
babe
0000
0000
0000
0000
0000
0000
0000
0000
0000
000c
efc0
1000
0000
0000
0000
0000
0000
0000
0000
0004
0000
0000
0000
0000
0000
0000
0000
0000
0000
0000
0000
0000
0000
0000
0000
0000
0000
0000
0000
0000
0000
0000
0000
0000
0000
0000
0000
0000
0000
0000
0000
0000
0000
0000
ff00
0004
7f25
203c
ffff
ffff
0000
0000
0000
0000
0000
0000
0000
0000
0000
0000
0000
0000
0006
ecc0
0000
0000
0000
0000
0000
0000
0000
0000
0004
0000
0000
0000
0000
0000
0000
0000
0000
0000
0000
0000
0000
0000
0000
0000
0000
0000
0000
0000
0000
0000
0000
0000
0000
0000
0000
0000
0000
0000
0000
0000
0000
0000
0000
ff00
0004
7f55
203c
0000
0000
0000
0000
0000
0000
0000
0000
0000
0000
0000
0000
0000
0000
0006
eec0
0000
0000
0000
0000
0000
0000
0000
0000
0004
0000
0000
0000
0000
0000
0000
0000
0000
0000
0000
0000
0000
0000
0000
0000
0000
0000
0000
0000
0000
0000
0000
0000
0000
0000
0000
0000
0000
0000
0000
0000
0000
0000
0000
ff00
0004
7f83
203c
ffff
ffff
223c
ffff
ffff
0000
0000
0000
0000
0000
0000
0000
0000
0000
000c
4c01
0800
0000
0000
0000
0000
0000
0000
0000
0004
0000
0000
0000
0000
0000
0000
0000
0000
0000
0000
0000
0000
0000
0000
0000
0000
0000
0000
0000
0000
0000
0000
0000
0000
0000
0000
0000
0000
0000
0000
0000
0000
0000
0000
ff00
0004
7fa5
203c
0000
0000
223c
cafe
babe
0000
0000
0000
0000
0000
0000
0000
0000
0000
000c
4c01
0000
0000
0000
0000
0000
0000
0000
0000
0004
0000
0000
0000
0000
0000
0000
0000
0000
0000
0000
0000
0000
0000
0000
0000
0000
0000
0000
0000
0000
0000
0000
0000
0000
0000
0000
0000
0000
0000
0000
0000
0000
0000
0000
ff00
0004
7fc5
203c
ffff
fff6
223c
0000
0004
243c
0000
0000
0000
0000
0000
0000
0000
0000
0012
4c41
0802
0000
0000
0000
0000
0000
0000
0000
0004
0000
0000
0000
0000
0000
0000
0000
0000
0000
0000
0000
0000
0000
0000
0000
0000
0000
0000
0000
0000
0000
0000
0000
0000
0000
0000
0000
0000
0000
0000
0000
0000
0000
0000
ff00
0004
8003
0000
0000
0000
0000
0000
0000
0000
0000
0000
0000
0000
0000
0000
0000
0000
0000
222e
0010
0000
0000
0000
0000
0000
0000
0000
0004
0000
0000
0000
0000
0000
0000
0000
0000
1122
3344
0000
0000
0000
0000
0000
0000
0000
0000
0000
0000
0000
0000
0000
0000
0000
0000
0000
0000
0000
0000
0000
0000
0100
0000
ff00
0004
8036
203c
dead
beef
0000
0000
0000
0000
0000
0000
0000
0000
0000
0000
0000
0000
0006
486e
0004
201f
0000
0000
0000
0000
0000
0000
0006
0000
0000
0000
0000
0000
0000
0000
0000
0000
0000
0000
0000
0000
0000
0000
0000
0000
0000
0000
0000
0000
0000
0000
0000
0000
0000
0000
0000
0000
0000
0000
0000
0000
0000
ff00
0004
806d
203c
0000
0002
0000
0000
0000
0000
0000
0000
0000
0000
0000
0000
0000
0000
0006
43f6
0808
0000
0000
0000
0000
0000
0000
0000
0004
0000
0000
0000
0000
0000
0000
0000
0000
0000
0000
0000
0000
0000
0000
0000
0000
0000
0000
0000
0000
0000
0000
0000
0000
0000
0000
0000
0000
0000
0000
0000
0000
0000
0000
ff00
0004
809e
203c
0000
0000
0000
0000
0000
0000
0000
0000
0000
0000
0000
0000
0000
0000
0006
4a3b
0004
6002
8000
0000
0000
0000
0000
0000
0008
0000
0000
0000
0000
0000
0000
0000
0000
0000
0000
0000
0000
0000
0000
0000
0000
0000
0000
0000
0000
0000
0000
0000
0000
0000
0000
0000
0000
0000
0000
0000
0000
0000
0000
ff00
0004
80bf
203c
0000
0000
0000
0000
0000
0000
0000
0000
0000
0000
0000
0000
0000
0000
0006
5280
5280
5280
5280
0000
0000
0000
0000
0000
0008
0000
0000
0000
0000
0000
0000
0000
0000
0000
0000
0000
0000
0000
0000
0000
0000
0000
0000
0000
0000
0000
0000
0000
0000
0000
0000
0000
0000
0000
0000
0000
0000
0000
0000
ff00
0004
80d7
0000
0000
0000
0000
0000
0000
0000
0000
0000
0000
0000
0000
0000
0000
0000
0000
4afc
0000
0000
0000
0000
0000
0000
0000
0000
0002
0000
0000
0000
0000
0000
0000
0000
0000
0000
0000
0000
0000
0000
0000
0000
0000
0000
0000
0000
0000
0000
0000
0000
0000
0000
0000
0000
0000
0000
0000
0000
0000
0000
0100
ff00
0004
80fc
41ee
0000
0000
0000
0000
0000
0000
0000
0000
0000
0000
0000
0000
0000
0000
0004
06d0
0000
0000
0000
0000
0000
0000
0000
0000
0004
0000
0000
0000
0000
0000
0000
0000
0000
0000
0000
0000
0000
0000
0000
0000
0000
0000
0000
0000
0000
0000
0000
0000
0000
0000
0000
0000
0000
0000
0000
0000
0000
0000
0100
ff00
0004
812b
0000
0000
0000
0000
0000
0000
0000
0000
0000
0000
0000
0000
0000
0000
0000
0000
06c0
0000
0000
0000
0000
0000
0000
0000
0000
0002
0000
0000
0000
0000
0000
0000
0000
0000
0000
0000
0000
0000
0000
0000
0000
0000
0000
0000
0000
0000
0000
0000
0000
0000
0000
0000
0000
0000
0000
0000
0000
0000
0000
0100
ff00
0004
816a
203c
0000
0100
0000
0000
0000
0000
0000
0000
0000
0000
0000
0000
0000
0000
0006
80fc
0000
0000
0000
0000
0000
0000
0000
0000
0004
0000
0000
0000
0000
0000
0000
0000
0000
0000
0000
0000
0000
0000
0000
0000
0000
0000
0000
0000
0000
0000
0000
0000
0000
0000
0000
0000
0000
0000
0000
0000
0000
0000
0100
ff00
0004
818b
203c
0000
0100
0000
0000
0000
0000
0000
0000
0000
0000
0000
0000
0000
0000
0006
81fc
0000
0000
0000
0000
0000
0000
0000
0000
0004
0000
0000
0000
0000
0000
0000
0000
0000
0000
0000
0000
0000
0000
0000
0000
0000
0000
0000
0000
0000
0000
0000
0000
0000
0000
0000
0000
0000
0000
0000
0000
0000
0000
0100
ff00
0004
81ac
203c
0000
0064
223c
0000
000a
0000
0000
0000
0000
0000
0000
0000
0000
0000
000c
4181
0000
0000
0000
0000
0000
0000
0000
0000
0002
0000
0000
0000
0000
0000
0000
0000
0000
0000
0000
0000
0000
0000
0000
0000
0000
0000
0000
0000
0000
0000
0000
0000
0000
0000
0000
0000
0000
0000
0000
0000
0000
0000
0100
ff00
0004
81dc
203c
ffff
ffff
223c
0000
0064
0000
0000
0000
0000
0000
0000
0000
0000
0000
000c
4181
0000
0000
0000
0000
0000
0000
0000
0000
0002
0000
0000
0000
0000
0000
0000
0000
0000
0000
0000
0000
0000
0000
0000
0000
0000
0000
0000
0000
0000
0000
0000
0000
0000
0000
0000
0000
0000
0000
0000
0000
0000
0000
0100
ff00
0004
8207
0000
0000
0000
0000
0000
0000
0000
0000
0000
0000
0000
0000
0000
0000
0000
0000
44fc
0002
4e76
0000
0000
0000
0000
0000
0000
0006
0000
0000
0000
0000
0000
0000
0000
0000
0000
0000
0000
0000
0000
0000
0000
0000
0000
0000
0000
0000
0000
0000
0000
0000
0000
0000
0000
0000
0000
0000
0000
0000
0000
0100
ff00
0004
8234
0000
0000
0000
0000
0000
0000
0000
0000
0000
0000
0000
0000
0000
0000
0000
0000
4e40
0000
0000
0000
0000
0000
0000
0000
0000
0002
0000
0000
0000
0000
0000
0000
0000
0000
0000
0000
0000
0000
0000
0000
0000
0000
0000
0000
0000
0000
0000
0000
0000
0000
0000
0000
0000
0000
0000
0000
0000
0000
0000
0100
ff00
0004
8251
0000
0000
0000
0000
0000
0000
0000
0000
0000
0000
0000
0000
0000
0000
0000
0000
4e47
0000
0000
0000
0000
0000
0000
0000
0000
0002
0000
0000
0000
0000
0000
0000
0000
0000
0000
0000
0000
0000
0000
0000
0000
0000
0000
0000
0000
0000
0000
0000
0000
0000
0000
0000
0000
0000
0000
0000
0000
0000
0000
0100
ff00
0004
826e
0000
0000
0000
0000
0000
0000
0000
0000
0000
0000
0000
0000
0000
0000
0000
0000
4e4f
0000
0000
0000
0000
0000
0000
0000
0000
0002
0000
0000
0000
0000
0000
0000
0000
0000
0000
0000
0000
0000
0000
0000
0000
0000
0000
0000
0000
0000
0000
0000
0000
0000
0000
0000
0000
0000
0000
0000
0000
0000
0000
0100
ff00
0004
828c
41ee
0001
0000
0000
0000
0000
0000
0000
0000
0000
0000
0000
0000
0000
0000
0004
4ed0
0000
0000
0000
0000
0000
0000
0000
0000
0002
0000
0000
0000
0000
0000
0000
0000
0000
0000
0000
0000
0000
0000
0000
0000
0000
0000
0000
0000
0000
0000
0000
0000
0000
0000
0000
0000
0000
0000
0000
0000
0000
0000
0100
ff00
0004
82bc
0000
0000
0000
0000
0000
0000
0000
0000
0000
0000
0000
0000
0000
0000
0000
0000
a000
0000
0000
0000
0000
0000
0000
0000
0000
0002
0000
0000
0000
0000
0000
0000
0000
0000
0000
0000
0000
0000
0000
0000
0000
0000
0000
0000
0000
0000
0000
0000
0000
0000
0000
0000
0000
0000
0000
0000
0000
0000
0000
0101
ff00
0004
82e3
0000
0000
0000
0000
0000
0000
0000
0000
0000
0000
0000
0000
0000
0000
0000
0000
4e71
0000
0000
0000
0000
0000
0000
0000
0000
0002
0000
0000
0000
0000
0000
0000
0000
0000
0000
0000
0000
0000
0000
0000
0000
0000
0000
0000
0000
0000
0000
0000
0000
0000
0000
0000
0000
0000
0000
0000
0000
0000
0000
0000
ff00
